tauri-driver smoke · Ubuntu 24.04	Set up job	﻿2026-04-20T07:26:42.8328654Z Current runner version: '2.333.1'
tauri-driver smoke · Ubuntu 24.04	Set up job	2026-04-20T07:26:42.8408056Z ##[group]Runner Image Provisioner
tauri-driver smoke · Ubuntu 24.04	Set up job	2026-04-20T07:26:42.8409333Z Hosted Compute Agent
tauri-driver smoke · Ubuntu 24.04	Set up job	2026-04-20T07:26:42.8410317Z Version: 20260213.493
tauri-driver smoke · Ubuntu 24.04	Set up job	2026-04-20T07:26:42.8411324Z Commit: 5c115507f6dd24b8de37d8bbe0bb4509d0cc0fa3
tauri-driver smoke · Ubuntu 24.04	Set up job	2026-04-20T07:26:42.8433180Z Build Date: 2026-02-13T00:28:41Z
tauri-driver smoke · Ubuntu 24.04	Set up job	2026-04-20T07:26:42.8434302Z Worker ID: {86390d75-47d3-44a5-9511-8949c93d0228}
tauri-driver smoke · Ubuntu 24.04	Set up job	2026-04-20T07:26:42.8435610Z Azure Region: northcentralus
tauri-driver smoke · Ubuntu 24.04	Set up job	2026-04-20T07:26:42.8436715Z ##[endgroup]
tauri-driver smoke · Ubuntu 24.04	Set up job	2026-04-20T07:26:42.8438940Z ##[group]Operating System
tauri-driver smoke · Ubuntu 24.04	Set up job	2026-04-20T07:26:42.8439991Z Ubuntu
tauri-driver smoke · Ubuntu 24.04	Set up job	2026-04-20T07:26:42.8440715Z 24.04.4
tauri-driver smoke · Ubuntu 24.04	Set up job	2026-04-20T07:26:42.8441448Z LTS
tauri-driver smoke · Ubuntu 24.04	Set up job	2026-04-20T07:26:42.8442117Z ##[endgroup]
tauri-driver smoke · Ubuntu 24.04	Set up job	2026-04-20T07:26:42.8443443Z ##[group]Runner Image
tauri-driver smoke · Ubuntu 24.04	Set up job	2026-04-20T07:26:42.8444369Z Image: ubuntu-24.04
tauri-driver smoke · Ubuntu 24.04	Set up job	2026-04-20T07:26:42.8445218Z Version: 20260413.86.1
tauri-driver smoke · Ubuntu 24.04	Set up job	2026-04-20T07:26:42.8447140Z Included Software: https://github.com/actions/runner-images/blob/ubuntu24/20260413.86/images/ubuntu/Ubuntu2404-Readme.md
tauri-driver smoke · Ubuntu 24.04	Set up job	2026-04-20T07:26:42.8450088Z Image Release: https://github.com/actions/runner-images/releases/tag/ubuntu24%2F20260413.86
tauri-driver smoke · Ubuntu 24.04	Set up job	2026-04-20T07:26:42.8451729Z ##[endgroup]
tauri-driver smoke · Ubuntu 24.04	Set up job	2026-04-20T07:26:42.8473779Z ##[group]GITHUB_TOKEN Permissions
tauri-driver smoke · Ubuntu 24.04	Set up job	2026-04-20T07:26:42.8477071Z Contents: read
tauri-driver smoke · Ubuntu 24.04	Set up job	2026-04-20T07:26:42.8477972Z Metadata: read
tauri-driver smoke · Ubuntu 24.04	Set up job	2026-04-20T07:26:42.8478766Z ##[endgroup]
tauri-driver smoke · Ubuntu 24.04	Set up job	2026-04-20T07:26:42.8482050Z Secret source: Actions
tauri-driver smoke · Ubuntu 24.04	Set up job	2026-04-20T07:26:42.8483751Z Prepare workflow directory
tauri-driver smoke · Ubuntu 24.04	Set up job	2026-04-20T07:26:42.9712925Z Prepare all required actions
tauri-driver smoke · Ubuntu 24.04	Set up job	2026-04-20T07:26:42.9771716Z Getting action download info
tauri-driver smoke · Ubuntu 24.04	Set up job	2026-04-20T07:26:43.4607789Z Download action repository 'actions/checkout@v6' (SHA:de0fac2e4500dabe0009e67214ff5f5447ce83dd)
tauri-driver smoke · Ubuntu 24.04	Set up job	2026-04-20T07:26:43.5776529Z Download action repository 'actions/setup-node@v6' (SHA:48b55a011bda9f5d6aeb4c2d9c7362e8dae4041e)
tauri-driver smoke · Ubuntu 24.04	Set up job	2026-04-20T07:26:44.2002675Z Download action repository 'dtolnay/rust-toolchain@stable' (SHA:29eef336d9b2848a0b548edc03f92a220660cdb8)
tauri-driver smoke · Ubuntu 24.04	Set up job	2026-04-20T07:26:44.4439350Z Download action repository 'actions/cache@v5' (SHA:27d5ce7f107fe9357f9df03efb73ab90386fccae)
tauri-driver smoke · Ubuntu 24.04	Set up job	2026-04-20T07:26:44.9856138Z Download action repository 'actions/upload-artifact@v4' (SHA:ea165f8d65b6e75b540449e92b4886f43607fa02)
tauri-driver smoke · Ubuntu 24.04	Set up job	2026-04-20T07:26:45.3019378Z Complete job name: tauri-driver smoke · Ubuntu 24.04
tauri-driver smoke · Ubuntu 24.04	Checkout	﻿2026-04-20T07:26:45.3861500Z ##[group]Run actions/checkout@v6
tauri-driver smoke · Ubuntu 24.04	Checkout	2026-04-20T07:26:45.3863277Z with:
tauri-driver smoke · Ubuntu 24.04	Checkout	2026-04-20T07:26:45.3864028Z   repository: tajiaoyezi/vibestation
tauri-driver smoke · Ubuntu 24.04	Checkout	2026-04-20T07:26:45.3865299Z   token: ***
tauri-driver smoke · Ubuntu 24.04	Checkout	2026-04-20T07:26:45.3865987Z   ssh-strict: true
tauri-driver smoke · Ubuntu 24.04	Checkout	2026-04-20T07:26:45.3866687Z   ssh-user: git
tauri-driver smoke · Ubuntu 24.04	Checkout	2026-04-20T07:26:45.3867418Z   persist-credentials: true
tauri-driver smoke · Ubuntu 24.04	Checkout	2026-04-20T07:26:45.3868218Z   clean: true
tauri-driver smoke · Ubuntu 24.04	Checkout	2026-04-20T07:26:45.3868958Z   sparse-checkout-cone-mode: true
tauri-driver smoke · Ubuntu 24.04	Checkout	2026-04-20T07:26:45.3869860Z   fetch-depth: 1
tauri-driver smoke · Ubuntu 24.04	Checkout	2026-04-20T07:26:45.3870556Z   fetch-tags: false
tauri-driver smoke · Ubuntu 24.04	Checkout	2026-04-20T07:26:45.3871289Z   show-progress: true
tauri-driver smoke · Ubuntu 24.04	Checkout	2026-04-20T07:26:45.3872031Z   lfs: false
tauri-driver smoke · Ubuntu 24.04	Checkout	2026-04-20T07:26:45.3872908Z   submodules: false
tauri-driver smoke · Ubuntu 24.04	Checkout	2026-04-20T07:26:45.3873649Z   set-safe-directory: true
tauri-driver smoke · Ubuntu 24.04	Checkout	2026-04-20T07:26:45.3874785Z ##[endgroup]
tauri-driver smoke · Ubuntu 24.04	Checkout	2026-04-20T07:26:45.5031704Z Syncing repository: tajiaoyezi/vibestation
tauri-driver smoke · Ubuntu 24.04	Checkout	2026-04-20T07:26:45.5036224Z ##[group]Getting Git version info
tauri-driver smoke · Ubuntu 24.04	Checkout	2026-04-20T07:26:45.5038339Z Working directory is '/home/runner/work/vibestation/vibestation'
tauri-driver smoke · Ubuntu 24.04	Checkout	2026-04-20T07:26:45.5045756Z [command]/usr/bin/git version
tauri-driver smoke · Ubuntu 24.04	Checkout	2026-04-20T07:26:45.5049398Z git version 2.53.0
tauri-driver smoke · Ubuntu 24.04	Checkout	2026-04-20T07:26:45.5068880Z ##[endgroup]
tauri-driver smoke · Ubuntu 24.04	Checkout	2026-04-20T07:26:45.5089016Z Temporarily overriding HOME='/home/runner/work/_temp/2b35765a-aaf2-4230-a0af-7b89684542f7' before making global git config changes
tauri-driver smoke · Ubuntu 24.04	Checkout	2026-04-20T07:26:45.5094731Z Adding repository directory to the temporary git global config as a safe directory
tauri-driver smoke · Ubuntu 24.04	Checkout	2026-04-20T07:26:45.5099440Z [command]/usr/bin/git config --global --add safe.directory /home/runner/work/vibestation/vibestation
tauri-driver smoke · Ubuntu 24.04	Checkout	2026-04-20T07:26:45.5145910Z Deleting the contents of '/home/runner/work/vibestation/vibestation'
tauri-driver smoke · Ubuntu 24.04	Checkout	2026-04-20T07:26:45.5151435Z ##[group]Initializing the repository
tauri-driver smoke · Ubuntu 24.04	Checkout	2026-04-20T07:26:45.5161641Z [command]/usr/bin/git init /home/runner/work/vibestation/vibestation
tauri-driver smoke · Ubuntu 24.04	Checkout	2026-04-20T07:26:45.5265793Z hint: Using 'master' as the name for the initial branch. This default branch name
tauri-driver smoke · Ubuntu 24.04	Checkout	2026-04-20T07:26:45.5268998Z hint: will change to "main" in Git 3.0. To configure the initial branch name
tauri-driver smoke · Ubuntu 24.04	Checkout	2026-04-20T07:26:45.5271946Z hint: to use in all of your new repositories, which will suppress this warning,
tauri-driver smoke · Ubuntu 24.04	Checkout	2026-04-20T07:26:45.5275609Z hint: call:
tauri-driver smoke · Ubuntu 24.04	Checkout	2026-04-20T07:26:45.5276753Z hint:
tauri-driver smoke · Ubuntu 24.04	Checkout	2026-04-20T07:26:45.5278165Z hint: 	git config --global init.defaultBranch <name>
tauri-driver smoke · Ubuntu 24.04	Checkout	2026-04-20T07:26:45.5279957Z hint:
tauri-driver smoke · Ubuntu 24.04	Checkout	2026-04-20T07:26:45.5281705Z hint: Names commonly chosen instead of 'master' are 'main', 'trunk' and
tauri-driver smoke · Ubuntu 24.04	Checkout	2026-04-20T07:26:45.5286213Z hint: 'development'. The just-created branch can be renamed via this command:
tauri-driver smoke · Ubuntu 24.04	Checkout	2026-04-20T07:26:45.5288514Z hint:
tauri-driver smoke · Ubuntu 24.04	Checkout	2026-04-20T07:26:45.5290566Z hint: 	git branch -m <name>
tauri-driver smoke · Ubuntu 24.04	Checkout	2026-04-20T07:26:45.5291992Z hint:
tauri-driver smoke · Ubuntu 24.04	Checkout	2026-04-20T07:26:45.5294150Z hint: Disable this message with "git config set advice.defaultBranchName false"
tauri-driver smoke · Ubuntu 24.04	Checkout	2026-04-20T07:26:45.5297591Z Initialized empty Git repository in /home/runner/work/vibestation/vibestation/.git/
tauri-driver smoke · Ubuntu 24.04	Checkout	2026-04-20T07:26:45.5304035Z [command]/usr/bin/git remote add origin https://github.com/tajiaoyezi/vibestation
tauri-driver smoke · Ubuntu 24.04	Checkout	2026-04-20T07:26:45.5369465Z ##[endgroup]
tauri-driver smoke · Ubuntu 24.04	Checkout	2026-04-20T07:26:45.5372516Z ##[group]Disabling automatic garbage collection
tauri-driver smoke · Ubuntu 24.04	Checkout	2026-04-20T07:26:45.5375089Z [command]/usr/bin/git config --local gc.auto 0
tauri-driver smoke · Ubuntu 24.04	Checkout	2026-04-20T07:26:45.5411084Z ##[endgroup]
tauri-driver smoke · Ubuntu 24.04	Checkout	2026-04-20T07:26:45.5413942Z ##[group]Setting up auth
tauri-driver smoke · Ubuntu 24.04	Checkout	2026-04-20T07:26:45.5415941Z Removing SSH command configuration
tauri-driver smoke · Ubuntu 24.04	Checkout	2026-04-20T07:26:45.5419537Z [command]/usr/bin/git config --local --name-only --get-regexp core\.sshCommand
tauri-driver smoke · Ubuntu 24.04	Checkout	2026-04-20T07:26:45.5460170Z [command]/usr/bin/git submodule foreach --recursive sh -c "git config --local --name-only --get-regexp 'core\.sshCommand' && git config --local --unset-all 'core.sshCommand' || :"
tauri-driver smoke · Ubuntu 24.04	Checkout	2026-04-20T07:26:45.5778896Z Removing HTTP extra header
tauri-driver smoke · Ubuntu 24.04	Checkout	2026-04-20T07:26:45.5785709Z [command]/usr/bin/git config --local --name-only --get-regexp http\.https\:\/\/github\.com\/\.extraheader
tauri-driver smoke · Ubuntu 24.04	Checkout	2026-04-20T07:26:45.5826185Z [command]/usr/bin/git submodule foreach --recursive sh -c "git config --local --name-only --get-regexp 'http\.https\:\/\/github\.com\/\.extraheader' && git config --local --unset-all 'http.https://github.com/.extraheader' || :"
tauri-driver smoke · Ubuntu 24.04	Checkout	2026-04-20T07:26:45.6070615Z Removing includeIf entries pointing to credentials config files
tauri-driver smoke · Ubuntu 24.04	Checkout	2026-04-20T07:26:45.6075530Z [command]/usr/bin/git config --local --name-only --get-regexp ^includeIf\.gitdir:
tauri-driver smoke · Ubuntu 24.04	Checkout	2026-04-20T07:26:45.6115951Z [command]/usr/bin/git submodule foreach --recursive git config --local --show-origin --name-only --get-regexp remote.origin.url
tauri-driver smoke · Ubuntu 24.04	Checkout	2026-04-20T07:26:45.6375264Z [command]/usr/bin/git config --file /home/runner/work/_temp/git-credentials-2224e35e-be5c-4e66-a999-0ca7cb39a9ac.config http.https://github.com/.extraheader AUTHORIZATION: basic ***
tauri-driver smoke · Ubuntu 24.04	Checkout	2026-04-20T07:26:45.6424643Z [command]/usr/bin/git config --local includeIf.gitdir:/home/runner/work/vibestation/vibestation/.git.path /home/runner/work/_temp/git-credentials-2224e35e-be5c-4e66-a999-0ca7cb39a9ac.config
tauri-driver smoke · Ubuntu 24.04	Checkout	2026-04-20T07:26:45.6459814Z [command]/usr/bin/git config --local includeIf.gitdir:/home/runner/work/vibestation/vibestation/.git/worktrees/*.path /home/runner/work/_temp/git-credentials-2224e35e-be5c-4e66-a999-0ca7cb39a9ac.config
tauri-driver smoke · Ubuntu 24.04	Checkout	2026-04-20T07:26:45.6495501Z [command]/usr/bin/git config --local includeIf.gitdir:/github/workspace/.git.path /github/runner_temp/git-credentials-2224e35e-be5c-4e66-a999-0ca7cb39a9ac.config
tauri-driver smoke · Ubuntu 24.04	Checkout	2026-04-20T07:26:45.6536231Z [command]/usr/bin/git config --local includeIf.gitdir:/github/workspace/.git/worktrees/*.path /github/runner_temp/git-credentials-2224e35e-be5c-4e66-a999-0ca7cb39a9ac.config
tauri-driver smoke · Ubuntu 24.04	Checkout	2026-04-20T07:26:45.6574896Z ##[endgroup]
tauri-driver smoke · Ubuntu 24.04	Checkout	2026-04-20T07:26:45.6577584Z ##[group]Fetching the repository
tauri-driver smoke · Ubuntu 24.04	Checkout	2026-04-20T07:26:45.6584673Z [command]/usr/bin/git -c protocol.version=2 fetch --no-tags --prune --no-recurse-submodules --depth=1 origin +69c7679010e56bc2777e03be73552ce32b487138:refs/remotes/origin/spike/SPIKE-08
tauri-driver smoke · Ubuntu 24.04	Checkout	2026-04-20T07:26:46.2667841Z From https://github.com/tajiaoyezi/vibestation
tauri-driver smoke · Ubuntu 24.04	Checkout	2026-04-20T07:26:46.2674003Z  * [new ref]         69c7679010e56bc2777e03be73552ce32b487138 -> origin/spike/SPIKE-08
tauri-driver smoke · Ubuntu 24.04	Checkout	2026-04-20T07:26:46.2774237Z [command]/usr/bin/git branch --list --remote origin/spike/SPIKE-08
tauri-driver smoke · Ubuntu 24.04	Checkout	2026-04-20T07:26:46.2800102Z   origin/spike/SPIKE-08
tauri-driver smoke · Ubuntu 24.04	Checkout	2026-04-20T07:26:46.2833290Z [command]/usr/bin/git rev-parse refs/remotes/origin/spike/SPIKE-08
tauri-driver smoke · Ubuntu 24.04	Checkout	2026-04-20T07:26:46.2874654Z 69c7679010e56bc2777e03be73552ce32b487138
tauri-driver smoke · Ubuntu 24.04	Checkout	2026-04-20T07:26:46.2933257Z ##[endgroup]
tauri-driver smoke · Ubuntu 24.04	Checkout	2026-04-20T07:26:46.2935871Z ##[group]Determining the checkout info
tauri-driver smoke · Ubuntu 24.04	Checkout	2026-04-20T07:26:46.2941202Z ##[endgroup]
tauri-driver smoke · Ubuntu 24.04	Checkout	2026-04-20T07:26:46.2963191Z [command]/usr/bin/git sparse-checkout disable
tauri-driver smoke · Ubuntu 24.04	Checkout	2026-04-20T07:26:46.3004906Z [command]/usr/bin/git config --local --unset-all extensions.worktreeConfig
tauri-driver smoke · Ubuntu 24.04	Checkout	2026-04-20T07:26:46.3049600Z ##[group]Checking out the ref
tauri-driver smoke · Ubuntu 24.04	Checkout	2026-04-20T07:26:46.3073388Z [command]/usr/bin/git checkout --progress --force -B spike/SPIKE-08 refs/remotes/origin/spike/SPIKE-08
tauri-driver smoke · Ubuntu 24.04	Checkout	2026-04-20T07:26:46.3945943Z Switched to a new branch 'spike/SPIKE-08'
tauri-driver smoke · Ubuntu 24.04	Checkout	2026-04-20T07:26:46.3963046Z branch 'spike/SPIKE-08' set up to track 'origin/spike/SPIKE-08'.
tauri-driver smoke · Ubuntu 24.04	Checkout	2026-04-20T07:26:46.4014902Z ##[endgroup]
tauri-driver smoke · Ubuntu 24.04	Checkout	2026-04-20T07:26:46.4211133Z [command]/usr/bin/git log -1 --format=%H
tauri-driver smoke · Ubuntu 24.04	Checkout	2026-04-20T07:26:46.4224586Z 69c7679010e56bc2777e03be73552ce32b487138
tauri-driver smoke · Ubuntu 24.04	Setup Node.js	﻿2026-04-20T07:26:46.4470203Z ##[group]Run actions/setup-node@v6
tauri-driver smoke · Ubuntu 24.04	Setup Node.js	2026-04-20T07:26:46.4470548Z with:
tauri-driver smoke · Ubuntu 24.04	Setup Node.js	2026-04-20T07:26:46.4470731Z   node-version: 20
tauri-driver smoke · Ubuntu 24.04	Setup Node.js	2026-04-20T07:26:46.4470927Z   check-latest: false
tauri-driver smoke · Ubuntu 24.04	Setup Node.js	2026-04-20T07:26:46.4471262Z   token: ***
tauri-driver smoke · Ubuntu 24.04	Setup Node.js	2026-04-20T07:26:46.4471464Z   package-manager-cache: true
tauri-driver smoke · Ubuntu 24.04	Setup Node.js	2026-04-20T07:26:46.4471704Z ##[endgroup]
tauri-driver smoke · Ubuntu 24.04	Setup Node.js	2026-04-20T07:26:46.6144072Z Found in cache @ /opt/hostedtoolcache/node/20.20.2/x64
tauri-driver smoke · Ubuntu 24.04	Setup Node.js	2026-04-20T07:26:46.6147814Z ##[group]Environment details
tauri-driver smoke · Ubuntu 24.04	Setup Node.js	2026-04-20T07:26:47.1381183Z node: v20.20.2
tauri-driver smoke · Ubuntu 24.04	Setup Node.js	2026-04-20T07:26:47.1384378Z npm: 10.8.2
tauri-driver smoke · Ubuntu 24.04	Setup Node.js	2026-04-20T07:26:47.1385173Z yarn: 1.22.22
tauri-driver smoke · Ubuntu 24.04	Setup Node.js	2026-04-20T07:26:47.1386796Z ##[endgroup]
tauri-driver smoke · Ubuntu 24.04	Enable pnpm via corepack	﻿2026-04-20T07:26:47.1486362Z ##[group]Run corepack enable
tauri-driver smoke · Ubuntu 24.04	Enable pnpm via corepack	2026-04-20T07:26:47.1486739Z [36;1mcorepack enable[0m
tauri-driver smoke · Ubuntu 24.04	Enable pnpm via corepack	2026-04-20T07:26:47.1487042Z [36;1mcorepack prepare pnpm@10.33.0 --activate[0m
tauri-driver smoke · Ubuntu 24.04	Enable pnpm via corepack	2026-04-20T07:26:47.1487348Z [36;1mpnpm --version[0m
tauri-driver smoke · Ubuntu 24.04	Enable pnpm via corepack	2026-04-20T07:26:47.1524007Z shell: /usr/bin/bash -e {0}
tauri-driver smoke · Ubuntu 24.04	Enable pnpm via corepack	2026-04-20T07:26:47.1524402Z ##[endgroup]
tauri-driver smoke · Ubuntu 24.04	Enable pnpm via corepack	2026-04-20T07:26:47.3352118Z Preparing pnpm@10.33.0 for immediate activation...
tauri-driver smoke · Ubuntu 24.04	Enable pnpm via corepack	2026-04-20T07:26:48.9368853Z ! Corepack is about to download https://registry.npmjs.org/pnpm/-/pnpm-9.15.9.tgz
tauri-driver smoke · Ubuntu 24.04	Enable pnpm via corepack	2026-04-20T07:26:50.5495667Z 9.15.9
tauri-driver smoke · Ubuntu 24.04	Setup Rust toolchain	﻿2026-04-20T07:26:50.5795815Z ##[group]Run dtolnay/rust-toolchain@stable
tauri-driver smoke · Ubuntu 24.04	Setup Rust toolchain	2026-04-20T07:26:50.5796147Z with:
tauri-driver smoke · Ubuntu 24.04	Setup Rust toolchain	2026-04-20T07:26:50.5796322Z   toolchain: stable
tauri-driver smoke · Ubuntu 24.04	Setup Rust toolchain	2026-04-20T07:26:50.5796506Z ##[endgroup]
tauri-driver smoke · Ubuntu 24.04	Setup Rust toolchain	2026-04-20T07:26:50.5904160Z ##[group]Run : parse toolchain version
tauri-driver smoke · Ubuntu 24.04	Setup Rust toolchain	2026-04-20T07:26:50.5904533Z [36;1m: parse toolchain version[0m
tauri-driver smoke · Ubuntu 24.04	Setup Rust toolchain	2026-04-20T07:26:50.5904798Z [36;1mif [[ -z $toolchain ]]; then[0m
tauri-driver smoke · Ubuntu 24.04	Setup Rust toolchain	2026-04-20T07:26:50.5905293Z [36;1m  # GitHub does not enforce `required: true` inputs itself. https://github.com/actions/runner/issues/1070[0m
tauri-driver smoke · Ubuntu 24.04	Setup Rust toolchain	2026-04-20T07:26:50.5905844Z [36;1m  echo "'toolchain' is a required input" >&2[0m
tauri-driver smoke · Ubuntu 24.04	Setup Rust toolchain	2026-04-20T07:26:50.5906122Z [36;1m  exit 1[0m
tauri-driver smoke · Ubuntu 24.04	Setup Rust toolchain	2026-04-20T07:26:50.5906427Z [36;1melif [[ $toolchain =~ ^stable' '[0-9]+' '(year|month|week|day)s?' 'ago$ ]]; then[0m
tauri-driver smoke · Ubuntu 24.04	Setup Rust toolchain	2026-04-20T07:26:50.5906816Z [36;1m  if [[ Linux == macOS ]]; then[0m
tauri-driver smoke · Ubuntu 24.04	Setup Rust toolchain	2026-04-20T07:26:50.5907306Z [36;1m    echo "toolchain=1.$((($(date -v-$(sed 's/stable \([0-9]*\) \(.\).*/\1\2/' <<< $toolchain) +%s)/60/60/24-16569)/7/6))" >> $GITHUB_OUTPUT[0m
tauri-driver smoke · Ubuntu 24.04	Setup Rust toolchain	2026-04-20T07:26:50.5907864Z [36;1m  else[0m
tauri-driver smoke · Ubuntu 24.04	Setup Rust toolchain	2026-04-20T07:26:50.5908232Z [36;1m    echo "toolchain=1.$((($(date --date "${toolchain#stable }" +%s)/60/60/24-16569)/7/6))" >> $GITHUB_OUTPUT[0m
tauri-driver smoke · Ubuntu 24.04	Setup Rust toolchain	2026-04-20T07:26:50.5908661Z [36;1m  fi[0m
tauri-driver smoke · Ubuntu 24.04	Setup Rust toolchain	2026-04-20T07:26:50.5908925Z [36;1melif [[ $toolchain =~ ^stable' 'minus' '[0-9]+' 'releases?$ ]]; then[0m
tauri-driver smoke · Ubuntu 24.04	Setup Rust toolchain	2026-04-20T07:26:50.5909424Z [36;1m  echo "toolchain=1.$((($(date +%s)/60/60/24-16569)/7/6-${toolchain//[^0-9]/}))" >> $GITHUB_OUTPUT[0m
tauri-driver smoke · Ubuntu 24.04	Setup Rust toolchain	2026-04-20T07:26:50.5910059Z [36;1melif [[ $toolchain =~ ^1\.[0-9]+$ ]]; then[0m
tauri-driver smoke · Ubuntu 24.04	Setup Rust toolchain	2026-04-20T07:26:50.5910578Z [36;1m  echo "toolchain=1.$((i=${toolchain#1.}, c=($(date +%s)/60/60/24-16569)/7/6, i+9*i*(10*i<=c)+90*i*(100*i<=c)))" >> $GITHUB_OUTPUT[0m
tauri-driver smoke · Ubuntu 24.04	Setup Rust toolchain	2026-04-20T07:26:50.5911046Z [36;1melse[0m
tauri-driver smoke · Ubuntu 24.04	Setup Rust toolchain	2026-04-20T07:26:50.5911267Z [36;1m  echo "toolchain=$toolchain" >> $GITHUB_OUTPUT[0m
tauri-driver smoke · Ubuntu 24.04	Setup Rust toolchain	2026-04-20T07:26:50.5911554Z [36;1mfi[0m
tauri-driver smoke · Ubuntu 24.04	Setup Rust toolchain	2026-04-20T07:26:50.5934730Z shell: /usr/bin/bash --noprofile --norc -e -o pipefail {0}
tauri-driver smoke · Ubuntu 24.04	Setup Rust toolchain	2026-04-20T07:26:50.5935121Z env:
tauri-driver smoke · Ubuntu 24.04	Setup Rust toolchain	2026-04-20T07:26:50.5935298Z   toolchain: stable
tauri-driver smoke · Ubuntu 24.04	Setup Rust toolchain	2026-04-20T07:26:50.5935482Z ##[endgroup]
tauri-driver smoke · Ubuntu 24.04	Setup Rust toolchain	2026-04-20T07:26:50.6039021Z ##[group]Run : construct rustup command line
tauri-driver smoke · Ubuntu 24.04	Setup Rust toolchain	2026-04-20T07:26:50.6039383Z [36;1m: construct rustup command line[0m
tauri-driver smoke · Ubuntu 24.04	Setup Rust toolchain	2026-04-20T07:26:50.6039815Z [36;1mecho "targets=$(for t in ${targets//,/ }; do echo -n ' --target' $t; done)" >> $GITHUB_OUTPUT[0m
tauri-driver smoke · Ubuntu 24.04	Setup Rust toolchain	2026-04-20T07:26:50.6040427Z [36;1mecho "components=$(for c in ${components//,/ }; do echo -n ' --component' $c; done)" >> $GITHUB_OUTPUT[0m
tauri-driver smoke · Ubuntu 24.04	Setup Rust toolchain	2026-04-20T07:26:50.6040901Z [36;1mecho "downgrade=" >> $GITHUB_OUTPUT[0m
tauri-driver smoke · Ubuntu 24.04	Setup Rust toolchain	2026-04-20T07:26:50.6061471Z shell: /usr/bin/bash --noprofile --norc -e -o pipefail {0}
tauri-driver smoke · Ubuntu 24.04	Setup Rust toolchain	2026-04-20T07:26:50.6061804Z env:
tauri-driver smoke · Ubuntu 24.04	Setup Rust toolchain	2026-04-20T07:26:50.6061967Z   targets: 
tauri-driver smoke · Ubuntu 24.04	Setup Rust toolchain	2026-04-20T07:26:50.6062144Z   components: 
tauri-driver smoke · Ubuntu 24.04	Setup Rust toolchain	2026-04-20T07:26:50.6062695Z ##[endgroup]
tauri-driver smoke · Ubuntu 24.04	Setup Rust toolchain	2026-04-20T07:26:50.6142909Z ##[group]Run : set $CARGO_HOME
tauri-driver smoke · Ubuntu 24.04	Setup Rust toolchain	2026-04-20T07:26:50.6143223Z [36;1m: set $CARGO_HOME[0m
tauri-driver smoke · Ubuntu 24.04	Setup Rust toolchain	2026-04-20T07:26:50.6143552Z [36;1mecho CARGO_HOME=${CARGO_HOME:-"$HOME/.cargo"} >> $GITHUB_ENV[0m
tauri-driver smoke · Ubuntu 24.04	Setup Rust toolchain	2026-04-20T07:26:50.6164124Z shell: /usr/bin/bash --noprofile --norc -e -o pipefail {0}
tauri-driver smoke · Ubuntu 24.04	Setup Rust toolchain	2026-04-20T07:26:50.6164454Z ##[endgroup]
tauri-driver smoke · Ubuntu 24.04	Setup Rust toolchain	2026-04-20T07:26:50.6238486Z ##[group]Run : install rustup if needed
tauri-driver smoke · Ubuntu 24.04	Setup Rust toolchain	2026-04-20T07:26:50.6238796Z [36;1m: install rustup if needed[0m
tauri-driver smoke · Ubuntu 24.04	Setup Rust toolchain	2026-04-20T07:26:50.6239070Z [36;1mif ! command -v rustup &>/dev/null; then[0m
tauri-driver smoke · Ubuntu 24.04	Setup Rust toolchain	2026-04-20T07:26:50.6239789Z [36;1m  curl --proto '=https' --tlsv1.2 --retry 10 --retry-connrefused --location --silent --show-error --fail https://sh.rustup.rs | sh -s -- --default-toolchain none -y[0m
tauri-driver smoke · Ubuntu 24.04	Setup Rust toolchain	2026-04-20T07:26:50.6240495Z [36;1m  echo "$CARGO_HOME/bin" >> $GITHUB_PATH[0m
tauri-driver smoke · Ubuntu 24.04	Setup Rust toolchain	2026-04-20T07:26:50.6240753Z [36;1mfi[0m
tauri-driver smoke · Ubuntu 24.04	Setup Rust toolchain	2026-04-20T07:26:50.6260790Z shell: /usr/bin/bash --noprofile --norc -e -o pipefail {0}
tauri-driver smoke · Ubuntu 24.04	Setup Rust toolchain	2026-04-20T07:26:50.6261124Z env:
tauri-driver smoke · Ubuntu 24.04	Setup Rust toolchain	2026-04-20T07:26:50.6261304Z   CARGO_HOME: /home/runner/.cargo
tauri-driver smoke · Ubuntu 24.04	Setup Rust toolchain	2026-04-20T07:26:50.6261534Z ##[endgroup]
tauri-driver smoke · Ubuntu 24.04	Setup Rust toolchain	2026-04-20T07:26:50.6333651Z ##[group]Run rustup toolchain install stable --profile minimal --no-self-update
tauri-driver smoke · Ubuntu 24.04	Setup Rust toolchain	2026-04-20T07:26:50.6334430Z [36;1mrustup toolchain install stable --profile minimal --no-self-update[0m
tauri-driver smoke · Ubuntu 24.04	Setup Rust toolchain	2026-04-20T07:26:50.6354914Z shell: /usr/bin/bash --noprofile --norc -e -o pipefail {0}
tauri-driver smoke · Ubuntu 24.04	Setup Rust toolchain	2026-04-20T07:26:50.6355241Z env:
tauri-driver smoke · Ubuntu 24.04	Setup Rust toolchain	2026-04-20T07:26:50.6355425Z   CARGO_HOME: /home/runner/.cargo
tauri-driver smoke · Ubuntu 24.04	Setup Rust toolchain	2026-04-20T07:26:50.6355676Z   RUSTUP_PERMIT_COPY_RENAME: 1
tauri-driver smoke · Ubuntu 24.04	Setup Rust toolchain	2026-04-20T07:26:50.6355892Z ##[endgroup]
tauri-driver smoke · Ubuntu 24.04	Setup Rust toolchain	2026-04-20T07:26:51.1113207Z info: syncing channel updates for stable-x86_64-unknown-linux-gnu
tauri-driver smoke · Ubuntu 24.04	Setup Rust toolchain	2026-04-20T07:26:51.2343936Z info: latest update on 2026-04-16 for version 1.95.0 (59807616e 2026-04-14)
tauri-driver smoke · Ubuntu 24.04	Setup Rust toolchain	2026-04-20T07:26:51.2619720Z info: removing previous version of component clippy
tauri-driver smoke · Ubuntu 24.04	Setup Rust toolchain	2026-04-20T07:26:51.2857359Z info: removing previous version of component rustfmt
tauri-driver smoke · Ubuntu 24.04	Setup Rust toolchain	2026-04-20T07:26:51.2874248Z info: removing previous version of component cargo
tauri-driver smoke · Ubuntu 24.04	Setup Rust toolchain	2026-04-20T07:26:51.2989298Z info: removing previous version of component rust-std
tauri-driver smoke · Ubuntu 24.04	Setup Rust toolchain	2026-04-20T07:26:51.3124330Z info: removing previous version of component rustc
tauri-driver smoke · Ubuntu 24.04	Setup Rust toolchain	2026-04-20T07:26:51.3195790Z info: downloading 5 components
tauri-driver smoke · Ubuntu 24.04	Setup Rust toolchain	2026-04-20T07:26:59.9864137Z 
tauri-driver smoke · Ubuntu 24.04	Setup Rust toolchain	2026-04-20T07:26:59.9954300Z   stable-x86_64-unknown-linux-gnu updated - rustc 1.95.0 (59807616e 2026-04-14) (from rustc 1.94.1 (e408947bf 2026-03-25))
tauri-driver smoke · Ubuntu 24.04	Setup Rust toolchain	2026-04-20T07:26:59.9962897Z 
tauri-driver smoke · Ubuntu 24.04	Setup Rust toolchain	2026-04-20T07:27:00.0053279Z ##[group]Run rustup default stable
tauri-driver smoke · Ubuntu 24.04	Setup Rust toolchain	2026-04-20T07:27:00.0053719Z [36;1mrustup default stable[0m
tauri-driver smoke · Ubuntu 24.04	Setup Rust toolchain	2026-04-20T07:27:00.0075583Z shell: /usr/bin/bash --noprofile --norc -e -o pipefail {0}
tauri-driver smoke · Ubuntu 24.04	Setup Rust toolchain	2026-04-20T07:27:00.0075897Z env:
tauri-driver smoke · Ubuntu 24.04	Setup Rust toolchain	2026-04-20T07:27:00.0076083Z   CARGO_HOME: /home/runner/.cargo
tauri-driver smoke · Ubuntu 24.04	Setup Rust toolchain	2026-04-20T07:27:00.0076314Z ##[endgroup]
tauri-driver smoke · Ubuntu 24.04	Setup Rust toolchain	2026-04-20T07:27:00.0175944Z info: using existing install for stable-x86_64-unknown-linux-gnu
tauri-driver smoke · Ubuntu 24.04	Setup Rust toolchain	2026-04-20T07:27:00.0183989Z info: default toolchain set to stable-x86_64-unknown-linux-gnu
tauri-driver smoke · Ubuntu 24.04	Setup Rust toolchain	2026-04-20T07:27:00.0184478Z 
tauri-driver smoke · Ubuntu 24.04	Setup Rust toolchain	2026-04-20T07:27:00.0254194Z   stable-x86_64-unknown-linux-gnu unchanged - rustc 1.95.0 (59807616e 2026-04-14)
tauri-driver smoke · Ubuntu 24.04	Setup Rust toolchain	2026-04-20T07:27:00.0255059Z 
tauri-driver smoke · Ubuntu 24.04	Setup Rust toolchain	2026-04-20T07:27:00.0288087Z ##[group]Run : create cachekey
tauri-driver smoke · Ubuntu 24.04	Setup Rust toolchain	2026-04-20T07:27:00.0288348Z [36;1m: create cachekey[0m
tauri-driver smoke · Ubuntu 24.04	Setup Rust toolchain	2026-04-20T07:27:00.0288821Z [36;1mDATE=$(rustc +stable --version --verbose | sed -ne 's/^commit-date: \(20[0-9][0-9]\)-\([01][0-9]\)-\([0-3][0-9]\)$/\1\2\3/p')[0m
tauri-driver smoke · Ubuntu 24.04	Setup Rust toolchain	2026-04-20T07:27:00.0289435Z [36;1mHASH=$(rustc +stable --version --verbose | sed -ne 's/^commit-hash: //p')[0m
tauri-driver smoke · Ubuntu 24.04	Setup Rust toolchain	2026-04-20T07:27:00.0289888Z [36;1mecho "cachekey=$(echo $DATE$HASH | head -c12)" >> $GITHUB_OUTPUT[0m
tauri-driver smoke · Ubuntu 24.04	Setup Rust toolchain	2026-04-20T07:27:00.0311485Z shell: /usr/bin/bash --noprofile --norc -e -o pipefail {0}
tauri-driver smoke · Ubuntu 24.04	Setup Rust toolchain	2026-04-20T07:27:00.0311802Z env:
tauri-driver smoke · Ubuntu 24.04	Setup Rust toolchain	2026-04-20T07:27:00.0311975Z   CARGO_HOME: /home/runner/.cargo
tauri-driver smoke · Ubuntu 24.04	Setup Rust toolchain	2026-04-20T07:27:00.0312710Z ##[endgroup]
tauri-driver smoke · Ubuntu 24.04	Setup Rust toolchain	2026-04-20T07:27:00.0662806Z ##[group]Run : disable incremental compilation
tauri-driver smoke · Ubuntu 24.04	Setup Rust toolchain	2026-04-20T07:27:00.0663162Z [36;1m: disable incremental compilation[0m
tauri-driver smoke · Ubuntu 24.04	Setup Rust toolchain	2026-04-20T07:27:00.0663462Z [36;1mif [ -z "${CARGO_INCREMENTAL+set}" ]; then[0m
tauri-driver smoke · Ubuntu 24.04	Setup Rust toolchain	2026-04-20T07:27:00.0663765Z [36;1m  echo CARGO_INCREMENTAL=0 >> $GITHUB_ENV[0m
tauri-driver smoke · Ubuntu 24.04	Setup Rust toolchain	2026-04-20T07:27:00.0664040Z [36;1mfi[0m
tauri-driver smoke · Ubuntu 24.04	Setup Rust toolchain	2026-04-20T07:27:00.0684887Z shell: /usr/bin/bash --noprofile --norc -e -o pipefail {0}
tauri-driver smoke · Ubuntu 24.04	Setup Rust toolchain	2026-04-20T07:27:00.0685206Z env:
tauri-driver smoke · Ubuntu 24.04	Setup Rust toolchain	2026-04-20T07:27:00.0685387Z   CARGO_HOME: /home/runner/.cargo
tauri-driver smoke · Ubuntu 24.04	Setup Rust toolchain	2026-04-20T07:27:00.0685613Z ##[endgroup]
tauri-driver smoke · Ubuntu 24.04	Setup Rust toolchain	2026-04-20T07:27:00.0746673Z ##[group]Run : enable colors in Cargo output
tauri-driver smoke · Ubuntu 24.04	Setup Rust toolchain	2026-04-20T07:27:00.0746985Z [36;1m: enable colors in Cargo output[0m
tauri-driver smoke · Ubuntu 24.04	Setup Rust toolchain	2026-04-20T07:27:00.0747284Z [36;1mif [ -z "${CARGO_TERM_COLOR+set}" ]; then[0m
tauri-driver smoke · Ubuntu 24.04	Setup Rust toolchain	2026-04-20T07:27:00.0747599Z [36;1m  echo CARGO_TERM_COLOR=always >> $GITHUB_ENV[0m
tauri-driver smoke · Ubuntu 24.04	Setup Rust toolchain	2026-04-20T07:27:00.0747857Z [36;1mfi[0m
tauri-driver smoke · Ubuntu 24.04	Setup Rust toolchain	2026-04-20T07:27:00.0766860Z shell: /usr/bin/bash --noprofile --norc -e -o pipefail {0}
tauri-driver smoke · Ubuntu 24.04	Setup Rust toolchain	2026-04-20T07:27:00.0767157Z env:
tauri-driver smoke · Ubuntu 24.04	Setup Rust toolchain	2026-04-20T07:27:00.0767326Z   CARGO_HOME: /home/runner/.cargo
tauri-driver smoke · Ubuntu 24.04	Setup Rust toolchain	2026-04-20T07:27:00.0767549Z   CARGO_INCREMENTAL: 0
tauri-driver smoke · Ubuntu 24.04	Setup Rust toolchain	2026-04-20T07:27:00.0767741Z ##[endgroup]
tauri-driver smoke · Ubuntu 24.04	Setup Rust toolchain	2026-04-20T07:27:00.0827469Z ##[group]Run : enable Cargo sparse registry
tauri-driver smoke · Ubuntu 24.04	Setup Rust toolchain	2026-04-20T07:27:00.0827771Z [36;1m: enable Cargo sparse registry[0m
tauri-driver smoke · Ubuntu 24.04	Setup Rust toolchain	2026-04-20T07:27:00.0828284Z [36;1m# implemented in 1.66, stabilized in 1.68, made default in 1.70[0m
tauri-driver smoke · Ubuntu 24.04	Setup Rust toolchain	2026-04-20T07:27:00.0828951Z [36;1mif [ -z "${CARGO_REGISTRIES_CRATES_IO_PROTOCOL+set}" -o -f "/home/runner/work/_temp"/.implicit_cargo_registries_crates_io_protocol ]; then[0m
tauri-driver smoke · Ubuntu 24.04	Setup Rust toolchain	2026-04-20T07:27:00.0829637Z [36;1m  if rustc +stable --version --verbose | grep -q '^release: 1\.6[89]\.'; then[0m
tauri-driver smoke · Ubuntu 24.04	Setup Rust toolchain	2026-04-20T07:27:00.0830174Z [36;1m    touch "/home/runner/work/_temp"/.implicit_cargo_registries_crates_io_protocol || true[0m
tauri-driver smoke · Ubuntu 24.04	Setup Rust toolchain	2026-04-20T07:27:00.0830670Z [36;1m    echo CARGO_REGISTRIES_CRATES_IO_PROTOCOL=sparse >> $GITHUB_ENV[0m
tauri-driver smoke · Ubuntu 24.04	Setup Rust toolchain	2026-04-20T07:27:00.0831136Z [36;1m  elif rustc +stable --version --verbose | grep -q '^release: 1\.6[67]\.'; then[0m
tauri-driver smoke · Ubuntu 24.04	Setup Rust toolchain	2026-04-20T07:27:00.0831654Z [36;1m    touch "/home/runner/work/_temp"/.implicit_cargo_registries_crates_io_protocol || true[0m
tauri-driver smoke · Ubuntu 24.04	Setup Rust toolchain	2026-04-20T07:27:00.0832133Z [36;1m    echo CARGO_REGISTRIES_CRATES_IO_PROTOCOL=git >> $GITHUB_ENV[0m
tauri-driver smoke · Ubuntu 24.04	Setup Rust toolchain	2026-04-20T07:27:00.0832872Z [36;1m  fi[0m
tauri-driver smoke · Ubuntu 24.04	Setup Rust toolchain	2026-04-20T07:27:00.0833041Z [36;1mfi[0m
tauri-driver smoke · Ubuntu 24.04	Setup Rust toolchain	2026-04-20T07:27:00.0851881Z shell: /usr/bin/bash --noprofile --norc -e -o pipefail {0}
tauri-driver smoke · Ubuntu 24.04	Setup Rust toolchain	2026-04-20T07:27:00.0852492Z env:
tauri-driver smoke · Ubuntu 24.04	Setup Rust toolchain	2026-04-20T07:27:00.0852767Z   CARGO_HOME: /home/runner/.cargo
tauri-driver smoke · Ubuntu 24.04	Setup Rust toolchain	2026-04-20T07:27:00.0853015Z   CARGO_INCREMENTAL: 0
tauri-driver smoke · Ubuntu 24.04	Setup Rust toolchain	2026-04-20T07:27:00.0853210Z   CARGO_TERM_COLOR: always
tauri-driver smoke · Ubuntu 24.04	Setup Rust toolchain	2026-04-20T07:27:00.0853407Z ##[endgroup]
tauri-driver smoke · Ubuntu 24.04	Setup Rust toolchain	2026-04-20T07:27:00.1176463Z ##[group]Run : work around spurious network errors in curl 8.0
tauri-driver smoke · Ubuntu 24.04	Setup Rust toolchain	2026-04-20T07:27:00.1176890Z [36;1m: work around spurious network errors in curl 8.0[0m
tauri-driver smoke · Ubuntu 24.04	Setup Rust toolchain	2026-04-20T07:27:00.1177414Z [36;1m# https://rust-lang.zulipchat.com/#narrow/stream/246057-t-cargo/topic/timeout.20investigation[0m
tauri-driver smoke · Ubuntu 24.04	Setup Rust toolchain	2026-04-20T07:27:00.1177998Z [36;1mif rustc +stable --version --verbose | grep -q '^release: 1\.7[01]\.'; then[0m
tauri-driver smoke · Ubuntu 24.04	Setup Rust toolchain	2026-04-20T07:27:00.1178423Z [36;1m  echo CARGO_HTTP_MULTIPLEXING=false >> $GITHUB_ENV[0m
tauri-driver smoke · Ubuntu 24.04	Setup Rust toolchain	2026-04-20T07:27:00.1178705Z [36;1mfi[0m
tauri-driver smoke · Ubuntu 24.04	Setup Rust toolchain	2026-04-20T07:27:00.1199471Z shell: /usr/bin/bash --noprofile --norc -e -o pipefail {0}
tauri-driver smoke · Ubuntu 24.04	Setup Rust toolchain	2026-04-20T07:27:00.1199802Z env:
tauri-driver smoke · Ubuntu 24.04	Setup Rust toolchain	2026-04-20T07:27:00.1199975Z   CARGO_HOME: /home/runner/.cargo
tauri-driver smoke · Ubuntu 24.04	Setup Rust toolchain	2026-04-20T07:27:00.1200334Z   CARGO_INCREMENTAL: 0
tauri-driver smoke · Ubuntu 24.04	Setup Rust toolchain	2026-04-20T07:27:00.1200563Z   CARGO_TERM_COLOR: always
tauri-driver smoke · Ubuntu 24.04	Setup Rust toolchain	2026-04-20T07:27:00.1200757Z ##[endgroup]
tauri-driver smoke · Ubuntu 24.04	Setup Rust toolchain	2026-04-20T07:27:00.1396247Z ##[group]Run rustc +stable --version --verbose
tauri-driver smoke · Ubuntu 24.04	Setup Rust toolchain	2026-04-20T07:27:00.1396582Z [36;1mrustc +stable --version --verbose[0m
tauri-driver smoke · Ubuntu 24.04	Setup Rust toolchain	2026-04-20T07:27:00.1417698Z shell: /usr/bin/bash --noprofile --norc -e -o pipefail {0}
tauri-driver smoke · Ubuntu 24.04	Setup Rust toolchain	2026-04-20T07:27:00.1418012Z env:
tauri-driver smoke · Ubuntu 24.04	Setup Rust toolchain	2026-04-20T07:27:00.1418183Z   CARGO_HOME: /home/runner/.cargo
tauri-driver smoke · Ubuntu 24.04	Setup Rust toolchain	2026-04-20T07:27:00.1418410Z   CARGO_INCREMENTAL: 0
tauri-driver smoke · Ubuntu 24.04	Setup Rust toolchain	2026-04-20T07:27:00.1418603Z   CARGO_TERM_COLOR: always
tauri-driver smoke · Ubuntu 24.04	Setup Rust toolchain	2026-04-20T07:27:00.1418801Z ##[endgroup]
tauri-driver smoke · Ubuntu 24.04	Setup Rust toolchain	2026-04-20T07:27:00.1581937Z rustc 1.95.0 (59807616e 2026-04-14)
tauri-driver smoke · Ubuntu 24.04	Setup Rust toolchain	2026-04-20T07:27:00.1583371Z binary: rustc
tauri-driver smoke · Ubuntu 24.04	Setup Rust toolchain	2026-04-20T07:27:00.1584222Z commit-hash: 59807616e1fa2540724bfbac14d7976d7e4a3860
tauri-driver smoke · Ubuntu 24.04	Setup Rust toolchain	2026-04-20T07:27:00.1585166Z commit-date: 2026-04-14
tauri-driver smoke · Ubuntu 24.04	Setup Rust toolchain	2026-04-20T07:27:00.1585855Z host: x86_64-unknown-linux-gnu
tauri-driver smoke · Ubuntu 24.04	Setup Rust toolchain	2026-04-20T07:27:00.1588071Z release: 1.95.0
tauri-driver smoke · Ubuntu 24.04	Setup Rust toolchain	2026-04-20T07:27:00.1591732Z LLVM version: 22.1.2
tauri-driver smoke · Ubuntu 24.04	Install Ubuntu deps	﻿2026-04-20T07:27:00.1669303Z ##[group]Run sudo apt-get update
tauri-driver smoke · Ubuntu 24.04	Install Ubuntu deps	2026-04-20T07:27:00.1669773Z [36;1msudo apt-get update[0m
tauri-driver smoke · Ubuntu 24.04	Install Ubuntu deps	2026-04-20T07:27:00.1670147Z [36;1msudo apt-get install -y \[0m
tauri-driver smoke · Ubuntu 24.04	Install Ubuntu deps	2026-04-20T07:27:00.1670552Z [36;1m  libwebkit2gtk-4.1-dev \[0m
tauri-driver smoke · Ubuntu 24.04	Install Ubuntu deps	2026-04-20T07:27:00.1670952Z [36;1m  webkit2gtk-driver \[0m
tauri-driver smoke · Ubuntu 24.04	Install Ubuntu deps	2026-04-20T07:27:00.1671309Z [36;1m  libgtk-3-dev \[0m
tauri-driver smoke · Ubuntu 24.04	Install Ubuntu deps	2026-04-20T07:27:00.1671685Z [36;1m  libayatana-appindicator3-dev \[0m
tauri-driver smoke · Ubuntu 24.04	Install Ubuntu deps	2026-04-20T07:27:00.1672127Z [36;1m  libsoup-3.0-dev \[0m
tauri-driver smoke · Ubuntu 24.04	Install Ubuntu deps	2026-04-20T07:27:00.1672691Z [36;1m  librsvg2-dev \[0m
tauri-driver smoke · Ubuntu 24.04	Install Ubuntu deps	2026-04-20T07:27:00.1673020Z [36;1m  patchelf \[0m
tauri-driver smoke · Ubuntu 24.04	Install Ubuntu deps	2026-04-20T07:27:00.1673337Z [36;1m  xvfb[0m
tauri-driver smoke · Ubuntu 24.04	Install Ubuntu deps	2026-04-20T07:27:00.1700844Z shell: /usr/bin/bash -e {0}
tauri-driver smoke · Ubuntu 24.04	Install Ubuntu deps	2026-04-20T07:27:00.1701184Z env:
tauri-driver smoke · Ubuntu 24.04	Install Ubuntu deps	2026-04-20T07:27:00.1701459Z   CARGO_HOME: /home/runner/.cargo
tauri-driver smoke · Ubuntu 24.04	Install Ubuntu deps	2026-04-20T07:27:00.1701831Z   CARGO_INCREMENTAL: 0
tauri-driver smoke · Ubuntu 24.04	Install Ubuntu deps	2026-04-20T07:27:00.1702155Z   CARGO_TERM_COLOR: always
tauri-driver smoke · Ubuntu 24.04	Install Ubuntu deps	2026-04-20T07:27:00.1702827Z ##[endgroup]
tauri-driver smoke · Ubuntu 24.04	Install Ubuntu deps	2026-04-20T07:27:00.7848614Z Get:1 file:/etc/apt/apt-mirrors.txt Mirrorlist [144 B]
tauri-driver smoke · Ubuntu 24.04	Install Ubuntu deps	2026-04-20T07:27:00.8753693Z Hit:6 https://packages.microsoft.com/repos/azure-cli noble InRelease
tauri-driver smoke · Ubuntu 24.04	Install Ubuntu deps	2026-04-20T07:27:00.8824027Z Hit:2 http://azure.archive.ubuntu.com/ubuntu noble InRelease
tauri-driver smoke · Ubuntu 24.04	Install Ubuntu deps	2026-04-20T07:27:00.8829520Z Get:7 https://packages.microsoft.com/ubuntu/24.04/prod noble InRelease [3600 B]
tauri-driver smoke · Ubuntu 24.04	Install Ubuntu deps	2026-04-20T07:27:00.8831359Z Get:3 http://azure.archive.ubuntu.com/ubuntu noble-updates InRelease [126 kB]
tauri-driver smoke · Ubuntu 24.04	Install Ubuntu deps	2026-04-20T07:27:00.8875397Z Get:4 http://azure.archive.ubuntu.com/ubuntu noble-backports InRelease [126 kB]
tauri-driver smoke · Ubuntu 24.04	Install Ubuntu deps	2026-04-20T07:27:00.8927182Z Get:5 http://azure.archive.ubuntu.com/ubuntu noble-security InRelease [126 kB]
tauri-driver smoke · Ubuntu 24.04	Install Ubuntu deps	2026-04-20T07:27:00.9098882Z Get:8 https://dl.google.com/linux/chrome-stable/deb stable InRelease [1825 B]
tauri-driver smoke · Ubuntu 24.04	Install Ubuntu deps	2026-04-20T07:27:01.1148620Z Get:9 https://packages.microsoft.com/ubuntu/24.04/prod noble/main amd64 Packages [120 kB]
tauri-driver smoke · Ubuntu 24.04	Install Ubuntu deps	2026-04-20T07:27:01.1338168Z Get:10 https://packages.microsoft.com/ubuntu/24.04/prod noble/main arm64 Packages [96.5 kB]
tauri-driver smoke · Ubuntu 24.04	Install Ubuntu deps	2026-04-20T07:27:01.1386652Z Get:11 https://packages.microsoft.com/ubuntu/24.04/prod noble/main armhf Packages [11.6 kB]
tauri-driver smoke · Ubuntu 24.04	Install Ubuntu deps	2026-04-20T07:27:01.1751854Z Get:12 http://azure.archive.ubuntu.com/ubuntu noble-updates/main amd64 Packages [1901 kB]
tauri-driver smoke · Ubuntu 24.04	Install Ubuntu deps	2026-04-20T07:27:01.1894274Z Get:13 http://azure.archive.ubuntu.com/ubuntu noble-updates/main Translation-en [345 kB]
tauri-driver smoke · Ubuntu 24.04	Install Ubuntu deps	2026-04-20T07:27:01.1917469Z Get:14 http://azure.archive.ubuntu.com/ubuntu noble-updates/main amd64 Components [177 kB]
tauri-driver smoke · Ubuntu 24.04	Install Ubuntu deps	2026-04-20T07:27:01.1944657Z Get:15 http://azure.archive.ubuntu.com/ubuntu noble-updates/main amd64 c-n-f Metadata [16.9 kB]
tauri-driver smoke · Ubuntu 24.04	Install Ubuntu deps	2026-04-20T07:27:01.1984173Z Get:16 http://azure.archive.ubuntu.com/ubuntu noble-updates/universe amd64 Packages [1666 kB]
tauri-driver smoke · Ubuntu 24.04	Install Ubuntu deps	2026-04-20T07:27:01.2063479Z Get:17 http://azure.archive.ubuntu.com/ubuntu noble-updates/universe Translation-en [323 kB]
tauri-driver smoke · Ubuntu 24.04	Install Ubuntu deps	2026-04-20T07:27:01.2104262Z Get:18 http://azure.archive.ubuntu.com/ubuntu noble-updates/universe amd64 Components [386 kB]
tauri-driver smoke · Ubuntu 24.04	Install Ubuntu deps	2026-04-20T07:27:01.2143528Z Get:19 http://azure.archive.ubuntu.com/ubuntu noble-updates/universe amd64 c-n-f Metadata [34.3 kB]
tauri-driver smoke · Ubuntu 24.04	Install Ubuntu deps	2026-04-20T07:27:01.2173678Z Get:20 http://azure.archive.ubuntu.com/ubuntu noble-updates/restricted amd64 Packages [2957 kB]
tauri-driver smoke · Ubuntu 24.04	Install Ubuntu deps	2026-04-20T07:27:01.2484303Z Get:21 http://azure.archive.ubuntu.com/ubuntu noble-updates/restricted Translation-en [689 kB]
tauri-driver smoke · Ubuntu 24.04	Install Ubuntu deps	2026-04-20T07:27:01.3018533Z Get:22 http://azure.archive.ubuntu.com/ubuntu noble-updates/restricted amd64 Components [212 B]
tauri-driver smoke · Ubuntu 24.04	Install Ubuntu deps	2026-04-20T07:27:01.3027449Z Get:23 http://azure.archive.ubuntu.com/ubuntu noble-updates/multiverse amd64 Packages [32.5 kB]
tauri-driver smoke · Ubuntu 24.04	Install Ubuntu deps	2026-04-20T07:27:01.3053554Z Get:24 http://azure.archive.ubuntu.com/ubuntu noble-updates/multiverse Translation-en [8208 B]
tauri-driver smoke · Ubuntu 24.04	Install Ubuntu deps	2026-04-20T07:27:01.3056952Z Get:25 http://azure.archive.ubuntu.com/ubuntu noble-updates/multiverse amd64 Components [940 B]
tauri-driver smoke · Ubuntu 24.04	Install Ubuntu deps	2026-04-20T07:27:01.3077943Z Get:26 http://azure.archive.ubuntu.com/ubuntu noble-updates/multiverse amd64 c-n-f Metadata [512 B]
tauri-driver smoke · Ubuntu 24.04	Install Ubuntu deps	2026-04-20T07:27:01.3104962Z Get:27 http://azure.archive.ubuntu.com/ubuntu noble-backports/main amd64 Components [7380 B]
tauri-driver smoke · Ubuntu 24.04	Install Ubuntu deps	2026-04-20T07:27:01.3128432Z Get:28 http://azure.archive.ubuntu.com/ubuntu noble-backports/universe amd64 Components [10.6 kB]
tauri-driver smoke · Ubuntu 24.04	Install Ubuntu deps	2026-04-20T07:27:01.3132591Z Get:29 http://azure.archive.ubuntu.com/ubuntu noble-backports/universe amd64 c-n-f Metadata [1484 B]
tauri-driver smoke · Ubuntu 24.04	Install Ubuntu deps	2026-04-20T07:27:01.3157898Z Get:30 http://azure.archive.ubuntu.com/ubuntu noble-backports/restricted amd64 Components [216 B]
tauri-driver smoke · Ubuntu 24.04	Install Ubuntu deps	2026-04-20T07:27:01.3173450Z Get:31 http://azure.archive.ubuntu.com/ubuntu noble-backports/multiverse amd64 Components [212 B]
tauri-driver smoke · Ubuntu 24.04	Install Ubuntu deps	2026-04-20T07:27:01.4004489Z Get:32 http://azure.archive.ubuntu.com/ubuntu noble-security/main amd64 Packages [1608 kB]
tauri-driver smoke · Ubuntu 24.04	Install Ubuntu deps	2026-04-20T07:27:01.4120494Z Get:33 http://azure.archive.ubuntu.com/ubuntu noble-security/main Translation-en [257 kB]
tauri-driver smoke · Ubuntu 24.04	Install Ubuntu deps	2026-04-20T07:27:01.4180027Z Get:34 http://azure.archive.ubuntu.com/ubuntu noble-security/main amd64 Components [21.5 kB]
tauri-driver smoke · Ubuntu 24.04	Install Ubuntu deps	2026-04-20T07:27:01.4191246Z Get:35 http://azure.archive.ubuntu.com/ubuntu noble-security/main amd64 c-n-f Metadata [10.8 kB]
tauri-driver smoke · Ubuntu 24.04	Install Ubuntu deps	2026-04-20T07:27:01.4653965Z Get:36 http://azure.archive.ubuntu.com/ubuntu noble-security/universe amd64 Packages [1169 kB]
tauri-driver smoke · Ubuntu 24.04	Install Ubuntu deps	2026-04-20T07:27:01.4747979Z Get:37 http://azure.archive.ubuntu.com/ubuntu noble-security/universe Translation-en [225 kB]
tauri-driver smoke · Ubuntu 24.04	Install Ubuntu deps	2026-04-20T07:27:01.4766952Z Get:38 http://azure.archive.ubuntu.com/ubuntu noble-security/universe amd64 Components [74.2 kB]
tauri-driver smoke · Ubuntu 24.04	Install Ubuntu deps	2026-04-20T07:27:01.4789111Z Get:39 http://azure.archive.ubuntu.com/ubuntu noble-security/universe amd64 c-n-f Metadata [22.9 kB]
tauri-driver smoke · Ubuntu 24.04	Install Ubuntu deps	2026-04-20T07:27:01.4823398Z Get:40 http://azure.archive.ubuntu.com/ubuntu noble-security/restricted amd64 Packages [2822 kB]
tauri-driver smoke · Ubuntu 24.04	Install Ubuntu deps	2026-04-20T07:27:01.4976566Z Get:41 http://azure.archive.ubuntu.com/ubuntu noble-security/restricted Translation-en [658 kB]
tauri-driver smoke · Ubuntu 24.04	Install Ubuntu deps	2026-04-20T07:27:01.5022760Z Get:42 http://azure.archive.ubuntu.com/ubuntu noble-security/restricted amd64 Components [212 B]
tauri-driver smoke · Ubuntu 24.04	Install Ubuntu deps	2026-04-20T07:27:01.5043598Z Get:43 http://azure.archive.ubuntu.com/ubuntu noble-security/multiverse Translation-en [7204 B]
tauri-driver smoke · Ubuntu 24.04	Install Ubuntu deps	2026-04-20T07:27:01.5057360Z Get:44 http://azure.archive.ubuntu.com/ubuntu noble-security/multiverse amd64 Components [212 B]
tauri-driver smoke · Ubuntu 24.04	Install Ubuntu deps	2026-04-20T07:27:01.5112535Z Get:45 https://dl.google.com/linux/chrome-stable/deb stable/main amd64 Packages [1221 B]
tauri-driver smoke · Ubuntu 24.04	Install Ubuntu deps	2026-04-20T07:27:11.5977345Z Fetched 16.0 MB in 2s (7349 kB/s)
tauri-driver smoke · Ubuntu 24.04	Install Ubuntu deps	2026-04-20T07:27:12.4513404Z Reading package lists...
tauri-driver smoke · Ubuntu 24.04	Install Ubuntu deps	2026-04-20T07:27:12.4839691Z Reading package lists...
tauri-driver smoke · Ubuntu 24.04	Install Ubuntu deps	2026-04-20T07:27:12.6940120Z Building dependency tree...
tauri-driver smoke · Ubuntu 24.04	Install Ubuntu deps	2026-04-20T07:27:12.6950030Z Reading state information...
tauri-driver smoke · Ubuntu 24.04	Install Ubuntu deps	2026-04-20T07:27:12.9006738Z patchelf is already the newest version (0.18.0-1.1build1).
tauri-driver smoke · Ubuntu 24.04	Install Ubuntu deps	2026-04-20T07:27:12.9008026Z xvfb is already the newest version (2:21.1.12-1ubuntu1.5).
tauri-driver smoke · Ubuntu 24.04	Install Ubuntu deps	2026-04-20T07:27:12.9009473Z The following additional packages will be installed:
tauri-driver smoke · Ubuntu 24.04	Install Ubuntu deps	2026-04-20T07:27:12.9033615Z   bubblewrap build-essential bzip2-doc gir1.2-atk-1.0 gir1.2-atspi-2.0
tauri-driver smoke · Ubuntu 24.04	Install Ubuntu deps	2026-04-20T07:27:12.9034912Z   gir1.2-ayatanaappindicator3-0.1 gir1.2-ayatanaido3-0.4
tauri-driver smoke · Ubuntu 24.04	Install Ubuntu deps	2026-04-20T07:27:12.9041406Z   gir1.2-dbusmenu-glib-0.4 gir1.2-freedesktop gir1.2-freedesktop-dev
tauri-driver smoke · Ubuntu 24.04	Install Ubuntu deps	2026-04-20T07:27:12.9042971Z   gir1.2-gdkpixbuf-2.0 gir1.2-girepository-2.0-dev gir1.2-glib-2.0-dev
tauri-driver smoke · Ubuntu 24.04	Install Ubuntu deps	2026-04-20T07:27:12.9047547Z   gir1.2-gtk-3.0 gir1.2-harfbuzz-0.0 gir1.2-javascriptcoregtk-4.1
tauri-driver smoke · Ubuntu 24.04	Install Ubuntu deps	2026-04-20T07:27:12.9048377Z   gir1.2-pango-1.0 gir1.2-rsvg-2.0 gir1.2-soup-3.0 gir1.2-webkit2-4.1
tauri-driver smoke · Ubuntu 24.04	Install Ubuntu deps	2026-04-20T07:27:12.9051180Z   glib-networking glib-networking-common glib-networking-services
tauri-driver smoke · Ubuntu 24.04	Install Ubuntu deps	2026-04-20T07:27:12.9051764Z   gobject-introspection gobject-introspection-bin gsettings-desktop-schemas
tauri-driver smoke · Ubuntu 24.04	Install Ubuntu deps	2026-04-20T07:27:12.9052605Z   gstreamer1.0-gl gstreamer1.0-plugins-base gstreamer1.0-plugins-good
tauri-driver smoke · Ubuntu 24.04	Install Ubuntu deps	2026-04-20T07:27:12.9053165Z   gstreamer1.0-x libaa1 libasyncns0 libatk-bridge2.0-dev libatk1.0-dev
tauri-driver smoke · Ubuntu 24.04	Install Ubuntu deps	2026-04-20T07:27:12.9053958Z   libatspi2.0-dev libavc1394-0 libayatana-appindicator3-1
tauri-driver smoke · Ubuntu 24.04	Install Ubuntu deps	2026-04-20T07:27:12.9054758Z   libayatana-ido3-0.4-0 libayatana-ido3-dev libayatana-indicator3-7
tauri-driver smoke · Ubuntu 24.04	Install Ubuntu deps	2026-04-20T07:27:12.9055681Z   libayatana-indicator3-dev libblkid-dev libbrotli-dev libbz2-dev libcaca0
tauri-driver smoke · Ubuntu 24.04	Install Ubuntu deps	2026-04-20T07:27:12.9056654Z   libcairo-script-interpreter2 libcairo2-dev libcdparanoia0 libdatrie-dev
tauri-driver smoke · Ubuntu 24.04	Install Ubuntu deps	2026-04-20T07:27:12.9057893Z   libdbus-1-dev libdbusmenu-glib-dev libdeflate-dev libdv4t64 libegl-dev
tauri-driver smoke · Ubuntu 24.04	Install Ubuntu deps	2026-04-20T07:27:12.9058743Z   libegl-mesa0 libegl1 libegl1-mesa-dev libepoxy-dev libflac12t64
tauri-driver smoke · Ubuntu 24.04	Install Ubuntu deps	2026-04-20T07:27:12.9059603Z   libfontconfig-dev libfreetype-dev libfribidi-dev libgdk-pixbuf-2.0-dev
tauri-driver smoke · Ubuntu 24.04	Install Ubuntu deps	2026-04-20T07:27:12.9060480Z   libgdk-pixbuf2.0-bin libgirepository-1.0-dev libgirepository-2.0-0
tauri-driver smoke · Ubuntu 24.04	Install Ubuntu deps	2026-04-20T07:27:12.9061380Z   libgirepository1.0-dev libgl-dev libgles-dev libgles1 libgles2
tauri-driver smoke · Ubuntu 24.04	Install Ubuntu deps	2026-04-20T07:27:12.9062593Z   libglib2.0-dev libglib2.0-dev-bin libglvnd-core-dev libglvnd-dev libglx-dev
tauri-driver smoke · Ubuntu 24.04	Install Ubuntu deps	2026-04-20T07:27:12.9063478Z   libgraphene-1.0-0 libgraphite2-dev libgstreamer-gl1.0-0
tauri-driver smoke · Ubuntu 24.04	Install Ubuntu deps	2026-04-20T07:27:12.9064262Z   libgstreamer-plugins-base1.0-0 libgstreamer-plugins-good1.0-0
tauri-driver smoke · Ubuntu 24.04	Install Ubuntu deps	2026-04-20T07:27:12.9065156Z   libharfbuzz-cairo0 libharfbuzz-dev libharfbuzz-gobject0 libharfbuzz-icu0
tauri-driver smoke · Ubuntu 24.04	Install Ubuntu deps	2026-04-20T07:27:12.9065975Z   libharfbuzz-subset0 libhyphen0 libice-dev libiec61883-0
tauri-driver smoke · Ubuntu 24.04	Install Ubuntu deps	2026-04-20T07:27:12.9066787Z   libjavascriptcoregtk-4.1-0 libjavascriptcoregtk-4.1-dev libjbig-dev
tauri-driver smoke · Ubuntu 24.04	Install Ubuntu deps	2026-04-20T07:27:12.9067675Z   libjpeg-dev libjpeg-turbo8-dev libjpeg8-dev liblerc-dev liblzma-dev
tauri-driver smoke · Ubuntu 24.04	Install Ubuntu deps	2026-04-20T07:27:12.9068526Z   libmanette-0.2-0 libmount-dev libmp3lame0 libmpg123-0t64 libnghttp2-dev
tauri-driver smoke · Ubuntu 24.04	Install Ubuntu deps	2026-04-20T07:27:12.9069389Z   libopengl-dev libopengl0 libopus0 liborc-0.4-0t64 libpango1.0-dev
tauri-driver smoke · Ubuntu 24.04	Install Ubuntu deps	2026-04-20T07:27:12.9070181Z   libpangoxft-1.0-0 libpipewire-0.3-0t64 libpipewire-0.3-common
tauri-driver smoke · Ubuntu 24.04	Install Ubuntu deps	2026-04-20T07:27:12.9070933Z   libpixman-1-dev libpng-dev libpng-tools libproxy1v5 libpsl-dev
tauri-driver smoke · Ubuntu 24.04	Install Ubuntu deps	2026-04-20T07:27:12.9071761Z   libpthread-stubs0-dev libpulse0 libraw1394-11 librsvg2-2 librsvg2-common
tauri-driver smoke · Ubuntu 24.04	Install Ubuntu deps	2026-04-20T07:27:12.9072932Z   libsecret-1-0 libsecret-common libselinux1-dev libsepol-dev libsharpyuv-dev
tauri-driver smoke · Ubuntu 24.04	Install Ubuntu deps	2026-04-20T07:27:12.9073791Z   libshout3 libsm-dev libsndfile1 libsoup-3.0-0 libsoup-3.0-common
tauri-driver smoke · Ubuntu 24.04	Install Ubuntu deps	2026-04-20T07:27:12.9074571Z   libspa-0.2-modules libspeex1 libsysprof-capture-4-dev libtag1v5
tauri-driver smoke · Ubuntu 24.04	Install Ubuntu deps	2026-04-20T07:27:12.9075417Z   libtag1v5-vanilla libthai-dev libtheora0 libtiff-dev libtiffxx6 libtwolame0
tauri-driver smoke · Ubuntu 24.04	Install Ubuntu deps	2026-04-20T07:27:12.9076294Z   libv4l-0t64 libv4lconvert0t64 libvisual-0.4-0 libvorbisenc2 libvpx9
tauri-driver smoke · Ubuntu 24.04	Install Ubuntu deps	2026-04-20T07:27:12.9077079Z   libwavpack1 libwayland-bin libwayland-dev libwayland-server0
tauri-driver smoke · Ubuntu 24.04	Install Ubuntu deps	2026-04-20T07:27:12.9078363Z   libwebkit2gtk-4.1-0 libwebp-dev libwebpdecoder3 libwebrtc-audio-processing1
tauri-driver smoke · Ubuntu 24.04	Install Ubuntu deps	2026-04-20T07:27:12.9079234Z   libwoff1 libx11-dev libxau-dev libxcb-render0-dev libxcb-shm0-dev
tauri-driver smoke · Ubuntu 24.04	Install Ubuntu deps	2026-04-20T07:27:12.9080106Z   libxcb1-dev libxcomposite-dev libxcursor-dev libxdamage-dev libxdmcp-dev
tauri-driver smoke · Ubuntu 24.04	Install Ubuntu deps	2026-04-20T07:27:12.9080952Z   libxext-dev libxfixes-dev libxft-dev libxi-dev libxinerama-dev
tauri-driver smoke · Ubuntu 24.04	Install Ubuntu deps	2026-04-20T07:27:12.9081733Z   libxkbcommon-dev libxrandr-dev libxrender-dev libxtst-dev libxv1
tauri-driver smoke · Ubuntu 24.04	Install Ubuntu deps	2026-04-20T07:27:12.9082768Z   pango1.0-tools python3-mako python3-markdown session-migration uuid-dev
tauri-driver smoke · Ubuntu 24.04	Install Ubuntu deps	2026-04-20T07:27:12.9083614Z   wayland-protocols x11proto-dev xdg-dbus-proxy xdg-desktop-portal
tauri-driver smoke · Ubuntu 24.04	Install Ubuntu deps	2026-04-20T07:27:12.9084346Z   xdg-desktop-portal-gtk xorg-sgml-doctools xtrans-dev
tauri-driver smoke · Ubuntu 24.04	Install Ubuntu deps	2026-04-20T07:27:12.9084922Z Suggested packages:
tauri-driver smoke · Ubuntu 24.04	Install Ubuntu deps	2026-04-20T07:27:12.9085501Z   gvfs libcairo2-doc libdatrie-doc libdv-bin oss-compat freetype2-doc
tauri-driver smoke · Ubuntu 24.04	Install Ubuntu deps	2026-04-20T07:27:12.9086376Z   libgirepository1.0-doc libglib2.0-doc libxml2-utils libgraphite2-utils
tauri-driver smoke · Ubuntu 24.04	Install Ubuntu deps	2026-04-20T07:27:12.9087292Z   libvisual-0.4-plugins libgtk-3-doc libice-doc liblzma-doc libnghttp2-doc
tauri-driver smoke · Ubuntu 24.04	Install Ubuntu deps	2026-04-20T07:27:12.9088196Z   opus-tools libpango1.0-doc pipewire pulseaudio libraw1394-doc librsvg2-bin
tauri-driver smoke · Ubuntu 24.04	Install Ubuntu deps	2026-04-20T07:27:12.9089103Z   librsvg2-doc libsm-doc libsoup-3.0-doc speex libthai-doc libwayland-doc
tauri-driver smoke · Ubuntu 24.04	Install Ubuntu deps	2026-04-20T07:27:12.9090005Z   gstreamer1.0-libav gstreamer1.0-plugins-bad gstreamer1.0-alsa libx11-doc
tauri-driver smoke · Ubuntu 24.04	Install Ubuntu deps	2026-04-20T07:27:12.9090807Z   libxcb-doc libxext-doc graphicsmagick python-mako-doc python3-beaker
tauri-driver smoke · Ubuntu 24.04	Install Ubuntu deps	2026-04-20T07:27:12.9091527Z   python-markdown-doc accountsservice evince xdg-desktop-portal-gnome
tauri-driver smoke · Ubuntu 24.04	Install Ubuntu deps	2026-04-20T07:27:13.0035094Z The following NEW packages will be installed:
tauri-driver smoke · Ubuntu 24.04	Install Ubuntu deps	2026-04-20T07:27:13.0036470Z   bubblewrap build-essential bzip2-doc gir1.2-atk-1.0 gir1.2-atspi-2.0
tauri-driver smoke · Ubuntu 24.04	Install Ubuntu deps	2026-04-20T07:27:13.0038317Z   gir1.2-ayatanaappindicator3-0.1 gir1.2-ayatanaido3-0.4
tauri-driver smoke · Ubuntu 24.04	Install Ubuntu deps	2026-04-20T07:27:13.0039398Z   gir1.2-dbusmenu-glib-0.4 gir1.2-freedesktop gir1.2-freedesktop-dev
tauri-driver smoke · Ubuntu 24.04	Install Ubuntu deps	2026-04-20T07:27:13.0040708Z   gir1.2-gdkpixbuf-2.0 gir1.2-girepository-2.0-dev gir1.2-glib-2.0-dev
tauri-driver smoke · Ubuntu 24.04	Install Ubuntu deps	2026-04-20T07:27:13.0041907Z   gir1.2-gtk-3.0 gir1.2-harfbuzz-0.0 gir1.2-javascriptcoregtk-4.1
tauri-driver smoke · Ubuntu 24.04	Install Ubuntu deps	2026-04-20T07:27:13.0043263Z   gir1.2-pango-1.0 gir1.2-rsvg-2.0 gir1.2-soup-3.0 gir1.2-webkit2-4.1
tauri-driver smoke · Ubuntu 24.04	Install Ubuntu deps	2026-04-20T07:27:13.0044374Z   glib-networking glib-networking-common glib-networking-services
tauri-driver smoke · Ubuntu 24.04	Install Ubuntu deps	2026-04-20T07:27:13.0045739Z   gobject-introspection gobject-introspection-bin gsettings-desktop-schemas
tauri-driver smoke · Ubuntu 24.04	Install Ubuntu deps	2026-04-20T07:27:13.0046989Z   gstreamer1.0-gl gstreamer1.0-plugins-base gstreamer1.0-plugins-good
tauri-driver smoke · Ubuntu 24.04	Install Ubuntu deps	2026-04-20T07:27:13.0048507Z   gstreamer1.0-x libaa1 libasyncns0 libatk-bridge2.0-dev libatk1.0-dev
tauri-driver smoke · Ubuntu 24.04	Install Ubuntu deps	2026-04-20T07:27:13.0049642Z   libatspi2.0-dev libavc1394-0 libayatana-appindicator3-1
tauri-driver smoke · Ubuntu 24.04	Install Ubuntu deps	2026-04-20T07:27:13.0050683Z   libayatana-appindicator3-dev libayatana-ido3-0.4-0 libayatana-ido3-dev
tauri-driver smoke · Ubuntu 24.04	Install Ubuntu deps	2026-04-20T07:27:13.0051834Z   libayatana-indicator3-7 libayatana-indicator3-dev libblkid-dev libbrotli-dev
tauri-driver smoke · Ubuntu 24.04	Install Ubuntu deps	2026-04-20T07:27:13.0053123Z   libbz2-dev libcaca0 libcairo-script-interpreter2 libcairo2-dev
tauri-driver smoke · Ubuntu 24.04	Install Ubuntu deps	2026-04-20T07:27:13.0054206Z   libcdparanoia0 libdatrie-dev libdbus-1-dev libdbusmenu-glib-dev
tauri-driver smoke · Ubuntu 24.04	Install Ubuntu deps	2026-04-20T07:27:13.0055382Z   libdeflate-dev libdv4t64 libegl-dev libegl-mesa0 libegl1 libegl1-mesa-dev
tauri-driver smoke · Ubuntu 24.04	Install Ubuntu deps	2026-04-20T07:27:13.0056475Z   libepoxy-dev libflac12t64 libfontconfig-dev libfreetype-dev libfribidi-dev
tauri-driver smoke · Ubuntu 24.04	Install Ubuntu deps	2026-04-20T07:27:13.0057590Z   libgdk-pixbuf-2.0-dev libgdk-pixbuf2.0-bin libgirepository-1.0-dev
tauri-driver smoke · Ubuntu 24.04	Install Ubuntu deps	2026-04-20T07:27:13.0058689Z   libgirepository-2.0-0 libgirepository1.0-dev libgl-dev libgles-dev libgles1
tauri-driver smoke · Ubuntu 24.04	Install Ubuntu deps	2026-04-20T07:27:13.0059835Z   libgles2 libglib2.0-dev libglib2.0-dev-bin libglvnd-core-dev libglvnd-dev
tauri-driver smoke · Ubuntu 24.04	Install Ubuntu deps	2026-04-20T07:27:13.0060864Z   libglx-dev libgraphene-1.0-0 libgraphite2-dev libgstreamer-gl1.0-0
tauri-driver smoke · Ubuntu 24.04	Install Ubuntu deps	2026-04-20T07:27:13.0062095Z   libgstreamer-plugins-base1.0-0 libgstreamer-plugins-good1.0-0 libgtk-3-dev
tauri-driver smoke · Ubuntu 24.04	Install Ubuntu deps	2026-04-20T07:27:13.0063573Z   libharfbuzz-cairo0 libharfbuzz-dev libharfbuzz-gobject0 libharfbuzz-icu0
tauri-driver smoke · Ubuntu 24.04	Install Ubuntu deps	2026-04-20T07:27:13.0064880Z   libharfbuzz-subset0 libhyphen0 libice-dev libiec61883-0
tauri-driver smoke · Ubuntu 24.04	Install Ubuntu deps	2026-04-20T07:27:13.0066290Z   libjavascriptcoregtk-4.1-0 libjavascriptcoregtk-4.1-dev libjbig-dev
tauri-driver smoke · Ubuntu 24.04	Install Ubuntu deps	2026-04-20T07:27:13.0067323Z   libjpeg-dev libjpeg-turbo8-dev libjpeg8-dev liblerc-dev liblzma-dev
tauri-driver smoke · Ubuntu 24.04	Install Ubuntu deps	2026-04-20T07:27:13.0068413Z   libmanette-0.2-0 libmount-dev libmp3lame0 libmpg123-0t64 libnghttp2-dev
tauri-driver smoke · Ubuntu 24.04	Install Ubuntu deps	2026-04-20T07:27:13.0069511Z   libopengl-dev libopengl0 libopus0 liborc-0.4-0t64 libpango1.0-dev
tauri-driver smoke · Ubuntu 24.04	Install Ubuntu deps	2026-04-20T07:27:13.0070519Z   libpangoxft-1.0-0 libpipewire-0.3-0t64 libpipewire-0.3-common
tauri-driver smoke · Ubuntu 24.04	Install Ubuntu deps	2026-04-20T07:27:13.0071634Z   libpixman-1-dev libpng-dev libpng-tools libproxy1v5 libpsl-dev
tauri-driver smoke · Ubuntu 24.04	Install Ubuntu deps	2026-04-20T07:27:13.0073034Z   libpthread-stubs0-dev libpulse0 libraw1394-11 librsvg2-2 librsvg2-common
tauri-driver smoke · Ubuntu 24.04	Install Ubuntu deps	2026-04-20T07:27:13.0074392Z   librsvg2-dev libsecret-1-0 libsecret-common libselinux1-dev libsepol-dev
tauri-driver smoke · Ubuntu 24.04	Install Ubuntu deps	2026-04-20T07:27:13.0075533Z   libsharpyuv-dev libshout3 libsm-dev libsndfile1 libsoup-3.0-0
tauri-driver smoke · Ubuntu 24.04	Install Ubuntu deps	2026-04-20T07:27:13.0076520Z   libsoup-3.0-common libsoup-3.0-dev libspa-0.2-modules libspeex1
tauri-driver smoke · Ubuntu 24.04	Install Ubuntu deps	2026-04-20T07:27:13.0077640Z   libsysprof-capture-4-dev libtag1v5 libtag1v5-vanilla libthai-dev libtheora0
tauri-driver smoke · Ubuntu 24.04	Install Ubuntu deps	2026-04-20T07:27:13.0078774Z   libtiff-dev libtiffxx6 libtwolame0 libv4l-0t64 libv4lconvert0t64
tauri-driver smoke · Ubuntu 24.04	Install Ubuntu deps	2026-04-20T07:27:13.0079875Z   libvisual-0.4-0 libvorbisenc2 libvpx9 libwavpack1 libwayland-bin
tauri-driver smoke · Ubuntu 24.04	Install Ubuntu deps	2026-04-20T07:27:13.0081057Z   libwayland-dev libwayland-server0 libwebkit2gtk-4.1-0 libwebkit2gtk-4.1-dev
tauri-driver smoke · Ubuntu 24.04	Install Ubuntu deps	2026-04-20T07:27:13.0082357Z   libwebp-dev libwebpdecoder3 libwebrtc-audio-processing1 libwoff1 libx11-dev
tauri-driver smoke · Ubuntu 24.04	Install Ubuntu deps	2026-04-20T07:27:13.0083471Z   libxau-dev libxcb-render0-dev libxcb-shm0-dev libxcb1-dev libxcomposite-dev
tauri-driver smoke · Ubuntu 24.04	Install Ubuntu deps	2026-04-20T07:27:13.0084501Z   libxcursor-dev libxdamage-dev libxdmcp-dev libxext-dev libxfixes-dev
tauri-driver smoke · Ubuntu 24.04	Install Ubuntu deps	2026-04-20T07:27:13.0085481Z   libxft-dev libxi-dev libxinerama-dev libxkbcommon-dev libxrandr-dev
tauri-driver smoke · Ubuntu 24.04	Install Ubuntu deps	2026-04-20T07:27:13.0086982Z   libxrender-dev libxtst-dev libxv1 pango1.0-tools python3-mako
tauri-driver smoke · Ubuntu 24.04	Install Ubuntu deps	2026-04-20T07:27:13.0090952Z   python3-markdown session-migration uuid-dev wayland-protocols
tauri-driver smoke · Ubuntu 24.04	Install Ubuntu deps	2026-04-20T07:27:13.0091931Z   webkit2gtk-driver x11proto-dev xdg-dbus-proxy xdg-desktop-portal
tauri-driver smoke · Ubuntu 24.04	Install Ubuntu deps	2026-04-20T07:27:13.0093073Z   xdg-desktop-portal-gtk xorg-sgml-doctools xtrans-dev
tauri-driver smoke · Ubuntu 24.04	Install Ubuntu deps	2026-04-20T07:27:13.0347575Z 0 upgraded, 191 newly installed, 0 to remove and 19 not upgraded.
tauri-driver smoke · Ubuntu 24.04	Install Ubuntu deps	2026-04-20T07:27:13.0348405Z Need to get 60.7 MB of archives.
tauri-driver smoke · Ubuntu 24.04	Install Ubuntu deps	2026-04-20T07:27:13.0349092Z After this operation, 264 MB of additional disk space will be used.
tauri-driver smoke · Ubuntu 24.04	Install Ubuntu deps	2026-04-20T07:27:13.0349867Z Get:1 file:/etc/apt/apt-mirrors.txt Mirrorlist [144 B]
tauri-driver smoke · Ubuntu 24.04	Install Ubuntu deps	2026-04-20T07:27:13.0764797Z Get:2 http://azure.archive.ubuntu.com/ubuntu noble-updates/main amd64 bubblewrap amd64 0.9.0-1ubuntu0.1 [50.2 kB]
tauri-driver smoke · Ubuntu 24.04	Install Ubuntu deps	2026-04-20T07:27:13.1003629Z Get:3 http://azure.archive.ubuntu.com/ubuntu noble/main amd64 build-essential amd64 12.10ubuntu1 [4928 B]
tauri-driver smoke · Ubuntu 24.04	Install Ubuntu deps	2026-04-20T07:27:13.1228135Z Get:4 http://azure.archive.ubuntu.com/ubuntu noble-updates/main amd64 bzip2-doc all 1.0.8-5.1build0.1 [499 kB]
tauri-driver smoke · Ubuntu 24.04	Install Ubuntu deps	2026-04-20T07:27:13.1505031Z Get:5 http://azure.archive.ubuntu.com/ubuntu noble/main amd64 gir1.2-atk-1.0 amd64 2.52.0-1build1 [23.1 kB]
tauri-driver smoke · Ubuntu 24.04	Install Ubuntu deps	2026-04-20T07:27:13.1729608Z Get:6 http://azure.archive.ubuntu.com/ubuntu noble/main amd64 gir1.2-freedesktop amd64 1.80.1-1 [49.7 kB]
tauri-driver smoke · Ubuntu 24.04	Install Ubuntu deps	2026-04-20T07:27:13.1959996Z Get:7 http://azure.archive.ubuntu.com/ubuntu noble/main amd64 gir1.2-atspi-2.0 amd64 2.52.0-1build1 [19.8 kB]
tauri-driver smoke · Ubuntu 24.04	Install Ubuntu deps	2026-04-20T07:27:13.2215515Z Get:8 http://azure.archive.ubuntu.com/ubuntu noble-updates/main amd64 gir1.2-gdkpixbuf-2.0 amd64 2.42.10+dfsg-3ubuntu3.3 [9482 B]
tauri-driver smoke · Ubuntu 24.04	Install Ubuntu deps	2026-04-20T07:27:13.2439413Z Get:9 http://azure.archive.ubuntu.com/ubuntu noble/main amd64 libharfbuzz-gobject0 amd64 8.3.0-2build2 [34.3 kB]
tauri-driver smoke · Ubuntu 24.04	Install Ubuntu deps	2026-04-20T07:27:13.2660152Z Get:10 http://azure.archive.ubuntu.com/ubuntu noble/main amd64 gir1.2-harfbuzz-0.0 amd64 8.3.0-2build2 [44.5 kB]
tauri-driver smoke · Ubuntu 24.04	Install Ubuntu deps	2026-04-20T07:27:13.2886876Z Get:11 http://azure.archive.ubuntu.com/ubuntu noble/main amd64 libpangoxft-1.0-0 amd64 1.52.1+ds-1build1 [20.3 kB]
tauri-driver smoke · Ubuntu 24.04	Install Ubuntu deps	2026-04-20T07:27:13.3110030Z Get:12 http://azure.archive.ubuntu.com/ubuntu noble/main amd64 gir1.2-pango-1.0 amd64 1.52.1+ds-1build1 [34.8 kB]
tauri-driver smoke · Ubuntu 24.04	Install Ubuntu deps	2026-04-20T07:27:13.3344741Z Get:13 http://azure.archive.ubuntu.com/ubuntu noble-updates/main amd64 gir1.2-gtk-3.0 amd64 3.24.41-4ubuntu1.3 [245 kB]
tauri-driver smoke · Ubuntu 24.04	Install Ubuntu deps	2026-04-20T07:27:13.3618427Z Get:14 http://azure.archive.ubuntu.com/ubuntu noble/main amd64 libayatana-ido3-0.4-0 amd64 0.10.1-1build2 [56.6 kB]
tauri-driver smoke · Ubuntu 24.04	Install Ubuntu deps	2026-04-20T07:27:13.3848637Z Get:15 http://azure.archive.ubuntu.com/ubuntu noble/main amd64 libayatana-indicator3-7 amd64 0.9.4-1build1 [31.7 kB]
tauri-driver smoke · Ubuntu 24.04	Install Ubuntu deps	2026-04-20T07:27:13.4077691Z Get:16 http://azure.archive.ubuntu.com/ubuntu noble/main amd64 libayatana-appindicator3-1 amd64 0.5.93-1build3 [24.7 kB]
tauri-driver smoke · Ubuntu 24.04	Install Ubuntu deps	2026-04-20T07:27:13.4304095Z Get:17 http://azure.archive.ubuntu.com/ubuntu noble/main amd64 gir1.2-ayatanaappindicator3-0.1 amd64 0.5.93-1build3 [5838 B]
tauri-driver smoke · Ubuntu 24.04	Install Ubuntu deps	2026-04-20T07:27:13.4530234Z Get:18 http://azure.archive.ubuntu.com/ubuntu noble/main amd64 gir1.2-ayatanaido3-0.4 amd64 0.10.1-1build2 [6410 B]
tauri-driver smoke · Ubuntu 24.04	Install Ubuntu deps	2026-04-20T07:27:13.5198866Z Get:19 http://azure.archive.ubuntu.com/ubuntu noble/main amd64 gir1.2-dbusmenu-glib-0.4 amd64 18.10.20180917~bzr492+repack1-3.1ubuntu5 [7088 B]
tauri-driver smoke · Ubuntu 24.04	Install Ubuntu deps	2026-04-20T07:27:13.5421526Z Get:20 http://azure.archive.ubuntu.com/ubuntu noble-updates/main amd64 gir1.2-glib-2.0-dev amd64 2.80.0-6ubuntu3.8 [848 kB]
tauri-driver smoke · Ubuntu 24.04	Install Ubuntu deps	2026-04-20T07:27:13.5713064Z Get:21 http://azure.archive.ubuntu.com/ubuntu noble/main amd64 gir1.2-freedesktop-dev amd64 1.80.1-1 [28.8 kB]
tauri-driver smoke · Ubuntu 24.04	Install Ubuntu deps	2026-04-20T07:27:13.5957389Z Get:22 http://azure.archive.ubuntu.com/ubuntu noble/main amd64 gir1.2-girepository-2.0-dev amd64 1.80.1-1 [41.5 kB]
tauri-driver smoke · Ubuntu 24.04	Install Ubuntu deps	2026-04-20T07:27:13.6195547Z Get:23 http://azure.archive.ubuntu.com/ubuntu noble-updates/main amd64 libjavascriptcoregtk-4.1-0 amd64 2.50.4-0ubuntu0.24.04.1 [7934 kB]
tauri-driver smoke · Ubuntu 24.04	Install Ubuntu deps	2026-04-20T07:27:13.7117314Z Get:24 http://azure.archive.ubuntu.com/ubuntu noble-updates/main amd64 gir1.2-javascriptcoregtk-4.1 amd64 2.50.4-0ubuntu0.24.04.1 [38.6 kB]
tauri-driver smoke · Ubuntu 24.04	Install Ubuntu deps	2026-04-20T07:27:13.7350917Z Get:25 http://azure.archive.ubuntu.com/ubuntu noble/main amd64 librsvg2-2 amd64 2.58.0+dfsg-1build1 [2135 kB]
tauri-driver smoke · Ubuntu 24.04	Install Ubuntu deps	2026-04-20T07:27:13.7784685Z Get:26 http://azure.archive.ubuntu.com/ubuntu noble/main amd64 gir1.2-rsvg-2.0 amd64 2.58.0+dfsg-1build1 [11.1 kB]
tauri-driver smoke · Ubuntu 24.04	Install Ubuntu deps	2026-04-20T07:27:13.8008629Z Get:27 http://azure.archive.ubuntu.com/ubuntu noble/main amd64 libproxy1v5 amd64 0.5.4-4build1 [26.5 kB]
tauri-driver smoke · Ubuntu 24.04	Install Ubuntu deps	2026-04-20T07:27:13.8234328Z Get:28 http://azure.archive.ubuntu.com/ubuntu noble/main amd64 glib-networking-common all 2.80.0-1build1 [6702 B]
tauri-driver smoke · Ubuntu 24.04	Install Ubuntu deps	2026-04-20T07:27:13.8462795Z Get:29 http://azure.archive.ubuntu.com/ubuntu noble/main amd64 glib-networking-services amd64 2.80.0-1build1 [12.8 kB]
tauri-driver smoke · Ubuntu 24.04	Install Ubuntu deps	2026-04-20T07:27:13.8686881Z Get:30 http://azure.archive.ubuntu.com/ubuntu noble/main amd64 session-migration amd64 0.3.9build1 [9034 B]
tauri-driver smoke · Ubuntu 24.04	Install Ubuntu deps	2026-04-20T07:27:13.8911312Z Get:31 http://azure.archive.ubuntu.com/ubuntu noble-updates/main amd64 gsettings-desktop-schemas all 46.1-0ubuntu1 [35.6 kB]
tauri-driver smoke · Ubuntu 24.04	Install Ubuntu deps	2026-04-20T07:27:13.9155836Z Get:32 http://azure.archive.ubuntu.com/ubuntu noble/main amd64 glib-networking amd64 2.80.0-1build1 [64.1 kB]
tauri-driver smoke · Ubuntu 24.04	Install Ubuntu deps	2026-04-20T07:27:13.9380092Z Get:33 http://azure.archive.ubuntu.com/ubuntu noble-updates/main amd64 libsoup-3.0-common all 3.4.4-5ubuntu0.7 [11.6 kB]
tauri-driver smoke · Ubuntu 24.04	Install Ubuntu deps	2026-04-20T07:27:13.9603988Z Get:34 http://azure.archive.ubuntu.com/ubuntu noble-updates/main amd64 libsoup-3.0-0 amd64 3.4.4-5ubuntu0.7 [292 kB]
tauri-driver smoke · Ubuntu 24.04	Install Ubuntu deps	2026-04-20T07:27:13.9861408Z Get:35 http://azure.archive.ubuntu.com/ubuntu noble-updates/main amd64 gir1.2-soup-3.0 amd64 3.4.4-5ubuntu0.7 [22.5 kB]
tauri-driver smoke · Ubuntu 24.04	Install Ubuntu deps	2026-04-20T07:27:14.0088296Z Get:36 http://azure.archive.ubuntu.com/ubuntu noble/main amd64 libcdparanoia0 amd64 3.10.2+debian-14build3 [48.5 kB]
tauri-driver smoke · Ubuntu 24.04	Install Ubuntu deps	2026-04-20T07:27:14.0754705Z Get:37 http://azure.archive.ubuntu.com/ubuntu noble-updates/main amd64 liborc-0.4-0t64 amd64 1:0.4.38-1ubuntu0.1 [207 kB]
tauri-driver smoke · Ubuntu 24.04	Install Ubuntu deps	2026-04-20T07:27:14.0994634Z Get:38 http://azure.archive.ubuntu.com/ubuntu noble-updates/main amd64 libgstreamer-plugins-base1.0-0 amd64 1.24.2-1ubuntu0.4 [862 kB]
tauri-driver smoke · Ubuntu 24.04	Install Ubuntu deps	2026-04-20T07:27:14.1295229Z Get:39 http://azure.archive.ubuntu.com/ubuntu noble/main amd64 libopus0 amd64 1.4-1build1 [208 kB]
tauri-driver smoke · Ubuntu 24.04	Install Ubuntu deps	2026-04-20T07:27:14.1544329Z Get:40 http://azure.archive.ubuntu.com/ubuntu noble/main amd64 libtheora0 amd64 1.1.1+dfsg.1-16.1build3 [211 kB]
tauri-driver smoke · Ubuntu 24.04	Install Ubuntu deps	2026-04-20T07:27:14.1784704Z Get:41 http://azure.archive.ubuntu.com/ubuntu noble/main amd64 libvisual-0.4-0 amd64 0.4.2-2build1 [115 kB]
tauri-driver smoke · Ubuntu 24.04	Install Ubuntu deps	2026-04-20T07:27:14.2016171Z Get:42 http://azure.archive.ubuntu.com/ubuntu noble/main amd64 libvorbisenc2 amd64 1.3.7-1build3 [80.8 kB]
tauri-driver smoke · Ubuntu 24.04	Install Ubuntu deps	2026-04-20T07:27:14.2361026Z Get:43 http://azure.archive.ubuntu.com/ubuntu noble-updates/main amd64 gstreamer1.0-plugins-base amd64 1.24.2-1ubuntu0.4 [721 kB]
tauri-driver smoke · Ubuntu 24.04	Install Ubuntu deps	2026-04-20T07:27:14.2652590Z Get:44 http://azure.archive.ubuntu.com/ubuntu noble/main amd64 libaa1 amd64 1.4p5-51.1 [49.9 kB]
tauri-driver smoke · Ubuntu 24.04	Install Ubuntu deps	2026-04-20T07:27:14.2892041Z Get:45 http://azure.archive.ubuntu.com/ubuntu noble/main amd64 libraw1394-11 amd64 2.1.2-2build3 [26.2 kB]
tauri-driver smoke · Ubuntu 24.04	Install Ubuntu deps	2026-04-20T07:27:14.3114130Z Get:46 http://azure.archive.ubuntu.com/ubuntu noble/main amd64 libavc1394-0 amd64 0.5.4-5build3 [15.4 kB]
tauri-driver smoke · Ubuntu 24.04	Install Ubuntu deps	2026-04-20T07:27:14.3343918Z Get:47 http://azure.archive.ubuntu.com/ubuntu noble-updates/main amd64 libcaca0 amd64 0.99.beta20-4ubuntu0.1 [209 kB]
tauri-driver smoke · Ubuntu 24.04	Install Ubuntu deps	2026-04-20T07:27:14.3641626Z Get:48 http://azure.archive.ubuntu.com/ubuntu noble/main amd64 libdv4t64 amd64 1.0.0-17.1build1 [63.2 kB]
tauri-driver smoke · Ubuntu 24.04	Install Ubuntu deps	2026-04-20T07:27:14.3830046Z Get:49 http://azure.archive.ubuntu.com/ubuntu noble/main amd64 libflac12t64 amd64 1.4.3+ds-2.1ubuntu2 [197 kB]
tauri-driver smoke · Ubuntu 24.04	Install Ubuntu deps	2026-04-20T07:27:14.4061000Z Get:50 http://azure.archive.ubuntu.com/ubuntu noble-updates/main amd64 libgstreamer-plugins-good1.0-0 amd64 1.24.2-1ubuntu1.3 [33.1 kB]
tauri-driver smoke · Ubuntu 24.04	Install Ubuntu deps	2026-04-20T07:27:14.4288562Z Get:51 http://azure.archive.ubuntu.com/ubuntu noble/main amd64 libiec61883-0 amd64 1.2.0-6build1 [24.5 kB]
tauri-driver smoke · Ubuntu 24.04	Install Ubuntu deps	2026-04-20T07:27:14.4521740Z Get:52 http://azure.archive.ubuntu.com/ubuntu noble/main amd64 libmp3lame0 amd64 3.100-6build1 [142 kB]
tauri-driver smoke · Ubuntu 24.04	Install Ubuntu deps	2026-04-20T07:27:14.5468313Z Get:53 http://azure.archive.ubuntu.com/ubuntu noble-updates/main amd64 libmpg123-0t64 amd64 1.32.5-1ubuntu1.1 [169 kB]
tauri-driver smoke · Ubuntu 24.04	Install Ubuntu deps	2026-04-20T07:27:14.5889223Z Get:54 http://azure.archive.ubuntu.com/ubuntu noble/main amd64 libasyncns0 amd64 0.8-6build4 [11.3 kB]
tauri-driver smoke · Ubuntu 24.04	Install Ubuntu deps	2026-04-20T07:27:14.6116126Z Get:55 http://azure.archive.ubuntu.com/ubuntu noble-updates/main amd64 libsndfile1 amd64 1.2.2-1ubuntu5.24.04.1 [209 kB]
tauri-driver smoke · Ubuntu 24.04	Install Ubuntu deps	2026-04-20T07:27:14.6878069Z Get:56 http://azure.archive.ubuntu.com/ubuntu noble-updates/main amd64 libpulse0 amd64 1:16.1+dfsg1-2ubuntu10.1 [292 kB]
tauri-driver smoke · Ubuntu 24.04	Install Ubuntu deps	2026-04-20T07:27:14.7230516Z Get:57 http://azure.archive.ubuntu.com/ubuntu noble-updates/main amd64 libspeex1 amd64 1.2.1-2ubuntu2.24.04.1 [59.6 kB]
tauri-driver smoke · Ubuntu 24.04	Install Ubuntu deps	2026-04-20T07:27:14.7464477Z Get:58 http://azure.archive.ubuntu.com/ubuntu noble/main amd64 libshout3 amd64 2.4.6-1build2 [50.3 kB]
tauri-driver smoke · Ubuntu 24.04	Install Ubuntu deps	2026-04-20T07:27:14.7693437Z Get:59 http://azure.archive.ubuntu.com/ubuntu noble/main amd64 libtag1v5-vanilla amd64 1.13.1-1build1 [326 kB]
tauri-driver smoke · Ubuntu 24.04	Install Ubuntu deps	2026-04-20T07:27:14.8027450Z Get:60 http://azure.archive.ubuntu.com/ubuntu noble/main amd64 libtag1v5 amd64 1.13.1-1build1 [11.7 kB]
tauri-driver smoke · Ubuntu 24.04	Install Ubuntu deps	2026-04-20T07:27:14.8255687Z Get:61 http://azure.archive.ubuntu.com/ubuntu noble/main amd64 libtwolame0 amd64 0.4.0-2build3 [52.3 kB]
tauri-driver smoke · Ubuntu 24.04	Install Ubuntu deps	2026-04-20T07:27:14.8485306Z Get:62 http://azure.archive.ubuntu.com/ubuntu noble/main amd64 libv4lconvert0t64 amd64 1.26.1-4build3 [87.6 kB]
tauri-driver smoke · Ubuntu 24.04	Install Ubuntu deps	2026-04-20T07:27:14.8718814Z Get:63 http://azure.archive.ubuntu.com/ubuntu noble/main amd64 libv4l-0t64 amd64 1.26.1-4build3 [46.9 kB]
tauri-driver smoke · Ubuntu 24.04	Install Ubuntu deps	2026-04-20T07:27:14.8946809Z Get:64 http://azure.archive.ubuntu.com/ubuntu noble-updates/main amd64 libvpx9 amd64 1.14.0-1ubuntu2.3 [1143 kB]
tauri-driver smoke · Ubuntu 24.04	Install Ubuntu deps	2026-04-20T07:27:14.9537514Z Get:65 http://azure.archive.ubuntu.com/ubuntu noble/main amd64 libwavpack1 amd64 5.6.0-1build1 [84.6 kB]
tauri-driver smoke · Ubuntu 24.04	Install Ubuntu deps	2026-04-20T07:27:14.9766022Z Get:66 http://azure.archive.ubuntu.com/ubuntu noble-updates/main amd64 gstreamer1.0-plugins-good amd64 1.24.2-1ubuntu1.3 [2236 kB]
tauri-driver smoke · Ubuntu 24.04	Install Ubuntu deps	2026-04-20T07:27:15.0261179Z Get:67 http://azure.archive.ubuntu.com/ubuntu noble/main amd64 libgles2 amd64 1.7.0-1build1 [17.1 kB]
tauri-driver smoke · Ubuntu 24.04	Install Ubuntu deps	2026-04-20T07:27:15.0484581Z Get:68 http://azure.archive.ubuntu.com/ubuntu noble-updates/main amd64 xdg-dbus-proxy amd64 0.1.5-1ubuntu0.2 [26.4 kB]
tauri-driver smoke · Ubuntu 24.04	Install Ubuntu deps	2026-04-20T07:27:15.0708638Z Get:69 http://azure.archive.ubuntu.com/ubuntu noble-updates/main amd64 libegl-mesa0 amd64 25.2.8-0ubuntu0.24.04.1 [117 kB]
tauri-driver smoke · Ubuntu 24.04	Install Ubuntu deps	2026-04-20T07:27:15.0942624Z Get:70 http://azure.archive.ubuntu.com/ubuntu noble/main amd64 libegl1 amd64 1.7.0-1build1 [28.7 kB]
tauri-driver smoke · Ubuntu 24.04	Install Ubuntu deps	2026-04-20T07:27:15.1168214Z Get:71 http://azure.archive.ubuntu.com/ubuntu noble-updates/main amd64 libgstreamer-gl1.0-0 amd64 1.24.2-1ubuntu0.4 [214 kB]
tauri-driver smoke · Ubuntu 24.04	Install Ubuntu deps	2026-04-20T07:27:15.1415869Z Get:72 http://azure.archive.ubuntu.com/ubuntu noble/main amd64 libharfbuzz-icu0 amd64 8.3.0-2build2 [13.3 kB]
tauri-driver smoke · Ubuntu 24.04	Install Ubuntu deps	2026-04-20T07:27:15.1639919Z Get:73 http://azure.archive.ubuntu.com/ubuntu noble/main amd64 libhyphen0 amd64 2.8.8-7build3 [26.5 kB]
tauri-driver smoke · Ubuntu 24.04	Install Ubuntu deps	2026-04-20T07:27:15.2315130Z Get:74 http://azure.archive.ubuntu.com/ubuntu noble/main amd64 libmanette-0.2-0 amd64 0.2.7-1build2 [30.6 kB]
tauri-driver smoke · Ubuntu 24.04	Install Ubuntu deps	2026-04-20T07:27:15.2540245Z Get:75 http://azure.archive.ubuntu.com/ubuntu noble/main amd64 libsecret-common all 0.21.4-1build3 [4962 B]
tauri-driver smoke · Ubuntu 24.04	Install Ubuntu deps	2026-04-20T07:27:15.2767283Z Get:76 http://azure.archive.ubuntu.com/ubuntu noble/main amd64 libsecret-1-0 amd64 0.21.4-1build3 [116 kB]
tauri-driver smoke · Ubuntu 24.04	Install Ubuntu deps	2026-04-20T07:27:15.2997538Z Get:77 http://azure.archive.ubuntu.com/ubuntu noble/main amd64 libwayland-server0 amd64 1.22.0-2.1build1 [33.9 kB]
tauri-driver smoke · Ubuntu 24.04	Install Ubuntu deps	2026-04-20T07:27:15.3247835Z Get:78 http://azure.archive.ubuntu.com/ubuntu noble/main amd64 libwoff1 amd64 1.0.2-2build1 [45.3 kB]
tauri-driver smoke · Ubuntu 24.04	Install Ubuntu deps	2026-04-20T07:27:15.3486500Z Get:79 http://azure.archive.ubuntu.com/ubuntu noble-updates/main amd64 libwebkit2gtk-4.1-0 amd64 2.50.4-0ubuntu0.24.04.1 [24.1 MB]
tauri-driver smoke · Ubuntu 24.04	Install Ubuntu deps	2026-04-20T07:27:15.7049564Z Get:80 http://azure.archive.ubuntu.com/ubuntu noble-updates/main amd64 gir1.2-webkit2-4.1 amd64 2.50.4-0ubuntu0.24.04.1 [105 kB]
tauri-driver smoke · Ubuntu 24.04	Install Ubuntu deps	2026-04-20T07:27:15.7327930Z Get:81 http://azure.archive.ubuntu.com/ubuntu noble/main amd64 python3-mako all 1.3.2-1 [63.3 kB]
tauri-driver smoke · Ubuntu 24.04	Install Ubuntu deps	2026-04-20T07:27:15.7599273Z Get:82 http://azure.archive.ubuntu.com/ubuntu noble/main amd64 python3-markdown all 3.5.2-1 [72.0 kB]
tauri-driver smoke · Ubuntu 24.04	Install Ubuntu deps	2026-04-20T07:27:15.7873585Z Get:83 http://azure.archive.ubuntu.com/ubuntu noble/main amd64 gobject-introspection-bin amd64 1.80.1-1 [254 kB]
tauri-driver smoke · Ubuntu 24.04	Install Ubuntu deps	2026-04-20T07:27:15.8162442Z Get:84 http://azure.archive.ubuntu.com/ubuntu noble-updates/main amd64 libglib2.0-dev-bin amd64 2.80.0-6ubuntu3.8 [138 kB]
tauri-driver smoke · Ubuntu 24.04	Install Ubuntu deps	2026-04-20T07:27:15.8444698Z Get:85 http://azure.archive.ubuntu.com/ubuntu noble-updates/main amd64 uuid-dev amd64 2.39.3-9ubuntu6.5 [33.5 kB]
tauri-driver smoke · Ubuntu 24.04	Install Ubuntu deps	2026-04-20T07:27:15.8716435Z Get:86 http://azure.archive.ubuntu.com/ubuntu noble-updates/main amd64 libblkid-dev amd64 2.39.3-9ubuntu6.5 [204 kB]
tauri-driver smoke · Ubuntu 24.04	Install Ubuntu deps	2026-04-20T07:27:15.9017743Z Get:87 http://azure.archive.ubuntu.com/ubuntu noble/main amd64 libsepol-dev amd64 3.5-2build1 [384 kB]
tauri-driver smoke · Ubuntu 24.04	Install Ubuntu deps	2026-04-20T07:27:15.9309628Z Get:88 http://azure.archive.ubuntu.com/ubuntu noble-updates/main amd64 libselinux1-dev amd64 3.5-2ubuntu2.1 [164 kB]
tauri-driver smoke · Ubuntu 24.04	Install Ubuntu deps	2026-04-20T07:27:15.9604304Z Get:89 http://azure.archive.ubuntu.com/ubuntu noble-updates/main amd64 libmount-dev amd64 2.39.3-9ubuntu6.5 [14.9 kB]
tauri-driver smoke · Ubuntu 24.04	Install Ubuntu deps	2026-04-20T07:27:15.9872795Z Get:90 http://azure.archive.ubuntu.com/ubuntu noble-updates/main amd64 libgirepository-2.0-0 amd64 2.80.0-6ubuntu3.8 [73.6 kB]
tauri-driver smoke · Ubuntu 24.04	Install Ubuntu deps	2026-04-20T07:27:16.0145810Z Get:91 http://azure.archive.ubuntu.com/ubuntu noble-updates/main amd64 libglib2.0-dev amd64 2.80.0-6ubuntu3.8 [1860 kB]
tauri-driver smoke · Ubuntu 24.04	Install Ubuntu deps	2026-04-20T07:27:16.0599752Z Get:92 http://azure.archive.ubuntu.com/ubuntu noble/main amd64 gobject-introspection amd64 1.80.1-1 [105 kB]
tauri-driver smoke · Ubuntu 24.04	Install Ubuntu deps	2026-04-20T07:27:16.1323742Z Get:93 http://azure.archive.ubuntu.com/ubuntu noble/main amd64 libgraphene-1.0-0 amd64 1.10.8-3build2 [46.2 kB]
tauri-driver smoke · Ubuntu 24.04	Install Ubuntu deps	2026-04-20T07:27:16.1602110Z Get:94 http://azure.archive.ubuntu.com/ubuntu noble-updates/main amd64 gstreamer1.0-gl amd64 1.24.2-1ubuntu0.4 [116 kB]
tauri-driver smoke · Ubuntu 24.04	Install Ubuntu deps	2026-04-20T07:27:16.1892901Z Get:95 http://azure.archive.ubuntu.com/ubuntu noble/main amd64 libxv1 amd64 2:1.0.11-1.1build1 [10.7 kB]
tauri-driver smoke · Ubuntu 24.04	Install Ubuntu deps	2026-04-20T07:27:16.2159809Z Get:96 http://azure.archive.ubuntu.com/ubuntu noble-updates/main amd64 gstreamer1.0-x amd64 1.24.2-1ubuntu0.4 [85.0 kB]
tauri-driver smoke · Ubuntu 24.04	Install Ubuntu deps	2026-04-20T07:27:16.2440970Z Get:97 http://azure.archive.ubuntu.com/ubuntu noble/main amd64 libatk1.0-dev amd64 2.52.0-1build1 [100 kB]
tauri-driver smoke · Ubuntu 24.04	Install Ubuntu deps	2026-04-20T07:27:16.2718785Z Get:98 http://azure.archive.ubuntu.com/ubuntu noble-updates/main amd64 libdbus-1-dev amd64 1.14.10-4ubuntu4.1 [190 kB]
tauri-driver smoke · Ubuntu 24.04	Install Ubuntu deps	2026-04-20T07:27:16.3005988Z Get:99 http://azure.archive.ubuntu.com/ubuntu noble/main amd64 xorg-sgml-doctools all 1:1.11-1.1 [10.9 kB]
tauri-driver smoke · Ubuntu 24.04	Install Ubuntu deps	2026-04-20T07:27:16.3271237Z Get:100 http://azure.archive.ubuntu.com/ubuntu noble/main amd64 x11proto-dev all 2023.2-1 [602 kB]
tauri-driver smoke · Ubuntu 24.04	Install Ubuntu deps	2026-04-20T07:27:16.3546013Z Get:101 http://azure.archive.ubuntu.com/ubuntu noble/main amd64 libxau-dev amd64 1:1.0.9-1build6 [9570 B]
tauri-driver smoke · Ubuntu 24.04	Install Ubuntu deps	2026-04-20T07:27:16.3764475Z Get:102 http://azure.archive.ubuntu.com/ubuntu noble/main amd64 libxdmcp-dev amd64 1:1.1.3-0ubuntu6 [26.5 kB]
tauri-driver smoke · Ubuntu 24.04	Install Ubuntu deps	2026-04-20T07:27:16.4148681Z Get:103 http://azure.archive.ubuntu.com/ubuntu noble/main amd64 xtrans-dev all 1.4.0-1 [68.9 kB]
tauri-driver smoke · Ubuntu 24.04	Install Ubuntu deps	2026-04-20T07:27:16.4478722Z Get:104 http://azure.archive.ubuntu.com/ubuntu noble/main amd64 libpthread-stubs0-dev amd64 0.4-1build3 [4746 B]
tauri-driver smoke · Ubuntu 24.04	Install Ubuntu deps	2026-04-20T07:27:16.4796641Z Get:105 http://azure.archive.ubuntu.com/ubuntu noble/main amd64 libxcb1-dev amd64 1.15-1ubuntu2 [85.8 kB]
tauri-driver smoke · Ubuntu 24.04	Install Ubuntu deps	2026-04-20T07:27:16.5116954Z Get:106 http://azure.archive.ubuntu.com/ubuntu noble/main amd64 libx11-dev amd64 2:1.8.7-1build1 [732 kB]
tauri-driver smoke · Ubuntu 24.04	Install Ubuntu deps	2026-04-20T07:27:16.5508351Z Get:107 http://azure.archive.ubuntu.com/ubuntu noble/main amd64 libxext-dev amd64 2:1.3.4-1build2 [83.5 kB]
tauri-driver smoke · Ubuntu 24.04	Install Ubuntu deps	2026-04-20T07:27:16.5826726Z Get:108 http://azure.archive.ubuntu.com/ubuntu noble/main amd64 libxfixes-dev amd64 1:6.0.0-2build1 [12.1 kB]
tauri-driver smoke · Ubuntu 24.04	Install Ubuntu deps	2026-04-20T07:27:16.6139956Z Get:109 http://azure.archive.ubuntu.com/ubuntu noble/main amd64 libxi-dev amd64 2:1.8.1-1build1 [194 kB]
tauri-driver smoke · Ubuntu 24.04	Install Ubuntu deps	2026-04-20T07:27:16.6473663Z Get:110 http://azure.archive.ubuntu.com/ubuntu noble/main amd64 libxtst-dev amd64 2:1.2.3-1.1build1 [15.9 kB]
tauri-driver smoke · Ubuntu 24.04	Install Ubuntu deps	2026-04-20T07:27:16.6790154Z Get:111 http://azure.archive.ubuntu.com/ubuntu noble/main amd64 libatspi2.0-dev amd64 2.52.0-1build1 [76.2 kB]
tauri-driver smoke · Ubuntu 24.04	Install Ubuntu deps	2026-04-20T07:27:16.7104699Z Get:112 http://azure.archive.ubuntu.com/ubuntu noble/main amd64 libatk-bridge2.0-dev amd64 2.52.0-1build1 [4284 B]
tauri-driver smoke · Ubuntu 24.04	Install Ubuntu deps	2026-04-20T07:27:16.7418596Z Get:113 http://azure.archive.ubuntu.com/ubuntu noble/main amd64 libcairo-script-interpreter2 amd64 1.18.0-3build1 [60.3 kB]
tauri-driver smoke · Ubuntu 24.04	Install Ubuntu deps	2026-04-20T07:27:16.7733612Z Get:114 http://azure.archive.ubuntu.com/ubuntu noble/main amd64 libbrotli-dev amd64 1.1.0-2build2 [353 kB]
tauri-driver smoke · Ubuntu 24.04	Install Ubuntu deps	2026-04-20T07:27:16.8081069Z Get:115 http://azure.archive.ubuntu.com/ubuntu noble-updates/main amd64 libbz2-dev amd64 1.0.8-5.1build0.1 [33.6 kB]
tauri-driver smoke · Ubuntu 24.04	Install Ubuntu deps	2026-04-20T07:27:16.8400671Z Get:116 http://azure.archive.ubuntu.com/ubuntu noble-updates/main amd64 libpng-dev amd64 1.6.43-5ubuntu0.5 [265 kB]
tauri-driver smoke · Ubuntu 24.04	Install Ubuntu deps	2026-04-20T07:27:16.8737053Z Get:117 http://azure.archive.ubuntu.com/ubuntu noble-updates/main amd64 libfreetype-dev amd64 2.13.2+dfsg-1ubuntu0.1 [575 kB]
tauri-driver smoke · Ubuntu 24.04	Install Ubuntu deps	2026-04-20T07:27:16.9105427Z Get:118 http://azure.archive.ubuntu.com/ubuntu noble/main amd64 libfontconfig-dev amd64 2.15.0-1.1ubuntu2 [161 kB]
tauri-driver smoke · Ubuntu 24.04	Install Ubuntu deps	2026-04-20T07:27:16.9431566Z Get:119 http://azure.archive.ubuntu.com/ubuntu noble/main amd64 libpixman-1-dev amd64 0.42.2-1build1 [296 kB]
tauri-driver smoke · Ubuntu 24.04	Install Ubuntu deps	2026-04-20T07:27:16.9762684Z Get:120 http://azure.archive.ubuntu.com/ubuntu noble/main amd64 libice-dev amd64 2:1.0.10-1build3 [51.0 kB]
tauri-driver smoke · Ubuntu 24.04	Install Ubuntu deps	2026-04-20T07:27:17.0519305Z Get:121 http://azure.archive.ubuntu.com/ubuntu noble/main amd64 libsm-dev amd64 2:1.2.3-1build3 [17.8 kB]
tauri-driver smoke · Ubuntu 24.04	Install Ubuntu deps	2026-04-20T07:27:17.0786441Z Get:122 http://azure.archive.ubuntu.com/ubuntu noble/main amd64 libxcb-render0-dev amd64 1.15-1ubuntu2 [19.6 kB]
tauri-driver smoke · Ubuntu 24.04	Install Ubuntu deps	2026-04-20T07:27:17.1053668Z Get:123 http://azure.archive.ubuntu.com/ubuntu noble/main amd64 libxcb-shm0-dev amd64 1.15-1ubuntu2 [8246 B]
tauri-driver smoke · Ubuntu 24.04	Install Ubuntu deps	2026-04-20T07:27:17.1316990Z Get:124 http://azure.archive.ubuntu.com/ubuntu noble/main amd64 libxrender-dev amd64 1:0.9.10-1.1build1 [26.3 kB]
tauri-driver smoke · Ubuntu 24.04	Install Ubuntu deps	2026-04-20T07:27:17.1585472Z Get:125 http://azure.archive.ubuntu.com/ubuntu noble/main amd64 libcairo2-dev amd64 1.18.0-3build1 [41.1 kB]
tauri-driver smoke · Ubuntu 24.04	Install Ubuntu deps	2026-04-20T07:27:17.1858093Z Get:126 http://azure.archive.ubuntu.com/ubuntu noble/main amd64 libglx-dev amd64 1.7.0-1build1 [14.2 kB]
tauri-driver smoke · Ubuntu 24.04	Install Ubuntu deps	2026-04-20T07:27:17.2125180Z Get:127 http://azure.archive.ubuntu.com/ubuntu noble/main amd64 libgl-dev amd64 1.7.0-1build1 [102 kB]
tauri-driver smoke · Ubuntu 24.04	Install Ubuntu deps	2026-04-20T07:27:17.2417614Z Get:128 http://azure.archive.ubuntu.com/ubuntu noble/main amd64 libegl-dev amd64 1.7.0-1build1 [18.2 kB]
tauri-driver smoke · Ubuntu 24.04	Install Ubuntu deps	2026-04-20T07:27:17.2678405Z Get:129 http://azure.archive.ubuntu.com/ubuntu noble/main amd64 libglvnd-core-dev amd64 1.7.0-1build1 [13.6 kB]
tauri-driver smoke · Ubuntu 24.04	Install Ubuntu deps	2026-04-20T07:27:17.2941785Z Get:130 http://azure.archive.ubuntu.com/ubuntu noble/main amd64 libgles1 amd64 1.7.0-1build1 [11.6 kB]
tauri-driver smoke · Ubuntu 24.04	Install Ubuntu deps	2026-04-20T07:27:17.3211936Z Get:131 http://azure.archive.ubuntu.com/ubuntu noble/main amd64 libgles-dev amd64 1.7.0-1build1 [50.5 kB]
tauri-driver smoke · Ubuntu 24.04	Install Ubuntu deps	2026-04-20T07:27:17.3479547Z Get:132 http://azure.archive.ubuntu.com/ubuntu noble/main amd64 libopengl0 amd64 1.7.0-1build1 [32.8 kB]
tauri-driver smoke · Ubuntu 24.04	Install Ubuntu deps	2026-04-20T07:27:17.3752770Z Get:133 http://azure.archive.ubuntu.com/ubuntu noble/main amd64 libopengl-dev amd64 1.7.0-1build1 [3454 B]
tauri-driver smoke · Ubuntu 24.04	Install Ubuntu deps	2026-04-20T07:27:17.4022905Z Get:134 http://azure.archive.ubuntu.com/ubuntu noble/main amd64 libglvnd-dev amd64 1.7.0-1build1 [3198 B]
tauri-driver smoke · Ubuntu 24.04	Install Ubuntu deps	2026-04-20T07:27:17.4308422Z Get:135 http://azure.archive.ubuntu.com/ubuntu noble-updates/main amd64 libegl1-mesa-dev amd64 25.2.8-0ubuntu0.24.04.1 [26.4 kB]
tauri-driver smoke · Ubuntu 24.04	Install Ubuntu deps	2026-04-20T07:27:17.4576398Z Get:136 http://azure.archive.ubuntu.com/ubuntu noble/main amd64 libepoxy-dev amd64 1.5.10-1build1 [132 kB]
tauri-driver smoke · Ubuntu 24.04	Install Ubuntu deps	2026-04-20T07:27:17.4878407Z Get:137 http://azure.archive.ubuntu.com/ubuntu noble/main amd64 libfribidi-dev amd64 1.0.13-3build1 [64.8 kB]
tauri-driver smoke · Ubuntu 24.04	Install Ubuntu deps	2026-04-20T07:27:17.5150752Z Get:138 http://azure.archive.ubuntu.com/ubuntu noble-updates/main amd64 libgdk-pixbuf2.0-bin amd64 2.42.10+dfsg-3ubuntu3.3 [13.9 kB]
tauri-driver smoke · Ubuntu 24.04	Install Ubuntu deps	2026-04-20T07:27:17.5418574Z Get:139 http://azure.archive.ubuntu.com/ubuntu noble/main amd64 libjpeg-turbo8-dev amd64 2.1.5-2ubuntu2 [295 kB]
tauri-driver smoke · Ubuntu 24.04	Install Ubuntu deps	2026-04-20T07:27:17.6204429Z Get:140 http://azure.archive.ubuntu.com/ubuntu noble/main amd64 libjpeg8-dev amd64 8c-2ubuntu11 [1484 B]
tauri-driver smoke · Ubuntu 24.04	Install Ubuntu deps	2026-04-20T07:27:17.6421955Z Get:141 http://azure.archive.ubuntu.com/ubuntu noble/main amd64 libjpeg-dev amd64 8c-2ubuntu11 [1482 B]
tauri-driver smoke · Ubuntu 24.04	Install Ubuntu deps	2026-04-20T07:27:17.6647214Z Get:142 http://azure.archive.ubuntu.com/ubuntu noble/main amd64 libjbig-dev amd64 2.1-6.1ubuntu2 [27.9 kB]
tauri-driver smoke · Ubuntu 24.04	Install Ubuntu deps	2026-04-20T07:27:17.6868479Z Get:143 http://azure.archive.ubuntu.com/ubuntu noble-updates/main amd64 liblzma-dev amd64 5.6.1+really5.4.5-1ubuntu0.2 [176 kB]
tauri-driver smoke · Ubuntu 24.04	Install Ubuntu deps	2026-04-20T07:27:17.7132711Z Get:144 http://azure.archive.ubuntu.com/ubuntu noble/main amd64 libwebpdecoder3 amd64 1.3.2-0.4build3 [114 kB]
tauri-driver smoke · Ubuntu 24.04	Install Ubuntu deps	2026-04-20T07:27:17.7377246Z Get:145 http://azure.archive.ubuntu.com/ubuntu noble/main amd64 libsharpyuv-dev amd64 1.3.2-0.4build3 [16.0 kB]
tauri-driver smoke · Ubuntu 24.04	Install Ubuntu deps	2026-04-20T07:27:17.7602113Z Get:146 http://azure.archive.ubuntu.com/ubuntu noble/main amd64 libwebp-dev amd64 1.3.2-0.4build3 [367 kB]
tauri-driver smoke · Ubuntu 24.04	Install Ubuntu deps	2026-04-20T07:27:17.7929195Z Get:147 http://azure.archive.ubuntu.com/ubuntu noble-updates/main amd64 libtiffxx6 amd64 4.5.1+git230720-4ubuntu2.5 [5642 B]
tauri-driver smoke · Ubuntu 24.04	Install Ubuntu deps	2026-04-20T07:27:17.8151253Z Get:148 http://azure.archive.ubuntu.com/ubuntu noble-updates/main amd64 libdeflate-dev amd64 1.19-1build1.1 [50.9 kB]
tauri-driver smoke · Ubuntu 24.04	Install Ubuntu deps	2026-04-20T07:27:17.8375494Z Get:149 http://azure.archive.ubuntu.com/ubuntu noble/main amd64 liblerc-dev amd64 4.0.0+ds-4ubuntu2 [182 kB]
tauri-driver smoke · Ubuntu 24.04	Install Ubuntu deps	2026-04-20T07:27:17.8666557Z Get:150 http://azure.archive.ubuntu.com/ubuntu noble-updates/main amd64 libtiff-dev amd64 4.5.1+git230720-4ubuntu2.5 [338 kB]
tauri-driver smoke · Ubuntu 24.04	Install Ubuntu deps	2026-04-20T07:27:17.8971778Z Get:151 http://azure.archive.ubuntu.com/ubuntu noble-updates/main amd64 libgdk-pixbuf-2.0-dev amd64 2.42.10+dfsg-3ubuntu3.3 [47.9 kB]
tauri-driver smoke · Ubuntu 24.04	Install Ubuntu deps	2026-04-20T07:27:17.9195407Z Get:152 http://azure.archive.ubuntu.com/ubuntu noble/main amd64 libharfbuzz-subset0 amd64 8.3.0-2build2 [448 kB]
tauri-driver smoke · Ubuntu 24.04	Install Ubuntu deps	2026-04-20T07:27:17.9539293Z Get:153 http://azure.archive.ubuntu.com/ubuntu noble/main amd64 libharfbuzz-cairo0 amd64 8.3.0-2build2 [26.2 kB]
tauri-driver smoke · Ubuntu 24.04	Install Ubuntu deps	2026-04-20T07:27:17.9758515Z Get:154 http://azure.archive.ubuntu.com/ubuntu noble/main amd64 libgraphite2-dev amd64 1.3.14-2build1 [14.7 kB]
tauri-driver smoke · Ubuntu 24.04	Install Ubuntu deps	2026-04-20T07:27:18.0027529Z Get:155 http://azure.archive.ubuntu.com/ubuntu noble/main amd64 libharfbuzz-dev amd64 8.3.0-2build2 [142 kB]
tauri-driver smoke · Ubuntu 24.04	Install Ubuntu deps	2026-04-20T07:27:18.0305592Z Get:156 http://azure.archive.ubuntu.com/ubuntu noble/main amd64 libdatrie-dev amd64 0.2.13-3build1 [19.4 kB]
tauri-driver smoke · Ubuntu 24.04	Install Ubuntu deps	2026-04-20T07:27:18.0573232Z Get:157 http://azure.archive.ubuntu.com/ubuntu noble/main amd64 libthai-dev amd64 0.1.29-2build1 [26.6 kB]
tauri-driver smoke · Ubuntu 24.04	Install Ubuntu deps	2026-04-20T07:27:18.0847507Z Get:158 http://azure.archive.ubuntu.com/ubuntu noble/main amd64 libxft-dev amd64 2.3.6-1build1 [64.3 kB]
tauri-driver smoke · Ubuntu 24.04	Install Ubuntu deps	2026-04-20T07:27:18.1566363Z Get:159 http://azure.archive.ubuntu.com/ubuntu noble/main amd64 pango1.0-tools amd64 1.52.1+ds-1build1 [36.7 kB]
tauri-driver smoke · Ubuntu 24.04	Install Ubuntu deps	2026-04-20T07:27:18.1843389Z Get:160 http://azure.archive.ubuntu.com/ubuntu noble/main amd64 libpango1.0-dev amd64 1.52.1+ds-1build1 [147 kB]
tauri-driver smoke · Ubuntu 24.04	Install Ubuntu deps	2026-04-20T07:27:18.2081784Z Get:161 http://azure.archive.ubuntu.com/ubuntu noble/main amd64 libwayland-bin amd64 1.22.0-2.1build1 [20.6 kB]
tauri-driver smoke · Ubuntu 24.04	Install Ubuntu deps	2026-04-20T07:27:18.2308644Z Get:162 http://azure.archive.ubuntu.com/ubuntu noble/main amd64 libwayland-dev amd64 1.22.0-2.1build1 [71.3 kB]
tauri-driver smoke · Ubuntu 24.04	Install Ubuntu deps	2026-04-20T07:27:18.2534293Z Get:163 http://azure.archive.ubuntu.com/ubuntu noble/main amd64 libxcomposite-dev amd64 1:0.4.5-1build3 [9374 B]
tauri-driver smoke · Ubuntu 24.04	Install Ubuntu deps	2026-04-20T07:27:18.2754928Z Get:164 http://azure.archive.ubuntu.com/ubuntu noble/main amd64 libxcursor-dev amd64 1:1.2.1-1build1 [31.8 kB]
tauri-driver smoke · Ubuntu 24.04	Install Ubuntu deps	2026-04-20T07:27:18.2978018Z Get:165 http://azure.archive.ubuntu.com/ubuntu noble/main amd64 libxdamage-dev amd64 1:1.1.6-1build1 [5270 B]
tauri-driver smoke · Ubuntu 24.04	Install Ubuntu deps	2026-04-20T07:27:18.3198345Z Get:166 http://azure.archive.ubuntu.com/ubuntu noble/main amd64 libxinerama-dev amd64 2:1.1.4-3build1 [7988 B]
tauri-driver smoke · Ubuntu 24.04	Install Ubuntu deps	2026-04-20T07:27:18.3424151Z Get:167 http://azure.archive.ubuntu.com/ubuntu noble/main amd64 libxkbcommon-dev amd64 1.6.0-1build1 [56.3 kB]
tauri-driver smoke · Ubuntu 24.04	Install Ubuntu deps	2026-04-20T07:27:18.3653420Z Get:168 http://azure.archive.ubuntu.com/ubuntu noble/main amd64 libxrandr-dev amd64 2:1.5.2-2build1 [26.4 kB]
tauri-driver smoke · Ubuntu 24.04	Install Ubuntu deps	2026-04-20T07:27:18.3878164Z Get:169 http://azure.archive.ubuntu.com/ubuntu noble-updates/main amd64 wayland-protocols all 1.45-1~ubuntu0.24.04.1 [114 kB]
tauri-driver smoke · Ubuntu 24.04	Install Ubuntu deps	2026-04-20T07:27:18.4113621Z Get:170 http://azure.archive.ubuntu.com/ubuntu noble-updates/main amd64 libgtk-3-dev amd64 3.24.41-4ubuntu1.3 [1096 kB]
tauri-driver smoke · Ubuntu 24.04	Install Ubuntu deps	2026-04-20T07:27:18.4414008Z Get:171 http://azure.archive.ubuntu.com/ubuntu noble/main amd64 libayatana-ido3-dev amd64 0.10.1-1build2 [14.2 kB]
tauri-driver smoke · Ubuntu 24.04	Install Ubuntu deps	2026-04-20T07:27:18.4635763Z Get:172 http://azure.archive.ubuntu.com/ubuntu noble/main amd64 libayatana-indicator3-dev amd64 0.9.4-1build1 [6956 B]
tauri-driver smoke · Ubuntu 24.04	Install Ubuntu deps	2026-04-20T07:27:18.4860421Z Get:173 http://azure.archive.ubuntu.com/ubuntu noble/main amd64 libdbusmenu-glib-dev amd64 18.10.20180917~bzr492+repack1-3.1ubuntu5 [70.6 kB]
tauri-driver smoke · Ubuntu 24.04	Install Ubuntu deps	2026-04-20T07:27:18.5196089Z Get:174 http://azure.archive.ubuntu.com/ubuntu noble/main amd64 libayatana-appindicator3-dev amd64 0.5.93-1build3 [14.9 kB]
tauri-driver smoke · Ubuntu 24.04	Install Ubuntu deps	2026-04-20T07:27:18.5416242Z Get:175 http://azure.archive.ubuntu.com/ubuntu noble/main amd64 libgirepository-1.0-dev amd64 1.80.1-1 [28.5 kB]
tauri-driver smoke · Ubuntu 24.04	Install Ubuntu deps	2026-04-20T07:27:18.6119702Z Get:176 http://azure.archive.ubuntu.com/ubuntu noble/main amd64 libgirepository1.0-dev amd64 1.80.1-1 [17.0 kB]
tauri-driver smoke · Ubuntu 24.04	Install Ubuntu deps	2026-04-20T07:27:18.6342490Z Get:177 http://azure.archive.ubuntu.com/ubuntu noble-updates/universe amd64 libjavascriptcoregtk-4.1-dev amd64 2.50.4-0ubuntu0.24.04.1 [69.8 kB]
tauri-driver smoke · Ubuntu 24.04	Install Ubuntu deps	2026-04-20T07:27:18.6569263Z Get:178 http://azure.archive.ubuntu.com/ubuntu noble-updates/main amd64 libnghttp2-dev amd64 1.59.0-1ubuntu0.2 [116 kB]
tauri-driver smoke · Ubuntu 24.04	Install Ubuntu deps	2026-04-20T07:27:18.6798867Z Get:179 http://azure.archive.ubuntu.com/ubuntu noble/main amd64 libwebrtc-audio-processing1 amd64 0.3.1-0ubuntu6 [290 kB]
tauri-driver smoke · Ubuntu 24.04	Install Ubuntu deps	2026-04-20T07:27:18.7041449Z Get:180 http://azure.archive.ubuntu.com/ubuntu noble-updates/main amd64 libspa-0.2-modules amd64 1.0.5-1ubuntu3.2 [627 kB]
tauri-driver smoke · Ubuntu 24.04	Install Ubuntu deps	2026-04-20T07:27:18.7306365Z Get:181 http://azure.archive.ubuntu.com/ubuntu noble-updates/main amd64 libpipewire-0.3-0t64 amd64 1.0.5-1ubuntu3.2 [252 kB]
tauri-driver smoke · Ubuntu 24.04	Install Ubuntu deps	2026-04-20T07:27:18.7541178Z Get:182 http://azure.archive.ubuntu.com/ubuntu noble-updates/main amd64 libpipewire-0.3-common all 1.0.5-1ubuntu3.2 [19.1 kB]
tauri-driver smoke · Ubuntu 24.04	Install Ubuntu deps	2026-04-20T07:27:18.7761085Z Get:183 http://azure.archive.ubuntu.com/ubuntu noble-updates/main amd64 libpng-tools amd64 1.6.43-5ubuntu0.5 [28.5 kB]
tauri-driver smoke · Ubuntu 24.04	Install Ubuntu deps	2026-04-20T07:27:18.7983400Z Get:184 http://azure.archive.ubuntu.com/ubuntu noble/main amd64 libpsl-dev amd64 0.21.2-1.1build1 [76.4 kB]
tauri-driver smoke · Ubuntu 24.04	Install Ubuntu deps	2026-04-20T07:27:18.8208085Z Get:185 http://azure.archive.ubuntu.com/ubuntu noble/main amd64 librsvg2-common amd64 2.58.0+dfsg-1build1 [11.8 kB]
tauri-driver smoke · Ubuntu 24.04	Install Ubuntu deps	2026-04-20T07:27:18.8429654Z Get:186 http://azure.archive.ubuntu.com/ubuntu noble/universe amd64 librsvg2-dev amd64 2.58.0+dfsg-1build1 [38.0 kB]
tauri-driver smoke · Ubuntu 24.04	Install Ubuntu deps	2026-04-20T07:27:18.8656848Z Get:187 http://azure.archive.ubuntu.com/ubuntu noble/universe amd64 libsysprof-capture-4-dev amd64 46.0-1build1 [51.0 kB]
tauri-driver smoke · Ubuntu 24.04	Install Ubuntu deps	2026-04-20T07:27:18.8880829Z Get:188 http://azure.archive.ubuntu.com/ubuntu noble-updates/universe amd64 libsoup-3.0-dev amd64 3.4.4-5ubuntu0.7 [105 kB]
tauri-driver smoke · Ubuntu 24.04	Install Ubuntu deps	2026-04-20T07:27:18.9107013Z Get:189 http://azure.archive.ubuntu.com/ubuntu noble-updates/universe amd64 libwebkit2gtk-4.1-dev amd64 2.50.4-0ubuntu0.24.04.1 [289 kB]
tauri-driver smoke · Ubuntu 24.04	Install Ubuntu deps	2026-04-20T07:27:18.9355288Z Get:190 http://azure.archive.ubuntu.com/ubuntu noble-updates/universe amd64 webkit2gtk-driver amd64 2.50.4-0ubuntu0.24.04.1 [424 kB]
tauri-driver smoke · Ubuntu 24.04	Install Ubuntu deps	2026-04-20T07:27:18.9615313Z Get:191 http://azure.archive.ubuntu.com/ubuntu noble-updates/main amd64 xdg-desktop-portal amd64 1.18.4-1ubuntu2.24.04.1 [298 kB]
tauri-driver smoke · Ubuntu 24.04	Install Ubuntu deps	2026-04-20T07:27:18.9866004Z Get:192 http://azure.archive.ubuntu.com/ubuntu noble/main amd64 xdg-desktop-portal-gtk amd64 1.15.1-1build2 [80.3 kB]
tauri-driver smoke · Ubuntu 24.04	Install Ubuntu deps	2026-04-20T07:27:19.4292758Z Fetched 60.7 MB in 6s (10.2 MB/s)
tauri-driver smoke · Ubuntu 24.04	Install Ubuntu deps	2026-04-20T07:27:19.4554566Z Selecting previously unselected package bubblewrap.
tauri-driver smoke · Ubuntu 24.04	Install Ubuntu deps	2026-04-20T07:27:19.4876047Z (Reading database ... 
tauri-driver smoke · Ubuntu 24.04	Install Ubuntu deps	2026-04-20T07:27:19.4876617Z (Reading database ... 5%
tauri-driver smoke · Ubuntu 24.04	Install Ubuntu deps	2026-04-20T07:27:19.4878991Z (Reading database ... 10%
tauri-driver smoke · Ubuntu 24.04	Install Ubuntu deps	2026-04-20T07:27:19.4879412Z (Reading database ... 15%
tauri-driver smoke · Ubuntu 24.04	Install Ubuntu deps	2026-04-20T07:27:19.4879798Z (Reading database ... 20%
tauri-driver smoke · Ubuntu 24.04	Install Ubuntu deps	2026-04-20T07:27:19.4880088Z (Reading database ... 25%
tauri-driver smoke · Ubuntu 24.04	Install Ubuntu deps	2026-04-20T07:27:19.4880330Z (Reading database ... 30%
tauri-driver smoke · Ubuntu 24.04	Install Ubuntu deps	2026-04-20T07:27:19.4880894Z (Reading database ... 35%
tauri-driver smoke · Ubuntu 24.04	Install Ubuntu deps	2026-04-20T07:27:19.4881132Z (Reading database ... 40%
tauri-driver smoke · Ubuntu 24.04	Install Ubuntu deps	2026-04-20T07:27:19.4881356Z (Reading database ... 45%
tauri-driver smoke · Ubuntu 24.04	Install Ubuntu deps	2026-04-20T07:27:19.4881838Z (Reading database ... 50%
tauri-driver smoke · Ubuntu 24.04	Install Ubuntu deps	2026-04-20T07:27:19.4976350Z (Reading database ... 55%
tauri-driver smoke · Ubuntu 24.04	Install Ubuntu deps	2026-04-20T07:27:19.6552769Z (Reading database ... 60%
tauri-driver smoke · Ubuntu 24.04	Install Ubuntu deps	2026-04-20T07:27:19.7913981Z (Reading database ... 65%
tauri-driver smoke · Ubuntu 24.04	Install Ubuntu deps	2026-04-20T07:27:19.9968733Z (Reading database ... 70%
tauri-driver smoke · Ubuntu 24.04	Install Ubuntu deps	2026-04-20T07:27:20.1844161Z (Reading database ... 75%
tauri-driver smoke · Ubuntu 24.04	Install Ubuntu deps	2026-04-20T07:27:20.3898394Z (Reading database ... 80%
tauri-driver smoke · Ubuntu 24.04	Install Ubuntu deps	2026-04-20T07:27:20.5932556Z (Reading database ... 85%
tauri-driver smoke · Ubuntu 24.04	Install Ubuntu deps	2026-04-20T07:27:20.7902178Z (Reading database ... 90%
tauri-driver smoke · Ubuntu 24.04	Install Ubuntu deps	2026-04-20T07:27:20.9549401Z (Reading database ... 95%
tauri-driver smoke · Ubuntu 24.04	Install Ubuntu deps	2026-04-20T07:27:20.9550178Z (Reading database ... 100%
tauri-driver smoke · Ubuntu 24.04	Install Ubuntu deps	2026-04-20T07:27:20.9551195Z (Reading database ... 220764 files and directories currently installed.)
tauri-driver smoke · Ubuntu 24.04	Install Ubuntu deps	2026-04-20T07:27:20.9597505Z Preparing to unpack .../000-bubblewrap_0.9.0-1ubuntu0.1_amd64.deb ...
tauri-driver smoke · Ubuntu 24.04	Install Ubuntu deps	2026-04-20T07:27:20.9629349Z Unpacking bubblewrap (0.9.0-1ubuntu0.1) ...
tauri-driver smoke · Ubuntu 24.04	Install Ubuntu deps	2026-04-20T07:27:20.9953617Z Selecting previously unselected package build-essential.
tauri-driver smoke · Ubuntu 24.04	Install Ubuntu deps	2026-04-20T07:27:21.0085815Z Preparing to unpack .../001-build-essential_12.10ubuntu1_amd64.deb ...
tauri-driver smoke · Ubuntu 24.04	Install Ubuntu deps	2026-04-20T07:27:21.0103147Z Unpacking build-essential (12.10ubuntu1) ...
tauri-driver smoke · Ubuntu 24.04	Install Ubuntu deps	2026-04-20T07:27:21.0335598Z Selecting previously unselected package bzip2-doc.
tauri-driver smoke · Ubuntu 24.04	Install Ubuntu deps	2026-04-20T07:27:21.0480420Z Preparing to unpack .../002-bzip2-doc_1.0.8-5.1build0.1_all.deb ...
tauri-driver smoke · Ubuntu 24.04	Install Ubuntu deps	2026-04-20T07:27:21.0492249Z Unpacking bzip2-doc (1.0.8-5.1build0.1) ...
tauri-driver smoke · Ubuntu 24.04	Install Ubuntu deps	2026-04-20T07:27:21.0764141Z Selecting previously unselected package gir1.2-atk-1.0:amd64.
tauri-driver smoke · Ubuntu 24.04	Install Ubuntu deps	2026-04-20T07:27:21.0903218Z Preparing to unpack .../003-gir1.2-atk-1.0_2.52.0-1build1_amd64.deb ...
tauri-driver smoke · Ubuntu 24.04	Install Ubuntu deps	2026-04-20T07:27:21.0916085Z Unpacking gir1.2-atk-1.0:amd64 (2.52.0-1build1) ...
tauri-driver smoke · Ubuntu 24.04	Install Ubuntu deps	2026-04-20T07:27:21.1136874Z Selecting previously unselected package gir1.2-freedesktop:amd64.
tauri-driver smoke · Ubuntu 24.04	Install Ubuntu deps	2026-04-20T07:27:21.1276990Z Preparing to unpack .../004-gir1.2-freedesktop_1.80.1-1_amd64.deb ...
tauri-driver smoke · Ubuntu 24.04	Install Ubuntu deps	2026-04-20T07:27:21.1288109Z Unpacking gir1.2-freedesktop:amd64 (1.80.1-1) ...
tauri-driver smoke · Ubuntu 24.04	Install Ubuntu deps	2026-04-20T07:27:21.1531893Z Selecting previously unselected package gir1.2-atspi-2.0:amd64.
tauri-driver smoke · Ubuntu 24.04	Install Ubuntu deps	2026-04-20T07:27:21.1673291Z Preparing to unpack .../005-gir1.2-atspi-2.0_2.52.0-1build1_amd64.deb ...
tauri-driver smoke · Ubuntu 24.04	Install Ubuntu deps	2026-04-20T07:27:21.1695833Z Unpacking gir1.2-atspi-2.0:amd64 (2.52.0-1build1) ...
tauri-driver smoke · Ubuntu 24.04	Install Ubuntu deps	2026-04-20T07:27:21.1906005Z Selecting previously unselected package gir1.2-gdkpixbuf-2.0:amd64.
tauri-driver smoke · Ubuntu 24.04	Install Ubuntu deps	2026-04-20T07:27:21.2047111Z Preparing to unpack .../006-gir1.2-gdkpixbuf-2.0_2.42.10+dfsg-3ubuntu3.3_amd64.deb ...
tauri-driver smoke · Ubuntu 24.04	Install Ubuntu deps	2026-04-20T07:27:21.2057912Z Unpacking gir1.2-gdkpixbuf-2.0:amd64 (2.42.10+dfsg-3ubuntu3.3) ...
tauri-driver smoke · Ubuntu 24.04	Install Ubuntu deps	2026-04-20T07:27:21.2294222Z Selecting previously unselected package libharfbuzz-gobject0:amd64.
tauri-driver smoke · Ubuntu 24.04	Install Ubuntu deps	2026-04-20T07:27:21.2437275Z Preparing to unpack .../007-libharfbuzz-gobject0_8.3.0-2build2_amd64.deb ...
tauri-driver smoke · Ubuntu 24.04	Install Ubuntu deps	2026-04-20T07:27:21.2463751Z Unpacking libharfbuzz-gobject0:amd64 (8.3.0-2build2) ...
tauri-driver smoke · Ubuntu 24.04	Install Ubuntu deps	2026-04-20T07:27:21.2691466Z Selecting previously unselected package gir1.2-harfbuzz-0.0:amd64.
tauri-driver smoke · Ubuntu 24.04	Install Ubuntu deps	2026-04-20T07:27:21.2835366Z Preparing to unpack .../008-gir1.2-harfbuzz-0.0_8.3.0-2build2_amd64.deb ...
tauri-driver smoke · Ubuntu 24.04	Install Ubuntu deps	2026-04-20T07:27:21.2847736Z Unpacking gir1.2-harfbuzz-0.0:amd64 (8.3.0-2build2) ...
tauri-driver smoke · Ubuntu 24.04	Install Ubuntu deps	2026-04-20T07:27:21.3089822Z Selecting previously unselected package libpangoxft-1.0-0:amd64.
tauri-driver smoke · Ubuntu 24.04	Install Ubuntu deps	2026-04-20T07:27:21.3232870Z Preparing to unpack .../009-libpangoxft-1.0-0_1.52.1+ds-1build1_amd64.deb ...
tauri-driver smoke · Ubuntu 24.04	Install Ubuntu deps	2026-04-20T07:27:21.3242884Z Unpacking libpangoxft-1.0-0:amd64 (1.52.1+ds-1build1) ...
tauri-driver smoke · Ubuntu 24.04	Install Ubuntu deps	2026-04-20T07:27:21.3465497Z Selecting previously unselected package gir1.2-pango-1.0:amd64.
tauri-driver smoke · Ubuntu 24.04	Install Ubuntu deps	2026-04-20T07:27:21.3606272Z Preparing to unpack .../010-gir1.2-pango-1.0_1.52.1+ds-1build1_amd64.deb ...
tauri-driver smoke · Ubuntu 24.04	Install Ubuntu deps	2026-04-20T07:27:21.3617114Z Unpacking gir1.2-pango-1.0:amd64 (1.52.1+ds-1build1) ...
tauri-driver smoke · Ubuntu 24.04	Install Ubuntu deps	2026-04-20T07:27:21.3873633Z Selecting previously unselected package gir1.2-gtk-3.0:amd64.
tauri-driver smoke · Ubuntu 24.04	Install Ubuntu deps	2026-04-20T07:27:21.4005026Z Preparing to unpack .../011-gir1.2-gtk-3.0_3.24.41-4ubuntu1.3_amd64.deb ...
tauri-driver smoke · Ubuntu 24.04	Install Ubuntu deps	2026-04-20T07:27:21.4023111Z Unpacking gir1.2-gtk-3.0:amd64 (3.24.41-4ubuntu1.3) ...
tauri-driver smoke · Ubuntu 24.04	Install Ubuntu deps	2026-04-20T07:27:21.4316168Z Selecting previously unselected package libayatana-ido3-0.4-0:amd64.
tauri-driver smoke · Ubuntu 24.04	Install Ubuntu deps	2026-04-20T07:27:21.4457344Z Preparing to unpack .../012-libayatana-ido3-0.4-0_0.10.1-1build2_amd64.deb ...
tauri-driver smoke · Ubuntu 24.04	Install Ubuntu deps	2026-04-20T07:27:21.4469850Z Unpacking libayatana-ido3-0.4-0:amd64 (0.10.1-1build2) ...
tauri-driver smoke · Ubuntu 24.04	Install Ubuntu deps	2026-04-20T07:27:21.4716702Z Selecting previously unselected package libayatana-indicator3-7:amd64.
tauri-driver smoke · Ubuntu 24.04	Install Ubuntu deps	2026-04-20T07:27:21.4858010Z Preparing to unpack .../013-libayatana-indicator3-7_0.9.4-1build1_amd64.deb ...
tauri-driver smoke · Ubuntu 24.04	Install Ubuntu deps	2026-04-20T07:27:21.4868123Z Unpacking libayatana-indicator3-7:amd64 (0.9.4-1build1) ...
tauri-driver smoke · Ubuntu 24.04	Install Ubuntu deps	2026-04-20T07:27:21.5118525Z Selecting previously unselected package libayatana-appindicator3-1.
tauri-driver smoke · Ubuntu 24.04	Install Ubuntu deps	2026-04-20T07:27:21.5258718Z Preparing to unpack .../014-libayatana-appindicator3-1_0.5.93-1build3_amd64.deb ...
tauri-driver smoke · Ubuntu 24.04	Install Ubuntu deps	2026-04-20T07:27:21.5270491Z Unpacking libayatana-appindicator3-1 (0.5.93-1build3) ...
tauri-driver smoke · Ubuntu 24.04	Install Ubuntu deps	2026-04-20T07:27:21.5533921Z Selecting previously unselected package gir1.2-ayatanaappindicator3-0.1.
tauri-driver smoke · Ubuntu 24.04	Install Ubuntu deps	2026-04-20T07:27:21.5657257Z Preparing to unpack .../015-gir1.2-ayatanaappindicator3-0.1_0.5.93-1build3_amd64.deb ...
tauri-driver smoke · Ubuntu 24.04	Install Ubuntu deps	2026-04-20T07:27:21.5669070Z Unpacking gir1.2-ayatanaappindicator3-0.1 (0.5.93-1build3) ...
tauri-driver smoke · Ubuntu 24.04	Install Ubuntu deps	2026-04-20T07:27:21.5910431Z Selecting previously unselected package gir1.2-ayatanaido3-0.4:amd64.
tauri-driver smoke · Ubuntu 24.04	Install Ubuntu deps	2026-04-20T07:27:21.6051205Z Preparing to unpack .../016-gir1.2-ayatanaido3-0.4_0.10.1-1build2_amd64.deb ...
tauri-driver smoke · Ubuntu 24.04	Install Ubuntu deps	2026-04-20T07:27:21.6062696Z Unpacking gir1.2-ayatanaido3-0.4:amd64 (0.10.1-1build2) ...
tauri-driver smoke · Ubuntu 24.04	Install Ubuntu deps	2026-04-20T07:27:21.6293779Z Selecting previously unselected package gir1.2-dbusmenu-glib-0.4:amd64.
tauri-driver smoke · Ubuntu 24.04	Install Ubuntu deps	2026-04-20T07:27:21.6421046Z Preparing to unpack .../017-gir1.2-dbusmenu-glib-0.4_18.10.20180917~bzr492+repack1-3.1ubuntu5_amd64.deb ...
tauri-driver smoke · Ubuntu 24.04	Install Ubuntu deps	2026-04-20T07:27:21.6433520Z Unpacking gir1.2-dbusmenu-glib-0.4:amd64 (18.10.20180917~bzr492+repack1-3.1ubuntu5) ...
tauri-driver smoke · Ubuntu 24.04	Install Ubuntu deps	2026-04-20T07:27:21.6653013Z Selecting previously unselected package gir1.2-glib-2.0-dev:amd64.
tauri-driver smoke · Ubuntu 24.04	Install Ubuntu deps	2026-04-20T07:27:21.6794186Z Preparing to unpack .../018-gir1.2-glib-2.0-dev_2.80.0-6ubuntu3.8_amd64.deb ...
tauri-driver smoke · Ubuntu 24.04	Install Ubuntu deps	2026-04-20T07:27:21.6803790Z Unpacking gir1.2-glib-2.0-dev:amd64 (2.80.0-6ubuntu3.8) ...
tauri-driver smoke · Ubuntu 24.04	Install Ubuntu deps	2026-04-20T07:27:21.7361077Z Selecting previously unselected package gir1.2-freedesktop-dev:amd64.
tauri-driver smoke · Ubuntu 24.04	Install Ubuntu deps	2026-04-20T07:27:21.7503691Z Preparing to unpack .../019-gir1.2-freedesktop-dev_1.80.1-1_amd64.deb ...
tauri-driver smoke · Ubuntu 24.04	Install Ubuntu deps	2026-04-20T07:27:21.7514159Z Unpacking gir1.2-freedesktop-dev:amd64 (1.80.1-1) ...
tauri-driver smoke · Ubuntu 24.04	Install Ubuntu deps	2026-04-20T07:27:21.7753889Z Selecting previously unselected package gir1.2-girepository-2.0-dev:amd64.
tauri-driver smoke · Ubuntu 24.04	Install Ubuntu deps	2026-04-20T07:27:21.7896483Z Preparing to unpack .../020-gir1.2-girepository-2.0-dev_1.80.1-1_amd64.deb ...
tauri-driver smoke · Ubuntu 24.04	Install Ubuntu deps	2026-04-20T07:27:21.7907546Z Unpacking gir1.2-girepository-2.0-dev:amd64 (1.80.1-1) ...
tauri-driver smoke · Ubuntu 24.04	Install Ubuntu deps	2026-04-20T07:27:21.8163721Z Selecting previously unselected package libjavascriptcoregtk-4.1-0:amd64.
tauri-driver smoke · Ubuntu 24.04	Install Ubuntu deps	2026-04-20T07:27:21.8297686Z Preparing to unpack .../021-libjavascriptcoregtk-4.1-0_2.50.4-0ubuntu0.24.04.1_amd64.deb ...
tauri-driver smoke · Ubuntu 24.04	Install Ubuntu deps	2026-04-20T07:27:21.8308090Z Unpacking libjavascriptcoregtk-4.1-0:amd64 (2.50.4-0ubuntu0.24.04.1) ...
tauri-driver smoke · Ubuntu 24.04	Install Ubuntu deps	2026-04-20T07:27:21.9713865Z Selecting previously unselected package gir1.2-javascriptcoregtk-4.1:amd64.
tauri-driver smoke · Ubuntu 24.04	Install Ubuntu deps	2026-04-20T07:27:21.9838430Z Preparing to unpack .../022-gir1.2-javascriptcoregtk-4.1_2.50.4-0ubuntu0.24.04.1_amd64.deb ...
tauri-driver smoke · Ubuntu 24.04	Install Ubuntu deps	2026-04-20T07:27:21.9849495Z Unpacking gir1.2-javascriptcoregtk-4.1:amd64 (2.50.4-0ubuntu0.24.04.1) ...
tauri-driver smoke · Ubuntu 24.04	Install Ubuntu deps	2026-04-20T07:27:22.0113384Z Selecting previously unselected package librsvg2-2:amd64.
tauri-driver smoke · Ubuntu 24.04	Install Ubuntu deps	2026-04-20T07:27:22.0237796Z Preparing to unpack .../023-librsvg2-2_2.58.0+dfsg-1build1_amd64.deb ...
tauri-driver smoke · Ubuntu 24.04	Install Ubuntu deps	2026-04-20T07:27:22.0248494Z Unpacking librsvg2-2:amd64 (2.58.0+dfsg-1build1) ...
tauri-driver smoke · Ubuntu 24.04	Install Ubuntu deps	2026-04-20T07:27:22.0757934Z Selecting previously unselected package gir1.2-rsvg-2.0:amd64.
tauri-driver smoke · Ubuntu 24.04	Install Ubuntu deps	2026-04-20T07:27:22.0897077Z Preparing to unpack .../024-gir1.2-rsvg-2.0_2.58.0+dfsg-1build1_amd64.deb ...
tauri-driver smoke · Ubuntu 24.04	Install Ubuntu deps	2026-04-20T07:27:22.0909546Z Unpacking gir1.2-rsvg-2.0:amd64 (2.58.0+dfsg-1build1) ...
tauri-driver smoke · Ubuntu 24.04	Install Ubuntu deps	2026-04-20T07:27:22.1143166Z Selecting previously unselected package libproxy1v5:amd64.
tauri-driver smoke · Ubuntu 24.04	Install Ubuntu deps	2026-04-20T07:27:22.1286259Z Preparing to unpack .../025-libproxy1v5_0.5.4-4build1_amd64.deb ...
tauri-driver smoke · Ubuntu 24.04	Install Ubuntu deps	2026-04-20T07:27:22.1305627Z Unpacking libproxy1v5:amd64 (0.5.4-4build1) ...
tauri-driver smoke · Ubuntu 24.04	Install Ubuntu deps	2026-04-20T07:27:22.1535568Z Selecting previously unselected package glib-networking-common.
tauri-driver smoke · Ubuntu 24.04	Install Ubuntu deps	2026-04-20T07:27:22.1677935Z Preparing to unpack .../026-glib-networking-common_2.80.0-1build1_all.deb ...
tauri-driver smoke · Ubuntu 24.04	Install Ubuntu deps	2026-04-20T07:27:22.1693092Z Unpacking glib-networking-common (2.80.0-1build1) ...
tauri-driver smoke · Ubuntu 24.04	Install Ubuntu deps	2026-04-20T07:27:22.2078589Z Selecting previously unselected package glib-networking-services.
tauri-driver smoke · Ubuntu 24.04	Install Ubuntu deps	2026-04-20T07:27:22.2219320Z Preparing to unpack .../027-glib-networking-services_2.80.0-1build1_amd64.deb ...
tauri-driver smoke · Ubuntu 24.04	Install Ubuntu deps	2026-04-20T07:27:22.2232057Z Unpacking glib-networking-services (2.80.0-1build1) ...
tauri-driver smoke · Ubuntu 24.04	Install Ubuntu deps	2026-04-20T07:27:22.2503561Z Selecting previously unselected package session-migration.
tauri-driver smoke · Ubuntu 24.04	Install Ubuntu deps	2026-04-20T07:27:22.2628549Z Preparing to unpack .../028-session-migration_0.3.9build1_amd64.deb ...
tauri-driver smoke · Ubuntu 24.04	Install Ubuntu deps	2026-04-20T07:27:22.2643052Z Unpacking session-migration (0.3.9build1) ...
tauri-driver smoke · Ubuntu 24.04	Install Ubuntu deps	2026-04-20T07:27:22.2903288Z Selecting previously unselected package gsettings-desktop-schemas.
tauri-driver smoke · Ubuntu 24.04	Install Ubuntu deps	2026-04-20T07:27:22.3034118Z Preparing to unpack .../029-gsettings-desktop-schemas_46.1-0ubuntu1_all.deb ...
tauri-driver smoke · Ubuntu 24.04	Install Ubuntu deps	2026-04-20T07:27:22.3051344Z Unpacking gsettings-desktop-schemas (46.1-0ubuntu1) ...
tauri-driver smoke · Ubuntu 24.04	Install Ubuntu deps	2026-04-20T07:27:22.3353723Z Selecting previously unselected package glib-networking:amd64.
tauri-driver smoke · Ubuntu 24.04	Install Ubuntu deps	2026-04-20T07:27:22.3497656Z Preparing to unpack .../030-glib-networking_2.80.0-1build1_amd64.deb ...
tauri-driver smoke · Ubuntu 24.04	Install Ubuntu deps	2026-04-20T07:27:22.3508175Z Unpacking glib-networking:amd64 (2.80.0-1build1) ...
tauri-driver smoke · Ubuntu 24.04	Install Ubuntu deps	2026-04-20T07:27:22.3749124Z Selecting previously unselected package libsoup-3.0-common.
tauri-driver smoke · Ubuntu 24.04	Install Ubuntu deps	2026-04-20T07:27:22.3889725Z Preparing to unpack .../031-libsoup-3.0-common_3.4.4-5ubuntu0.7_all.deb ...
tauri-driver smoke · Ubuntu 24.04	Install Ubuntu deps	2026-04-20T07:27:22.3904229Z Unpacking libsoup-3.0-common (3.4.4-5ubuntu0.7) ...
tauri-driver smoke · Ubuntu 24.04	Install Ubuntu deps	2026-04-20T07:27:22.4135997Z Selecting previously unselected package libsoup-3.0-0:amd64.
tauri-driver smoke · Ubuntu 24.04	Install Ubuntu deps	2026-04-20T07:27:22.4276408Z Preparing to unpack .../032-libsoup-3.0-0_3.4.4-5ubuntu0.7_amd64.deb ...
tauri-driver smoke · Ubuntu 24.04	Install Ubuntu deps	2026-04-20T07:27:22.4289128Z Unpacking libsoup-3.0-0:amd64 (3.4.4-5ubuntu0.7) ...
tauri-driver smoke · Ubuntu 24.04	Install Ubuntu deps	2026-04-20T07:27:22.4555439Z Selecting previously unselected package gir1.2-soup-3.0:amd64.
tauri-driver smoke · Ubuntu 24.04	Install Ubuntu deps	2026-04-20T07:27:22.4696491Z Preparing to unpack .../033-gir1.2-soup-3.0_3.4.4-5ubuntu0.7_amd64.deb ...
tauri-driver smoke · Ubuntu 24.04	Install Ubuntu deps	2026-04-20T07:27:22.4708204Z Unpacking gir1.2-soup-3.0:amd64 (3.4.4-5ubuntu0.7) ...
tauri-driver smoke · Ubuntu 24.04	Install Ubuntu deps	2026-04-20T07:27:22.4935631Z Selecting previously unselected package libcdparanoia0:amd64.
tauri-driver smoke · Ubuntu 24.04	Install Ubuntu deps	2026-04-20T07:27:22.5076892Z Preparing to unpack .../034-libcdparanoia0_3.10.2+debian-14build3_amd64.deb ...
tauri-driver smoke · Ubuntu 24.04	Install Ubuntu deps	2026-04-20T07:27:22.5087629Z Unpacking libcdparanoia0:amd64 (3.10.2+debian-14build3) ...
tauri-driver smoke · Ubuntu 24.04	Install Ubuntu deps	2026-04-20T07:27:22.5340618Z Selecting previously unselected package liborc-0.4-0t64:amd64.
tauri-driver smoke · Ubuntu 24.04	Install Ubuntu deps	2026-04-20T07:27:22.5482094Z Preparing to unpack .../035-liborc-0.4-0t64_1%3a0.4.38-1ubuntu0.1_amd64.deb ...
tauri-driver smoke · Ubuntu 24.04	Install Ubuntu deps	2026-04-20T07:27:22.5494188Z Unpacking liborc-0.4-0t64:amd64 (1:0.4.38-1ubuntu0.1) ...
tauri-driver smoke · Ubuntu 24.04	Install Ubuntu deps	2026-04-20T07:27:22.5794048Z Selecting previously unselected package libgstreamer-plugins-base1.0-0:amd64.
tauri-driver smoke · Ubuntu 24.04	Install Ubuntu deps	2026-04-20T07:27:22.5925135Z Preparing to unpack .../036-libgstreamer-plugins-base1.0-0_1.24.2-1ubuntu0.4_amd64.deb ...
tauri-driver smoke · Ubuntu 24.04	Install Ubuntu deps	2026-04-20T07:27:22.5936139Z Unpacking libgstreamer-plugins-base1.0-0:amd64 (1.24.2-1ubuntu0.4) ...
tauri-driver smoke · Ubuntu 24.04	Install Ubuntu deps	2026-04-20T07:27:22.6323776Z Selecting previously unselected package libopus0:amd64.
tauri-driver smoke · Ubuntu 24.04	Install Ubuntu deps	2026-04-20T07:27:22.6465987Z Preparing to unpack .../037-libopus0_1.4-1build1_amd64.deb ...
tauri-driver smoke · Ubuntu 24.04	Install Ubuntu deps	2026-04-20T07:27:22.6487062Z Unpacking libopus0:amd64 (1.4-1build1) ...
tauri-driver smoke · Ubuntu 24.04	Install Ubuntu deps	2026-04-20T07:27:22.6773849Z Selecting previously unselected package libtheora0:amd64.
tauri-driver smoke · Ubuntu 24.04	Install Ubuntu deps	2026-04-20T07:27:22.6903222Z Preparing to unpack .../038-libtheora0_1.1.1+dfsg.1-16.1build3_amd64.deb ...
tauri-driver smoke · Ubuntu 24.04	Install Ubuntu deps	2026-04-20T07:27:22.6917038Z Unpacking libtheora0:amd64 (1.1.1+dfsg.1-16.1build3) ...
tauri-driver smoke · Ubuntu 24.04	Install Ubuntu deps	2026-04-20T07:27:22.7193911Z Selecting previously unselected package libvisual-0.4-0:amd64.
tauri-driver smoke · Ubuntu 24.04	Install Ubuntu deps	2026-04-20T07:27:22.7334545Z Preparing to unpack .../039-libvisual-0.4-0_0.4.2-2build1_amd64.deb ...
tauri-driver smoke · Ubuntu 24.04	Install Ubuntu deps	2026-04-20T07:27:22.7349528Z Unpacking libvisual-0.4-0:amd64 (0.4.2-2build1) ...
tauri-driver smoke · Ubuntu 24.04	Install Ubuntu deps	2026-04-20T07:27:22.7595517Z Selecting previously unselected package libvorbisenc2:amd64.
tauri-driver smoke · Ubuntu 24.04	Install Ubuntu deps	2026-04-20T07:27:22.7737323Z Preparing to unpack .../040-libvorbisenc2_1.3.7-1build3_amd64.deb ...
tauri-driver smoke · Ubuntu 24.04	Install Ubuntu deps	2026-04-20T07:27:22.7747150Z Unpacking libvorbisenc2:amd64 (1.3.7-1build3) ...
tauri-driver smoke · Ubuntu 24.04	Install Ubuntu deps	2026-04-20T07:27:22.8003513Z Selecting previously unselected package gstreamer1.0-plugins-base:amd64.
tauri-driver smoke · Ubuntu 24.04	Install Ubuntu deps	2026-04-20T07:27:22.8128808Z Preparing to unpack .../041-gstreamer1.0-plugins-base_1.24.2-1ubuntu0.4_amd64.deb ...
tauri-driver smoke · Ubuntu 24.04	Install Ubuntu deps	2026-04-20T07:27:22.8138015Z Unpacking gstreamer1.0-plugins-base:amd64 (1.24.2-1ubuntu0.4) ...
tauri-driver smoke · Ubuntu 24.04	Install Ubuntu deps	2026-04-20T07:27:22.8513680Z Selecting previously unselected package libaa1:amd64.
tauri-driver smoke · Ubuntu 24.04	Install Ubuntu deps	2026-04-20T07:27:22.8641270Z Preparing to unpack .../042-libaa1_1.4p5-51.1_amd64.deb ...
tauri-driver smoke · Ubuntu 24.04	Install Ubuntu deps	2026-04-20T07:27:22.8653004Z Unpacking libaa1:amd64 (1.4p5-51.1) ...
tauri-driver smoke · Ubuntu 24.04	Install Ubuntu deps	2026-04-20T07:27:22.8893486Z Selecting previously unselected package libraw1394-11:amd64.
tauri-driver smoke · Ubuntu 24.04	Install Ubuntu deps	2026-04-20T07:27:22.9020549Z Preparing to unpack .../043-libraw1394-11_2.1.2-2build3_amd64.deb ...
tauri-driver smoke · Ubuntu 24.04	Install Ubuntu deps	2026-04-20T07:27:22.9036859Z Unpacking libraw1394-11:amd64 (2.1.2-2build3) ...
tauri-driver smoke · Ubuntu 24.04	Install Ubuntu deps	2026-04-20T07:27:22.9253507Z Selecting previously unselected package libavc1394-0:amd64.
tauri-driver smoke · Ubuntu 24.04	Install Ubuntu deps	2026-04-20T07:27:22.9394069Z Preparing to unpack .../044-libavc1394-0_0.5.4-5build3_amd64.deb ...
tauri-driver smoke · Ubuntu 24.04	Install Ubuntu deps	2026-04-20T07:27:22.9410193Z Unpacking libavc1394-0:amd64 (0.5.4-5build3) ...
tauri-driver smoke · Ubuntu 24.04	Install Ubuntu deps	2026-04-20T07:27:22.9643423Z Selecting previously unselected package libcaca0:amd64.
tauri-driver smoke · Ubuntu 24.04	Install Ubuntu deps	2026-04-20T07:27:22.9773980Z Preparing to unpack .../045-libcaca0_0.99.beta20-4ubuntu0.1_amd64.deb ...
tauri-driver smoke · Ubuntu 24.04	Install Ubuntu deps	2026-04-20T07:27:22.9783548Z Unpacking libcaca0:amd64 (0.99.beta20-4ubuntu0.1) ...
tauri-driver smoke · Ubuntu 24.04	Install Ubuntu deps	2026-04-20T07:27:23.0064007Z Selecting previously unselected package libdv4t64:amd64.
tauri-driver smoke · Ubuntu 24.04	Install Ubuntu deps	2026-04-20T07:27:23.0195412Z Preparing to unpack .../046-libdv4t64_1.0.0-17.1build1_amd64.deb ...
tauri-driver smoke · Ubuntu 24.04	Install Ubuntu deps	2026-04-20T07:27:23.0205412Z Unpacking libdv4t64:amd64 (1.0.0-17.1build1) ...
tauri-driver smoke · Ubuntu 24.04	Install Ubuntu deps	2026-04-20T07:27:23.0447651Z Selecting previously unselected package libflac12t64:amd64.
tauri-driver smoke · Ubuntu 24.04	Install Ubuntu deps	2026-04-20T07:27:23.0590037Z Preparing to unpack .../047-libflac12t64_1.4.3+ds-2.1ubuntu2_amd64.deb ...
tauri-driver smoke · Ubuntu 24.04	Install Ubuntu deps	2026-04-20T07:27:23.0602032Z Unpacking libflac12t64:amd64 (1.4.3+ds-2.1ubuntu2) ...
tauri-driver smoke · Ubuntu 24.04	Install Ubuntu deps	2026-04-20T07:27:23.0863791Z Selecting previously unselected package libgstreamer-plugins-good1.0-0:amd64.
tauri-driver smoke · Ubuntu 24.04	Install Ubuntu deps	2026-04-20T07:27:23.0993982Z Preparing to unpack .../048-libgstreamer-plugins-good1.0-0_1.24.2-1ubuntu1.3_amd64.deb ...
tauri-driver smoke · Ubuntu 24.04	Install Ubuntu deps	2026-04-20T07:27:23.1009374Z Unpacking libgstreamer-plugins-good1.0-0:amd64 (1.24.2-1ubuntu1.3) ...
tauri-driver smoke · Ubuntu 24.04	Install Ubuntu deps	2026-04-20T07:27:23.1244214Z Selecting previously unselected package libiec61883-0:amd64.
tauri-driver smoke · Ubuntu 24.04	Install Ubuntu deps	2026-04-20T07:27:23.1384001Z Preparing to unpack .../049-libiec61883-0_1.2.0-6build1_amd64.deb ...
tauri-driver smoke · Ubuntu 24.04	Install Ubuntu deps	2026-04-20T07:27:23.1392955Z Unpacking libiec61883-0:amd64 (1.2.0-6build1) ...
tauri-driver smoke · Ubuntu 24.04	Install Ubuntu deps	2026-04-20T07:27:23.1623544Z Selecting previously unselected package libmp3lame0:amd64.
tauri-driver smoke · Ubuntu 24.04	Install Ubuntu deps	2026-04-20T07:27:23.1761890Z Preparing to unpack .../050-libmp3lame0_3.100-6build1_amd64.deb ...
tauri-driver smoke · Ubuntu 24.04	Install Ubuntu deps	2026-04-20T07:27:23.1770522Z Unpacking libmp3lame0:amd64 (3.100-6build1) ...
tauri-driver smoke · Ubuntu 24.04	Install Ubuntu deps	2026-04-20T07:27:23.2016872Z Selecting previously unselected package libmpg123-0t64:amd64.
tauri-driver smoke · Ubuntu 24.04	Install Ubuntu deps	2026-04-20T07:27:23.2159248Z Preparing to unpack .../051-libmpg123-0t64_1.32.5-1ubuntu1.1_amd64.deb ...
tauri-driver smoke · Ubuntu 24.04	Install Ubuntu deps	2026-04-20T07:27:23.2169055Z Unpacking libmpg123-0t64:amd64 (1.32.5-1ubuntu1.1) ...
tauri-driver smoke · Ubuntu 24.04	Install Ubuntu deps	2026-04-20T07:27:23.2414839Z Selecting previously unselected package libasyncns0:amd64.
tauri-driver smoke · Ubuntu 24.04	Install Ubuntu deps	2026-04-20T07:27:23.2557694Z Preparing to unpack .../052-libasyncns0_0.8-6build4_amd64.deb ...
tauri-driver smoke · Ubuntu 24.04	Install Ubuntu deps	2026-04-20T07:27:23.2566923Z Unpacking libasyncns0:amd64 (0.8-6build4) ...
tauri-driver smoke · Ubuntu 24.04	Install Ubuntu deps	2026-04-20T07:27:23.2795618Z Selecting previously unselected package libsndfile1:amd64.
tauri-driver smoke · Ubuntu 24.04	Install Ubuntu deps	2026-04-20T07:27:23.2939085Z Preparing to unpack .../053-libsndfile1_1.2.2-1ubuntu5.24.04.1_amd64.deb ...
tauri-driver smoke · Ubuntu 24.04	Install Ubuntu deps	2026-04-20T07:27:23.2949955Z Unpacking libsndfile1:amd64 (1.2.2-1ubuntu5.24.04.1) ...
tauri-driver smoke · Ubuntu 24.04	Install Ubuntu deps	2026-04-20T07:27:23.3220959Z Selecting previously unselected package libpulse0:amd64.
tauri-driver smoke · Ubuntu 24.04	Install Ubuntu deps	2026-04-20T07:27:23.3365150Z Preparing to unpack .../054-libpulse0_1%3a16.1+dfsg1-2ubuntu10.1_amd64.deb ...
tauri-driver smoke · Ubuntu 24.04	Install Ubuntu deps	2026-04-20T07:27:23.3445394Z Unpacking libpulse0:amd64 (1:16.1+dfsg1-2ubuntu10.1) ...
tauri-driver smoke · Ubuntu 24.04	Install Ubuntu deps	2026-04-20T07:27:23.3714077Z Selecting previously unselected package libspeex1:amd64.
tauri-driver smoke · Ubuntu 24.04	Install Ubuntu deps	2026-04-20T07:27:23.3856709Z Preparing to unpack .../055-libspeex1_1.2.1-2ubuntu2.24.04.1_amd64.deb ...
tauri-driver smoke · Ubuntu 24.04	Install Ubuntu deps	2026-04-20T07:27:23.3873116Z Unpacking libspeex1:amd64 (1.2.1-2ubuntu2.24.04.1) ...
tauri-driver smoke · Ubuntu 24.04	Install Ubuntu deps	2026-04-20T07:27:23.4097573Z Selecting previously unselected package libshout3:amd64.
tauri-driver smoke · Ubuntu 24.04	Install Ubuntu deps	2026-04-20T07:27:23.4243942Z Preparing to unpack .../056-libshout3_2.4.6-1build2_amd64.deb ...
tauri-driver smoke · Ubuntu 24.04	Install Ubuntu deps	2026-04-20T07:27:23.4250877Z Unpacking libshout3:amd64 (2.4.6-1build2) ...
tauri-driver smoke · Ubuntu 24.04	Install Ubuntu deps	2026-04-20T07:27:23.4484023Z Selecting previously unselected package libtag1v5-vanilla:amd64.
tauri-driver smoke · Ubuntu 24.04	Install Ubuntu deps	2026-04-20T07:27:23.4627589Z Preparing to unpack .../057-libtag1v5-vanilla_1.13.1-1build1_amd64.deb ...
tauri-driver smoke · Ubuntu 24.04	Install Ubuntu deps	2026-04-20T07:27:23.4636727Z Unpacking libtag1v5-vanilla:amd64 (1.13.1-1build1) ...
tauri-driver smoke · Ubuntu 24.04	Install Ubuntu deps	2026-04-20T07:27:23.4891598Z Selecting previously unselected package libtag1v5:amd64.
tauri-driver smoke · Ubuntu 24.04	Install Ubuntu deps	2026-04-20T07:27:23.5035953Z Preparing to unpack .../058-libtag1v5_1.13.1-1build1_amd64.deb ...
tauri-driver smoke · Ubuntu 24.04	Install Ubuntu deps	2026-04-20T07:27:23.5045688Z Unpacking libtag1v5:amd64 (1.13.1-1build1) ...
tauri-driver smoke · Ubuntu 24.04	Install Ubuntu deps	2026-04-20T07:27:23.5267701Z Selecting previously unselected package libtwolame0:amd64.
tauri-driver smoke · Ubuntu 24.04	Install Ubuntu deps	2026-04-20T07:27:23.5413317Z Preparing to unpack .../059-libtwolame0_0.4.0-2build3_amd64.deb ...
tauri-driver smoke · Ubuntu 24.04	Install Ubuntu deps	2026-04-20T07:27:23.5424601Z Unpacking libtwolame0:amd64 (0.4.0-2build3) ...
tauri-driver smoke · Ubuntu 24.04	Install Ubuntu deps	2026-04-20T07:27:23.5676026Z Selecting previously unselected package libv4lconvert0t64:amd64.
tauri-driver smoke · Ubuntu 24.04	Install Ubuntu deps	2026-04-20T07:27:23.5818981Z Preparing to unpack .../060-libv4lconvert0t64_1.26.1-4build3_amd64.deb ...
tauri-driver smoke · Ubuntu 24.04	Install Ubuntu deps	2026-04-20T07:27:23.5829016Z Unpacking libv4lconvert0t64:amd64 (1.26.1-4build3) ...
tauri-driver smoke · Ubuntu 24.04	Install Ubuntu deps	2026-04-20T07:27:23.6073102Z Selecting previously unselected package libv4l-0t64:amd64.
tauri-driver smoke · Ubuntu 24.04	Install Ubuntu deps	2026-04-20T07:27:23.6215072Z Preparing to unpack .../061-libv4l-0t64_1.26.1-4build3_amd64.deb ...
tauri-driver smoke · Ubuntu 24.04	Install Ubuntu deps	2026-04-20T07:27:23.6223930Z Unpacking libv4l-0t64:amd64 (1.26.1-4build3) ...
tauri-driver smoke · Ubuntu 24.04	Install Ubuntu deps	2026-04-20T07:27:23.6470168Z Selecting previously unselected package libvpx9:amd64.
tauri-driver smoke · Ubuntu 24.04	Install Ubuntu deps	2026-04-20T07:27:23.6611159Z Preparing to unpack .../062-libvpx9_1.14.0-1ubuntu2.3_amd64.deb ...
tauri-driver smoke · Ubuntu 24.04	Install Ubuntu deps	2026-04-20T07:27:23.6620838Z Unpacking libvpx9:amd64 (1.14.0-1ubuntu2.3) ...
tauri-driver smoke · Ubuntu 24.04	Install Ubuntu deps	2026-04-20T07:27:23.6985976Z Selecting previously unselected package libwavpack1:amd64.
tauri-driver smoke · Ubuntu 24.04	Install Ubuntu deps	2026-04-20T07:27:23.7126255Z Preparing to unpack .../063-libwavpack1_5.6.0-1build1_amd64.deb ...
tauri-driver smoke · Ubuntu 24.04	Install Ubuntu deps	2026-04-20T07:27:23.7135622Z Unpacking libwavpack1:amd64 (5.6.0-1build1) ...
tauri-driver smoke · Ubuntu 24.04	Install Ubuntu deps	2026-04-20T07:27:23.7358426Z Selecting previously unselected package gstreamer1.0-plugins-good:amd64.
tauri-driver smoke · Ubuntu 24.04	Install Ubuntu deps	2026-04-20T07:27:23.7501931Z Preparing to unpack .../064-gstreamer1.0-plugins-good_1.24.2-1ubuntu1.3_amd64.deb ...
tauri-driver smoke · Ubuntu 24.04	Install Ubuntu deps	2026-04-20T07:27:23.7521529Z Unpacking gstreamer1.0-plugins-good:amd64 (1.24.2-1ubuntu1.3) ...
tauri-driver smoke · Ubuntu 24.04	Install Ubuntu deps	2026-04-20T07:27:23.8150675Z Selecting previously unselected package libgles2:amd64.
tauri-driver smoke · Ubuntu 24.04	Install Ubuntu deps	2026-04-20T07:27:23.8293597Z Preparing to unpack .../065-libgles2_1.7.0-1build1_amd64.deb ...
tauri-driver smoke · Ubuntu 24.04	Install Ubuntu deps	2026-04-20T07:27:23.8310137Z Unpacking libgles2:amd64 (1.7.0-1build1) ...
tauri-driver smoke · Ubuntu 24.04	Install Ubuntu deps	2026-04-20T07:27:23.8521402Z Selecting previously unselected package xdg-dbus-proxy.
tauri-driver smoke · Ubuntu 24.04	Install Ubuntu deps	2026-04-20T07:27:23.8665591Z Preparing to unpack .../066-xdg-dbus-proxy_0.1.5-1ubuntu0.2_amd64.deb ...
tauri-driver smoke · Ubuntu 24.04	Install Ubuntu deps	2026-04-20T07:27:23.8681242Z Unpacking xdg-dbus-proxy (0.1.5-1ubuntu0.2) ...
tauri-driver smoke · Ubuntu 24.04	Install Ubuntu deps	2026-04-20T07:27:23.8905929Z Selecting previously unselected package libegl-mesa0:amd64.
tauri-driver smoke · Ubuntu 24.04	Install Ubuntu deps	2026-04-20T07:27:23.9050669Z Preparing to unpack .../067-libegl-mesa0_25.2.8-0ubuntu0.24.04.1_amd64.deb ...
tauri-driver smoke · Ubuntu 24.04	Install Ubuntu deps	2026-04-20T07:27:23.9059487Z Unpacking libegl-mesa0:amd64 (25.2.8-0ubuntu0.24.04.1) ...
tauri-driver smoke · Ubuntu 24.04	Install Ubuntu deps	2026-04-20T07:27:23.9309178Z Selecting previously unselected package libegl1:amd64.
tauri-driver smoke · Ubuntu 24.04	Install Ubuntu deps	2026-04-20T07:27:23.9451902Z Preparing to unpack .../068-libegl1_1.7.0-1build1_amd64.deb ...
tauri-driver smoke · Ubuntu 24.04	Install Ubuntu deps	2026-04-20T07:27:23.9463105Z Unpacking libegl1:amd64 (1.7.0-1build1) ...
tauri-driver smoke · Ubuntu 24.04	Install Ubuntu deps	2026-04-20T07:27:23.9699320Z Selecting previously unselected package libgstreamer-gl1.0-0:amd64.
tauri-driver smoke · Ubuntu 24.04	Install Ubuntu deps	2026-04-20T07:27:23.9843222Z Preparing to unpack .../069-libgstreamer-gl1.0-0_1.24.2-1ubuntu0.4_amd64.deb ...
tauri-driver smoke · Ubuntu 24.04	Install Ubuntu deps	2026-04-20T07:27:23.9852323Z Unpacking libgstreamer-gl1.0-0:amd64 (1.24.2-1ubuntu0.4) ...
tauri-driver smoke · Ubuntu 24.04	Install Ubuntu deps	2026-04-20T07:27:24.0122991Z Selecting previously unselected package libharfbuzz-icu0:amd64.
tauri-driver smoke · Ubuntu 24.04	Install Ubuntu deps	2026-04-20T07:27:24.0270147Z Preparing to unpack .../070-libharfbuzz-icu0_8.3.0-2build2_amd64.deb ...
tauri-driver smoke · Ubuntu 24.04	Install Ubuntu deps	2026-04-20T07:27:24.0281179Z Unpacking libharfbuzz-icu0:amd64 (8.3.0-2build2) ...
tauri-driver smoke · Ubuntu 24.04	Install Ubuntu deps	2026-04-20T07:27:24.0507627Z Selecting previously unselected package libhyphen0:amd64.
tauri-driver smoke · Ubuntu 24.04	Install Ubuntu deps	2026-04-20T07:27:24.0652462Z Preparing to unpack .../071-libhyphen0_2.8.8-7build3_amd64.deb ...
tauri-driver smoke · Ubuntu 24.04	Install Ubuntu deps	2026-04-20T07:27:24.0661098Z Unpacking libhyphen0:amd64 (2.8.8-7build3) ...
tauri-driver smoke · Ubuntu 24.04	Install Ubuntu deps	2026-04-20T07:27:24.0903823Z Selecting previously unselected package libmanette-0.2-0:amd64.
tauri-driver smoke · Ubuntu 24.04	Install Ubuntu deps	2026-04-20T07:27:24.1047121Z Preparing to unpack .../072-libmanette-0.2-0_0.2.7-1build2_amd64.deb ...
tauri-driver smoke · Ubuntu 24.04	Install Ubuntu deps	2026-04-20T07:27:24.1058154Z Unpacking libmanette-0.2-0:amd64 (0.2.7-1build2) ...
tauri-driver smoke · Ubuntu 24.04	Install Ubuntu deps	2026-04-20T07:27:24.1279148Z Selecting previously unselected package libsecret-common.
tauri-driver smoke · Ubuntu 24.04	Install Ubuntu deps	2026-04-20T07:27:24.1421174Z Preparing to unpack .../073-libsecret-common_0.21.4-1build3_all.deb ...
tauri-driver smoke · Ubuntu 24.04	Install Ubuntu deps	2026-04-20T07:27:24.1430874Z Unpacking libsecret-common (0.21.4-1build3) ...
tauri-driver smoke · Ubuntu 24.04	Install Ubuntu deps	2026-04-20T07:27:24.1653234Z Selecting previously unselected package libsecret-1-0:amd64.
tauri-driver smoke · Ubuntu 24.04	Install Ubuntu deps	2026-04-20T07:27:24.1795581Z Preparing to unpack .../074-libsecret-1-0_0.21.4-1build3_amd64.deb ...
tauri-driver smoke · Ubuntu 24.04	Install Ubuntu deps	2026-04-20T07:27:24.1805840Z Unpacking libsecret-1-0:amd64 (0.21.4-1build3) ...
tauri-driver smoke · Ubuntu 24.04	Install Ubuntu deps	2026-04-20T07:27:24.2053243Z Selecting previously unselected package libwayland-server0:amd64.
tauri-driver smoke · Ubuntu 24.04	Install Ubuntu deps	2026-04-20T07:27:24.2198149Z Preparing to unpack .../075-libwayland-server0_1.22.0-2.1build1_amd64.deb ...
tauri-driver smoke · Ubuntu 24.04	Install Ubuntu deps	2026-04-20T07:27:24.2208181Z Unpacking libwayland-server0:amd64 (1.22.0-2.1build1) ...
tauri-driver smoke · Ubuntu 24.04	Install Ubuntu deps	2026-04-20T07:27:24.2446751Z Selecting previously unselected package libwoff1:amd64.
tauri-driver smoke · Ubuntu 24.04	Install Ubuntu deps	2026-04-20T07:27:24.2591191Z Preparing to unpack .../076-libwoff1_1.0.2-2build1_amd64.deb ...
tauri-driver smoke · Ubuntu 24.04	Install Ubuntu deps	2026-04-20T07:27:24.2600620Z Unpacking libwoff1:amd64 (1.0.2-2build1) ...
tauri-driver smoke · Ubuntu 24.04	Install Ubuntu deps	2026-04-20T07:27:24.2839242Z Selecting previously unselected package libwebkit2gtk-4.1-0:amd64.
tauri-driver smoke · Ubuntu 24.04	Install Ubuntu deps	2026-04-20T07:27:24.2987655Z Preparing to unpack .../077-libwebkit2gtk-4.1-0_2.50.4-0ubuntu0.24.04.1_amd64.deb ...
tauri-driver smoke · Ubuntu 24.04	Install Ubuntu deps	2026-04-20T07:27:24.2998055Z Unpacking libwebkit2gtk-4.1-0:amd64 (2.50.4-0ubuntu0.24.04.1) ...
tauri-driver smoke · Ubuntu 24.04	Install Ubuntu deps	2026-04-20T07:27:24.7556287Z Selecting previously unselected package gir1.2-webkit2-4.1:amd64.
tauri-driver smoke · Ubuntu 24.04	Install Ubuntu deps	2026-04-20T07:27:24.7699868Z Preparing to unpack .../078-gir1.2-webkit2-4.1_2.50.4-0ubuntu0.24.04.1_amd64.deb ...
tauri-driver smoke · Ubuntu 24.04	Install Ubuntu deps	2026-04-20T07:27:24.7710242Z Unpacking gir1.2-webkit2-4.1:amd64 (2.50.4-0ubuntu0.24.04.1) ...
tauri-driver smoke · Ubuntu 24.04	Install Ubuntu deps	2026-04-20T07:27:24.7985275Z Selecting previously unselected package python3-mako.
tauri-driver smoke · Ubuntu 24.04	Install Ubuntu deps	2026-04-20T07:27:24.8130849Z Preparing to unpack .../079-python3-mako_1.3.2-1_all.deb ...
tauri-driver smoke · Ubuntu 24.04	Install Ubuntu deps	2026-04-20T07:27:24.8142237Z Unpacking python3-mako (1.3.2-1) ...
tauri-driver smoke · Ubuntu 24.04	Install Ubuntu deps	2026-04-20T07:27:24.8470650Z Selecting previously unselected package python3-markdown.
tauri-driver smoke · Ubuntu 24.04	Install Ubuntu deps	2026-04-20T07:27:24.8616967Z Preparing to unpack .../080-python3-markdown_3.5.2-1_all.deb ...
tauri-driver smoke · Ubuntu 24.04	Install Ubuntu deps	2026-04-20T07:27:24.8625994Z Unpacking python3-markdown (3.5.2-1) ...
tauri-driver smoke · Ubuntu 24.04	Install Ubuntu deps	2026-04-20T07:27:24.8961341Z Selecting previously unselected package gobject-introspection-bin.
tauri-driver smoke · Ubuntu 24.04	Install Ubuntu deps	2026-04-20T07:27:24.9106417Z Preparing to unpack .../081-gobject-introspection-bin_1.80.1-1_amd64.deb ...
tauri-driver smoke · Ubuntu 24.04	Install Ubuntu deps	2026-04-20T07:27:24.9117704Z Unpacking gobject-introspection-bin (1.80.1-1) ...
tauri-driver smoke · Ubuntu 24.04	Install Ubuntu deps	2026-04-20T07:27:24.9836014Z Selecting previously unselected package libglib2.0-dev-bin.
tauri-driver smoke · Ubuntu 24.04	Install Ubuntu deps	2026-04-20T07:27:24.9979930Z Preparing to unpack .../082-libglib2.0-dev-bin_2.80.0-6ubuntu3.8_amd64.deb ...
tauri-driver smoke · Ubuntu 24.04	Install Ubuntu deps	2026-04-20T07:27:24.9995825Z Unpacking libglib2.0-dev-bin (2.80.0-6ubuntu3.8) ...
tauri-driver smoke · Ubuntu 24.04	Install Ubuntu deps	2026-04-20T07:27:25.0383680Z Selecting previously unselected package uuid-dev:amd64.
tauri-driver smoke · Ubuntu 24.04	Install Ubuntu deps	2026-04-20T07:27:25.0512057Z Preparing to unpack .../083-uuid-dev_2.39.3-9ubuntu6.5_amd64.deb ...
tauri-driver smoke · Ubuntu 24.04	Install Ubuntu deps	2026-04-20T07:27:25.0523711Z Unpacking uuid-dev:amd64 (2.39.3-9ubuntu6.5) ...
tauri-driver smoke · Ubuntu 24.04	Install Ubuntu deps	2026-04-20T07:27:25.0823857Z Selecting previously unselected package libblkid-dev:amd64.
tauri-driver smoke · Ubuntu 24.04	Install Ubuntu deps	2026-04-20T07:27:25.0954723Z Preparing to unpack .../084-libblkid-dev_2.39.3-9ubuntu6.5_amd64.deb ...
tauri-driver smoke · Ubuntu 24.04	Install Ubuntu deps	2026-04-20T07:27:25.0963208Z Unpacking libblkid-dev:amd64 (2.39.3-9ubuntu6.5) ...
tauri-driver smoke · Ubuntu 24.04	Install Ubuntu deps	2026-04-20T07:27:25.1233600Z Selecting previously unselected package libsepol-dev:amd64.
tauri-driver smoke · Ubuntu 24.04	Install Ubuntu deps	2026-04-20T07:27:25.1364815Z Preparing to unpack .../085-libsepol-dev_3.5-2build1_amd64.deb ...
tauri-driver smoke · Ubuntu 24.04	Install Ubuntu deps	2026-04-20T07:27:25.1372548Z Unpacking libsepol-dev:amd64 (3.5-2build1) ...
tauri-driver smoke · Ubuntu 24.04	Install Ubuntu deps	2026-04-20T07:27:25.1717503Z Selecting previously unselected package libselinux1-dev:amd64.
tauri-driver smoke · Ubuntu 24.04	Install Ubuntu deps	2026-04-20T07:27:25.1859805Z Preparing to unpack .../086-libselinux1-dev_3.5-2ubuntu2.1_amd64.deb ...
tauri-driver smoke · Ubuntu 24.04	Install Ubuntu deps	2026-04-20T07:27:25.1869667Z Unpacking libselinux1-dev:amd64 (3.5-2ubuntu2.1) ...
tauri-driver smoke · Ubuntu 24.04	Install Ubuntu deps	2026-04-20T07:27:25.2364607Z Selecting previously unselected package libmount-dev:amd64.
tauri-driver smoke · Ubuntu 24.04	Install Ubuntu deps	2026-04-20T07:27:25.2514226Z Preparing to unpack .../087-libmount-dev_2.39.3-9ubuntu6.5_amd64.deb ...
tauri-driver smoke · Ubuntu 24.04	Install Ubuntu deps	2026-04-20T07:27:25.2522896Z Unpacking libmount-dev:amd64 (2.39.3-9ubuntu6.5) ...
tauri-driver smoke · Ubuntu 24.04	Install Ubuntu deps	2026-04-20T07:27:25.2755344Z Selecting previously unselected package libgirepository-2.0-0:amd64.
tauri-driver smoke · Ubuntu 24.04	Install Ubuntu deps	2026-04-20T07:27:25.2899936Z Preparing to unpack .../088-libgirepository-2.0-0_2.80.0-6ubuntu3.8_amd64.deb ...
tauri-driver smoke · Ubuntu 24.04	Install Ubuntu deps	2026-04-20T07:27:25.2909159Z Unpacking libgirepository-2.0-0:amd64 (2.80.0-6ubuntu3.8) ...
tauri-driver smoke · Ubuntu 24.04	Install Ubuntu deps	2026-04-20T07:27:25.3138200Z Selecting previously unselected package libglib2.0-dev:amd64.
tauri-driver smoke · Ubuntu 24.04	Install Ubuntu deps	2026-04-20T07:27:25.3283245Z Preparing to unpack .../089-libglib2.0-dev_2.80.0-6ubuntu3.8_amd64.deb ...
tauri-driver smoke · Ubuntu 24.04	Install Ubuntu deps	2026-04-20T07:27:25.3290583Z Unpacking libglib2.0-dev:amd64 (2.80.0-6ubuntu3.8) ...
tauri-driver smoke · Ubuntu 24.04	Install Ubuntu deps	2026-04-20T07:27:25.4413346Z Selecting previously unselected package gobject-introspection:amd64.
tauri-driver smoke · Ubuntu 24.04	Install Ubuntu deps	2026-04-20T07:27:25.4558551Z Preparing to unpack .../090-gobject-introspection_1.80.1-1_amd64.deb ...
tauri-driver smoke · Ubuntu 24.04	Install Ubuntu deps	2026-04-20T07:27:25.4566496Z Unpacking gobject-introspection:amd64 (1.80.1-1) ...
tauri-driver smoke · Ubuntu 24.04	Install Ubuntu deps	2026-04-20T07:27:25.4883586Z Selecting previously unselected package libgraphene-1.0-0:amd64.
tauri-driver smoke · Ubuntu 24.04	Install Ubuntu deps	2026-04-20T07:27:25.5029135Z Preparing to unpack .../091-libgraphene-1.0-0_1.10.8-3build2_amd64.deb ...
tauri-driver smoke · Ubuntu 24.04	Install Ubuntu deps	2026-04-20T07:27:25.5036872Z Unpacking libgraphene-1.0-0:amd64 (1.10.8-3build2) ...
tauri-driver smoke · Ubuntu 24.04	Install Ubuntu deps	2026-04-20T07:27:25.5254470Z Selecting previously unselected package gstreamer1.0-gl:amd64.
tauri-driver smoke · Ubuntu 24.04	Install Ubuntu deps	2026-04-20T07:27:25.5399830Z Preparing to unpack .../092-gstreamer1.0-gl_1.24.2-1ubuntu0.4_amd64.deb ...
tauri-driver smoke · Ubuntu 24.04	Install Ubuntu deps	2026-04-20T07:27:25.5417365Z Unpacking gstreamer1.0-gl:amd64 (1.24.2-1ubuntu0.4) ...
tauri-driver smoke · Ubuntu 24.04	Install Ubuntu deps	2026-04-20T07:27:25.5674441Z Selecting previously unselected package libxv1:amd64.
tauri-driver smoke · Ubuntu 24.04	Install Ubuntu deps	2026-04-20T07:27:25.5817363Z Preparing to unpack .../093-libxv1_2%3a1.0.11-1.1build1_amd64.deb ...
tauri-driver smoke · Ubuntu 24.04	Install Ubuntu deps	2026-04-20T07:27:25.5827242Z Unpacking libxv1:amd64 (2:1.0.11-1.1build1) ...
tauri-driver smoke · Ubuntu 24.04	Install Ubuntu deps	2026-04-20T07:27:25.6039998Z Selecting previously unselected package gstreamer1.0-x:amd64.
tauri-driver smoke · Ubuntu 24.04	Install Ubuntu deps	2026-04-20T07:27:25.6186226Z Preparing to unpack .../094-gstreamer1.0-x_1.24.2-1ubuntu0.4_amd64.deb ...
tauri-driver smoke · Ubuntu 24.04	Install Ubuntu deps	2026-04-20T07:27:25.6201579Z Unpacking gstreamer1.0-x:amd64 (1.24.2-1ubuntu0.4) ...
tauri-driver smoke · Ubuntu 24.04	Install Ubuntu deps	2026-04-20T07:27:25.6422078Z Selecting previously unselected package libatk1.0-dev:amd64.
tauri-driver smoke · Ubuntu 24.04	Install Ubuntu deps	2026-04-20T07:27:25.6565252Z Preparing to unpack .../095-libatk1.0-dev_2.52.0-1build1_amd64.deb ...
tauri-driver smoke · Ubuntu 24.04	Install Ubuntu deps	2026-04-20T07:27:25.6575299Z Unpacking libatk1.0-dev:amd64 (2.52.0-1build1) ...
tauri-driver smoke · Ubuntu 24.04	Install Ubuntu deps	2026-04-20T07:27:25.6894799Z Selecting previously unselected package libdbus-1-dev:amd64.
tauri-driver smoke · Ubuntu 24.04	Install Ubuntu deps	2026-04-20T07:27:25.7036812Z Preparing to unpack .../096-libdbus-1-dev_1.14.10-4ubuntu4.1_amd64.deb ...
tauri-driver smoke · Ubuntu 24.04	Install Ubuntu deps	2026-04-20T07:27:25.7045492Z Unpacking libdbus-1-dev:amd64 (1.14.10-4ubuntu4.1) ...
tauri-driver smoke · Ubuntu 24.04	Install Ubuntu deps	2026-04-20T07:27:25.7366607Z Selecting previously unselected package xorg-sgml-doctools.
tauri-driver smoke · Ubuntu 24.04	Install Ubuntu deps	2026-04-20T07:27:25.7508294Z Preparing to unpack .../097-xorg-sgml-doctools_1%3a1.11-1.1_all.deb ...
tauri-driver smoke · Ubuntu 24.04	Install Ubuntu deps	2026-04-20T07:27:25.7518013Z Unpacking xorg-sgml-doctools (1:1.11-1.1) ...
tauri-driver smoke · Ubuntu 24.04	Install Ubuntu deps	2026-04-20T07:27:25.7780180Z Selecting previously unselected package x11proto-dev.
tauri-driver smoke · Ubuntu 24.04	Install Ubuntu deps	2026-04-20T07:27:25.7922805Z Preparing to unpack .../098-x11proto-dev_2023.2-1_all.deb ...
tauri-driver smoke · Ubuntu 24.04	Install Ubuntu deps	2026-04-20T07:27:25.7933156Z Unpacking x11proto-dev (2023.2-1) ...
tauri-driver smoke · Ubuntu 24.04	Install Ubuntu deps	2026-04-20T07:27:25.8507227Z Selecting previously unselected package libxau-dev:amd64.
tauri-driver smoke · Ubuntu 24.04	Install Ubuntu deps	2026-04-20T07:27:25.8654039Z Preparing to unpack .../099-libxau-dev_1%3a1.0.9-1build6_amd64.deb ...
tauri-driver smoke · Ubuntu 24.04	Install Ubuntu deps	2026-04-20T07:27:25.8666356Z Unpacking libxau-dev:amd64 (1:1.0.9-1build6) ...
tauri-driver smoke · Ubuntu 24.04	Install Ubuntu deps	2026-04-20T07:27:25.8890859Z Selecting previously unselected package libxdmcp-dev:amd64.
tauri-driver smoke · Ubuntu 24.04	Install Ubuntu deps	2026-04-20T07:27:25.9035478Z Preparing to unpack .../100-libxdmcp-dev_1%3a1.1.3-0ubuntu6_amd64.deb ...
tauri-driver smoke · Ubuntu 24.04	Install Ubuntu deps	2026-04-20T07:27:25.9043790Z Unpacking libxdmcp-dev:amd64 (1:1.1.3-0ubuntu6) ...
tauri-driver smoke · Ubuntu 24.04	Install Ubuntu deps	2026-04-20T07:27:25.9262820Z Selecting previously unselected package xtrans-dev.
tauri-driver smoke · Ubuntu 24.04	Install Ubuntu deps	2026-04-20T07:27:25.9409288Z Preparing to unpack .../101-xtrans-dev_1.4.0-1_all.deb ...
tauri-driver smoke · Ubuntu 24.04	Install Ubuntu deps	2026-04-20T07:27:25.9417221Z Unpacking xtrans-dev (1.4.0-1) ...
tauri-driver smoke · Ubuntu 24.04	Install Ubuntu deps	2026-04-20T07:27:25.9693302Z Selecting previously unselected package libpthread-stubs0-dev:amd64.
tauri-driver smoke · Ubuntu 24.04	Install Ubuntu deps	2026-04-20T07:27:25.9837398Z Preparing to unpack .../102-libpthread-stubs0-dev_0.4-1build3_amd64.deb ...
tauri-driver smoke · Ubuntu 24.04	Install Ubuntu deps	2026-04-20T07:27:25.9845352Z Unpacking libpthread-stubs0-dev:amd64 (0.4-1build3) ...
tauri-driver smoke · Ubuntu 24.04	Install Ubuntu deps	2026-04-20T07:27:26.0077719Z Selecting previously unselected package libxcb1-dev:amd64.
tauri-driver smoke · Ubuntu 24.04	Install Ubuntu deps	2026-04-20T07:27:26.0222034Z Preparing to unpack .../103-libxcb1-dev_1.15-1ubuntu2_amd64.deb ...
tauri-driver smoke · Ubuntu 24.04	Install Ubuntu deps	2026-04-20T07:27:26.0233144Z Unpacking libxcb1-dev:amd64 (1.15-1ubuntu2) ...
tauri-driver smoke · Ubuntu 24.04	Install Ubuntu deps	2026-04-20T07:27:26.0487575Z Selecting previously unselected package libx11-dev:amd64.
tauri-driver smoke · Ubuntu 24.04	Install Ubuntu deps	2026-04-20T07:27:26.0633026Z Preparing to unpack .../104-libx11-dev_2%3a1.8.7-1build1_amd64.deb ...
tauri-driver smoke · Ubuntu 24.04	Install Ubuntu deps	2026-04-20T07:27:26.0643178Z Unpacking libx11-dev:amd64 (2:1.8.7-1build1) ...
tauri-driver smoke · Ubuntu 24.04	Install Ubuntu deps	2026-04-20T07:27:26.0994092Z Selecting previously unselected package libxext-dev:amd64.
tauri-driver smoke · Ubuntu 24.04	Install Ubuntu deps	2026-04-20T07:27:26.1130370Z Preparing to unpack .../105-libxext-dev_2%3a1.3.4-1build2_amd64.deb ...
tauri-driver smoke · Ubuntu 24.04	Install Ubuntu deps	2026-04-20T07:27:26.1143191Z Unpacking libxext-dev:amd64 (2:1.3.4-1build2) ...
tauri-driver smoke · Ubuntu 24.04	Install Ubuntu deps	2026-04-20T07:27:26.1466562Z Selecting previously unselected package libxfixes-dev:amd64.
tauri-driver smoke · Ubuntu 24.04	Install Ubuntu deps	2026-04-20T07:27:26.1611159Z Preparing to unpack .../106-libxfixes-dev_1%3a6.0.0-2build1_amd64.deb ...
tauri-driver smoke · Ubuntu 24.04	Install Ubuntu deps	2026-04-20T07:27:26.1620928Z Unpacking libxfixes-dev:amd64 (1:6.0.0-2build1) ...
tauri-driver smoke · Ubuntu 24.04	Install Ubuntu deps	2026-04-20T07:27:26.1853528Z Selecting previously unselected package libxi-dev:amd64.
tauri-driver smoke · Ubuntu 24.04	Install Ubuntu deps	2026-04-20T07:27:26.1987983Z Preparing to unpack .../107-libxi-dev_2%3a1.8.1-1build1_amd64.deb ...
tauri-driver smoke · Ubuntu 24.04	Install Ubuntu deps	2026-04-20T07:27:26.2002658Z Unpacking libxi-dev:amd64 (2:1.8.1-1build1) ...
tauri-driver smoke · Ubuntu 24.04	Install Ubuntu deps	2026-04-20T07:27:26.2361769Z Selecting previously unselected package libxtst-dev:amd64.
tauri-driver smoke · Ubuntu 24.04	Install Ubuntu deps	2026-04-20T07:27:26.2506352Z Preparing to unpack .../108-libxtst-dev_2%3a1.2.3-1.1build1_amd64.deb ...
tauri-driver smoke · Ubuntu 24.04	Install Ubuntu deps	2026-04-20T07:27:26.2515373Z Unpacking libxtst-dev:amd64 (2:1.2.3-1.1build1) ...
tauri-driver smoke · Ubuntu 24.04	Install Ubuntu deps	2026-04-20T07:27:26.2753785Z Selecting previously unselected package libatspi2.0-dev:amd64.
tauri-driver smoke · Ubuntu 24.04	Install Ubuntu deps	2026-04-20T07:27:26.2901880Z Preparing to unpack .../109-libatspi2.0-dev_2.52.0-1build1_amd64.deb ...
tauri-driver smoke · Ubuntu 24.04	Install Ubuntu deps	2026-04-20T07:27:26.2913198Z Unpacking libatspi2.0-dev:amd64 (2.52.0-1build1) ...
tauri-driver smoke · Ubuntu 24.04	Install Ubuntu deps	2026-04-20T07:27:26.3215048Z Selecting previously unselected package libatk-bridge2.0-dev:amd64.
tauri-driver smoke · Ubuntu 24.04	Install Ubuntu deps	2026-04-20T07:27:26.3363190Z Preparing to unpack .../110-libatk-bridge2.0-dev_2.52.0-1build1_amd64.deb ...
tauri-driver smoke · Ubuntu 24.04	Install Ubuntu deps	2026-04-20T07:27:26.3373501Z Unpacking libatk-bridge2.0-dev:amd64 (2.52.0-1build1) ...
tauri-driver smoke · Ubuntu 24.04	Install Ubuntu deps	2026-04-20T07:27:26.3609641Z Selecting previously unselected package libcairo-script-interpreter2:amd64.
tauri-driver smoke · Ubuntu 24.04	Install Ubuntu deps	2026-04-20T07:27:26.3756721Z Preparing to unpack .../111-libcairo-script-interpreter2_1.18.0-3build1_amd64.deb ...
tauri-driver smoke · Ubuntu 24.04	Install Ubuntu deps	2026-04-20T07:27:26.3765355Z Unpacking libcairo-script-interpreter2:amd64 (1.18.0-3build1) ...
tauri-driver smoke · Ubuntu 24.04	Install Ubuntu deps	2026-04-20T07:27:26.3988443Z Selecting previously unselected package libbrotli-dev:amd64.
tauri-driver smoke · Ubuntu 24.04	Install Ubuntu deps	2026-04-20T07:27:26.4134348Z Preparing to unpack .../112-libbrotli-dev_1.1.0-2build2_amd64.deb ...
tauri-driver smoke · Ubuntu 24.04	Install Ubuntu deps	2026-04-20T07:27:26.4144133Z Unpacking libbrotli-dev:amd64 (1.1.0-2build2) ...
tauri-driver smoke · Ubuntu 24.04	Install Ubuntu deps	2026-04-20T07:27:26.4444126Z Selecting previously unselected package libbz2-dev:amd64.
tauri-driver smoke · Ubuntu 24.04	Install Ubuntu deps	2026-04-20T07:27:26.4578180Z Preparing to unpack .../113-libbz2-dev_1.0.8-5.1build0.1_amd64.deb ...
tauri-driver smoke · Ubuntu 24.04	Install Ubuntu deps	2026-04-20T07:27:26.4589272Z Unpacking libbz2-dev:amd64 (1.0.8-5.1build0.1) ...
tauri-driver smoke · Ubuntu 24.04	Install Ubuntu deps	2026-04-20T07:27:26.4820151Z Selecting previously unselected package libpng-dev:amd64.
tauri-driver smoke · Ubuntu 24.04	Install Ubuntu deps	2026-04-20T07:27:26.4969409Z Preparing to unpack .../114-libpng-dev_1.6.43-5ubuntu0.5_amd64.deb ...
tauri-driver smoke · Ubuntu 24.04	Install Ubuntu deps	2026-04-20T07:27:26.4979643Z Unpacking libpng-dev:amd64 (1.6.43-5ubuntu0.5) ...
tauri-driver smoke · Ubuntu 24.04	Install Ubuntu deps	2026-04-20T07:27:26.5286064Z Selecting previously unselected package libfreetype-dev:amd64.
tauri-driver smoke · Ubuntu 24.04	Install Ubuntu deps	2026-04-20T07:27:26.5430711Z Preparing to unpack .../115-libfreetype-dev_2.13.2+dfsg-1ubuntu0.1_amd64.deb ...
tauri-driver smoke · Ubuntu 24.04	Install Ubuntu deps	2026-04-20T07:27:26.5441689Z Unpacking libfreetype-dev:amd64 (2.13.2+dfsg-1ubuntu0.1) ...
tauri-driver smoke · Ubuntu 24.04	Install Ubuntu deps	2026-04-20T07:27:26.5844431Z Selecting previously unselected package libfontconfig-dev:amd64.
tauri-driver smoke · Ubuntu 24.04	Install Ubuntu deps	2026-04-20T07:27:26.5977307Z Preparing to unpack .../116-libfontconfig-dev_2.15.0-1.1ubuntu2_amd64.deb ...
tauri-driver smoke · Ubuntu 24.04	Install Ubuntu deps	2026-04-20T07:27:26.5993464Z Unpacking libfontconfig-dev:amd64 (2.15.0-1.1ubuntu2) ...
tauri-driver smoke · Ubuntu 24.04	Install Ubuntu deps	2026-04-20T07:27:26.6246531Z Selecting previously unselected package libpixman-1-dev:amd64.
tauri-driver smoke · Ubuntu 24.04	Install Ubuntu deps	2026-04-20T07:27:26.6390828Z Preparing to unpack .../117-libpixman-1-dev_0.42.2-1build1_amd64.deb ...
tauri-driver smoke · Ubuntu 24.04	Install Ubuntu deps	2026-04-20T07:27:26.6402571Z Unpacking libpixman-1-dev:amd64 (0.42.2-1build1) ...
tauri-driver smoke · Ubuntu 24.04	Install Ubuntu deps	2026-04-20T07:27:26.6669412Z Selecting previously unselected package libice-dev:amd64.
tauri-driver smoke · Ubuntu 24.04	Install Ubuntu deps	2026-04-20T07:27:26.6818034Z Preparing to unpack .../118-libice-dev_2%3a1.0.10-1build3_amd64.deb ...
tauri-driver smoke · Ubuntu 24.04	Install Ubuntu deps	2026-04-20T07:27:26.6830561Z Unpacking libice-dev:amd64 (2:1.0.10-1build3) ...
tauri-driver smoke · Ubuntu 24.04	Install Ubuntu deps	2026-04-20T07:27:26.7073924Z Selecting previously unselected package libsm-dev:amd64.
tauri-driver smoke · Ubuntu 24.04	Install Ubuntu deps	2026-04-20T07:27:26.7219781Z Preparing to unpack .../119-libsm-dev_2%3a1.2.3-1build3_amd64.deb ...
tauri-driver smoke · Ubuntu 24.04	Install Ubuntu deps	2026-04-20T07:27:26.7230638Z Unpacking libsm-dev:amd64 (2:1.2.3-1build3) ...
tauri-driver smoke · Ubuntu 24.04	Install Ubuntu deps	2026-04-20T07:27:26.7456371Z Selecting previously unselected package libxcb-render0-dev:amd64.
tauri-driver smoke · Ubuntu 24.04	Install Ubuntu deps	2026-04-20T07:27:26.7603602Z Preparing to unpack .../120-libxcb-render0-dev_1.15-1ubuntu2_amd64.deb ...
tauri-driver smoke · Ubuntu 24.04	Install Ubuntu deps	2026-04-20T07:27:26.7621873Z Unpacking libxcb-render0-dev:amd64 (1.15-1ubuntu2) ...
tauri-driver smoke · Ubuntu 24.04	Install Ubuntu deps	2026-04-20T07:27:26.7881637Z Selecting previously unselected package libxcb-shm0-dev:amd64.
tauri-driver smoke · Ubuntu 24.04	Install Ubuntu deps	2026-04-20T07:27:26.8032432Z Preparing to unpack .../121-libxcb-shm0-dev_1.15-1ubuntu2_amd64.deb ...
tauri-driver smoke · Ubuntu 24.04	Install Ubuntu deps	2026-04-20T07:27:26.8039791Z Unpacking libxcb-shm0-dev:amd64 (1.15-1ubuntu2) ...
tauri-driver smoke · Ubuntu 24.04	Install Ubuntu deps	2026-04-20T07:27:26.8280537Z Selecting previously unselected package libxrender-dev:amd64.
tauri-driver smoke · Ubuntu 24.04	Install Ubuntu deps	2026-04-20T07:27:26.8425603Z Preparing to unpack .../122-libxrender-dev_1%3a0.9.10-1.1build1_amd64.deb ...
tauri-driver smoke · Ubuntu 24.04	Install Ubuntu deps	2026-04-20T07:27:26.8434947Z Unpacking libxrender-dev:amd64 (1:0.9.10-1.1build1) ...
tauri-driver smoke · Ubuntu 24.04	Install Ubuntu deps	2026-04-20T07:27:26.8666054Z Selecting previously unselected package libcairo2-dev:amd64.
tauri-driver smoke · Ubuntu 24.04	Install Ubuntu deps	2026-04-20T07:27:26.8812934Z Preparing to unpack .../123-libcairo2-dev_1.18.0-3build1_amd64.deb ...
tauri-driver smoke · Ubuntu 24.04	Install Ubuntu deps	2026-04-20T07:27:26.8822714Z Unpacking libcairo2-dev:amd64 (1.18.0-3build1) ...
tauri-driver smoke · Ubuntu 24.04	Install Ubuntu deps	2026-04-20T07:27:26.9117664Z Selecting previously unselected package libglx-dev:amd64.
tauri-driver smoke · Ubuntu 24.04	Install Ubuntu deps	2026-04-20T07:27:26.9262919Z Preparing to unpack .../124-libglx-dev_1.7.0-1build1_amd64.deb ...
tauri-driver smoke · Ubuntu 24.04	Install Ubuntu deps	2026-04-20T07:27:26.9272956Z Unpacking libglx-dev:amd64 (1.7.0-1build1) ...
tauri-driver smoke · Ubuntu 24.04	Install Ubuntu deps	2026-04-20T07:27:26.9501594Z Selecting previously unselected package libgl-dev:amd64.
tauri-driver smoke · Ubuntu 24.04	Install Ubuntu deps	2026-04-20T07:27:26.9648111Z Preparing to unpack .../125-libgl-dev_1.7.0-1build1_amd64.deb ...
tauri-driver smoke · Ubuntu 24.04	Install Ubuntu deps	2026-04-20T07:27:26.9658086Z Unpacking libgl-dev:amd64 (1.7.0-1build1) ...
tauri-driver smoke · Ubuntu 24.04	Install Ubuntu deps	2026-04-20T07:27:26.9936931Z Selecting previously unselected package libegl-dev:amd64.
tauri-driver smoke · Ubuntu 24.04	Install Ubuntu deps	2026-04-20T07:27:27.0084267Z Preparing to unpack .../126-libegl-dev_1.7.0-1build1_amd64.deb ...
tauri-driver smoke · Ubuntu 24.04	Install Ubuntu deps	2026-04-20T07:27:27.0096118Z Unpacking libegl-dev:amd64 (1.7.0-1build1) ...
tauri-driver smoke · Ubuntu 24.04	Install Ubuntu deps	2026-04-20T07:27:27.0328593Z Selecting previously unselected package libglvnd-core-dev:amd64.
tauri-driver smoke · Ubuntu 24.04	Install Ubuntu deps	2026-04-20T07:27:27.0473378Z Preparing to unpack .../127-libglvnd-core-dev_1.7.0-1build1_amd64.deb ...
tauri-driver smoke · Ubuntu 24.04	Install Ubuntu deps	2026-04-20T07:27:27.0483277Z Unpacking libglvnd-core-dev:amd64 (1.7.0-1build1) ...
tauri-driver smoke · Ubuntu 24.04	Install Ubuntu deps	2026-04-20T07:27:27.0731881Z Selecting previously unselected package libgles1:amd64.
tauri-driver smoke · Ubuntu 24.04	Install Ubuntu deps	2026-04-20T07:27:27.0876775Z Preparing to unpack .../128-libgles1_1.7.0-1build1_amd64.deb ...
tauri-driver smoke · Ubuntu 24.04	Install Ubuntu deps	2026-04-20T07:27:27.0893231Z Unpacking libgles1:amd64 (1.7.0-1build1) ...
tauri-driver smoke · Ubuntu 24.04	Install Ubuntu deps	2026-04-20T07:27:27.1147638Z Selecting previously unselected package libgles-dev:amd64.
tauri-driver smoke · Ubuntu 24.04	Install Ubuntu deps	2026-04-20T07:27:27.1296731Z Preparing to unpack .../129-libgles-dev_1.7.0-1build1_amd64.deb ...
tauri-driver smoke · Ubuntu 24.04	Install Ubuntu deps	2026-04-20T07:27:27.1305892Z Unpacking libgles-dev:amd64 (1.7.0-1build1) ...
tauri-driver smoke · Ubuntu 24.04	Install Ubuntu deps	2026-04-20T07:27:27.1589325Z Selecting previously unselected package libopengl0:amd64.
tauri-driver smoke · Ubuntu 24.04	Install Ubuntu deps	2026-04-20T07:27:27.1734158Z Preparing to unpack .../130-libopengl0_1.7.0-1build1_amd64.deb ...
tauri-driver smoke · Ubuntu 24.04	Install Ubuntu deps	2026-04-20T07:27:27.1744075Z Unpacking libopengl0:amd64 (1.7.0-1build1) ...
tauri-driver smoke · Ubuntu 24.04	Install Ubuntu deps	2026-04-20T07:27:27.1968564Z Selecting previously unselected package libopengl-dev:amd64.
tauri-driver smoke · Ubuntu 24.04	Install Ubuntu deps	2026-04-20T07:27:27.2114479Z Preparing to unpack .../131-libopengl-dev_1.7.0-1build1_amd64.deb ...
tauri-driver smoke · Ubuntu 24.04	Install Ubuntu deps	2026-04-20T07:27:27.2122992Z Unpacking libopengl-dev:amd64 (1.7.0-1build1) ...
tauri-driver smoke · Ubuntu 24.04	Install Ubuntu deps	2026-04-20T07:27:27.2340176Z Selecting previously unselected package libglvnd-dev:amd64.
tauri-driver smoke · Ubuntu 24.04	Install Ubuntu deps	2026-04-20T07:27:27.2486466Z Preparing to unpack .../132-libglvnd-dev_1.7.0-1build1_amd64.deb ...
tauri-driver smoke · Ubuntu 24.04	Install Ubuntu deps	2026-04-20T07:27:27.2504814Z Unpacking libglvnd-dev:amd64 (1.7.0-1build1) ...
tauri-driver smoke · Ubuntu 24.04	Install Ubuntu deps	2026-04-20T07:27:27.2719065Z Selecting previously unselected package libegl1-mesa-dev:amd64.
tauri-driver smoke · Ubuntu 24.04	Install Ubuntu deps	2026-04-20T07:27:27.2867122Z Preparing to unpack .../133-libegl1-mesa-dev_25.2.8-0ubuntu0.24.04.1_amd64.deb ...
tauri-driver smoke · Ubuntu 24.04	Install Ubuntu deps	2026-04-20T07:27:27.2878829Z Unpacking libegl1-mesa-dev:amd64 (25.2.8-0ubuntu0.24.04.1) ...
tauri-driver smoke · Ubuntu 24.04	Install Ubuntu deps	2026-04-20T07:27:27.3107240Z Selecting previously unselected package libepoxy-dev:amd64.
tauri-driver smoke · Ubuntu 24.04	Install Ubuntu deps	2026-04-20T07:27:27.3251683Z Preparing to unpack .../134-libepoxy-dev_1.5.10-1build1_amd64.deb ...
tauri-driver smoke · Ubuntu 24.04	Install Ubuntu deps	2026-04-20T07:27:27.3261759Z Unpacking libepoxy-dev:amd64 (1.5.10-1build1) ...
tauri-driver smoke · Ubuntu 24.04	Install Ubuntu deps	2026-04-20T07:27:27.3538104Z Selecting previously unselected package libfribidi-dev:amd64.
tauri-driver smoke · Ubuntu 24.04	Install Ubuntu deps	2026-04-20T07:27:27.3682131Z Preparing to unpack .../135-libfribidi-dev_1.0.13-3build1_amd64.deb ...
tauri-driver smoke · Ubuntu 24.04	Install Ubuntu deps	2026-04-20T07:27:27.3691277Z Unpacking libfribidi-dev:amd64 (1.0.13-3build1) ...
tauri-driver smoke · Ubuntu 24.04	Install Ubuntu deps	2026-04-20T07:27:27.4007285Z Selecting previously unselected package libgdk-pixbuf2.0-bin.
tauri-driver smoke · Ubuntu 24.04	Install Ubuntu deps	2026-04-20T07:27:27.4150014Z Preparing to unpack .../136-libgdk-pixbuf2.0-bin_2.42.10+dfsg-3ubuntu3.3_amd64.deb ...
tauri-driver smoke · Ubuntu 24.04	Install Ubuntu deps	2026-04-20T07:27:27.4160905Z Unpacking libgdk-pixbuf2.0-bin (2.42.10+dfsg-3ubuntu3.3) ...
tauri-driver smoke · Ubuntu 24.04	Install Ubuntu deps	2026-04-20T07:27:27.4433807Z Selecting previously unselected package libjpeg-turbo8-dev:amd64.
tauri-driver smoke · Ubuntu 24.04	Install Ubuntu deps	2026-04-20T07:27:27.4578450Z Preparing to unpack .../137-libjpeg-turbo8-dev_2.1.5-2ubuntu2_amd64.deb ...
tauri-driver smoke · Ubuntu 24.04	Install Ubuntu deps	2026-04-20T07:27:27.4587814Z Unpacking libjpeg-turbo8-dev:amd64 (2.1.5-2ubuntu2) ...
tauri-driver smoke · Ubuntu 24.04	Install Ubuntu deps	2026-04-20T07:27:27.4879265Z Selecting previously unselected package libjpeg8-dev:amd64.
tauri-driver smoke · Ubuntu 24.04	Install Ubuntu deps	2026-04-20T07:27:27.5024471Z Preparing to unpack .../138-libjpeg8-dev_8c-2ubuntu11_amd64.deb ...
tauri-driver smoke · Ubuntu 24.04	Install Ubuntu deps	2026-04-20T07:27:27.5033074Z Unpacking libjpeg8-dev:amd64 (8c-2ubuntu11) ...
tauri-driver smoke · Ubuntu 24.04	Install Ubuntu deps	2026-04-20T07:27:27.5242015Z Selecting previously unselected package libjpeg-dev:amd64.
tauri-driver smoke · Ubuntu 24.04	Install Ubuntu deps	2026-04-20T07:27:27.5386868Z Preparing to unpack .../139-libjpeg-dev_8c-2ubuntu11_amd64.deb ...
tauri-driver smoke · Ubuntu 24.04	Install Ubuntu deps	2026-04-20T07:27:27.5395237Z Unpacking libjpeg-dev:amd64 (8c-2ubuntu11) ...
tauri-driver smoke · Ubuntu 24.04	Install Ubuntu deps	2026-04-20T07:27:27.5608649Z Selecting previously unselected package libjbig-dev:amd64.
tauri-driver smoke · Ubuntu 24.04	Install Ubuntu deps	2026-04-20T07:27:27.5754413Z Preparing to unpack .../140-libjbig-dev_2.1-6.1ubuntu2_amd64.deb ...
tauri-driver smoke · Ubuntu 24.04	Install Ubuntu deps	2026-04-20T07:27:27.5761673Z Unpacking libjbig-dev:amd64 (2.1-6.1ubuntu2) ...
tauri-driver smoke · Ubuntu 24.04	Install Ubuntu deps	2026-04-20T07:27:27.5988794Z Selecting previously unselected package liblzma-dev:amd64.
tauri-driver smoke · Ubuntu 24.04	Install Ubuntu deps	2026-04-20T07:27:27.6133138Z Preparing to unpack .../141-liblzma-dev_5.6.1+really5.4.5-1ubuntu0.2_amd64.deb ...
tauri-driver smoke · Ubuntu 24.04	Install Ubuntu deps	2026-04-20T07:27:27.6140939Z Unpacking liblzma-dev:amd64 (5.6.1+really5.4.5-1ubuntu0.2) ...
tauri-driver smoke · Ubuntu 24.04	Install Ubuntu deps	2026-04-20T07:27:27.6463573Z Selecting previously unselected package libwebpdecoder3:amd64.
tauri-driver smoke · Ubuntu 24.04	Install Ubuntu deps	2026-04-20T07:27:27.6599183Z Preparing to unpack .../142-libwebpdecoder3_1.3.2-0.4build3_amd64.deb ...
tauri-driver smoke · Ubuntu 24.04	Install Ubuntu deps	2026-04-20T07:27:27.6607399Z Unpacking libwebpdecoder3:amd64 (1.3.2-0.4build3) ...
tauri-driver smoke · Ubuntu 24.04	Install Ubuntu deps	2026-04-20T07:27:27.6839963Z Selecting previously unselected package libsharpyuv-dev:amd64.
tauri-driver smoke · Ubuntu 24.04	Install Ubuntu deps	2026-04-20T07:27:27.6987618Z Preparing to unpack .../143-libsharpyuv-dev_1.3.2-0.4build3_amd64.deb ...
tauri-driver smoke · Ubuntu 24.04	Install Ubuntu deps	2026-04-20T07:27:27.6996915Z Unpacking libsharpyuv-dev:amd64 (1.3.2-0.4build3) ...
tauri-driver smoke · Ubuntu 24.04	Install Ubuntu deps	2026-04-20T07:27:27.7220057Z Selecting previously unselected package libwebp-dev:amd64.
tauri-driver smoke · Ubuntu 24.04	Install Ubuntu deps	2026-04-20T07:27:27.7363510Z Preparing to unpack .../144-libwebp-dev_1.3.2-0.4build3_amd64.deb ...
tauri-driver smoke · Ubuntu 24.04	Install Ubuntu deps	2026-04-20T07:27:27.7395311Z Unpacking libwebp-dev:amd64 (1.3.2-0.4build3) ...
tauri-driver smoke · Ubuntu 24.04	Install Ubuntu deps	2026-04-20T07:27:27.7729249Z Selecting previously unselected package libtiffxx6:amd64.
tauri-driver smoke · Ubuntu 24.04	Install Ubuntu deps	2026-04-20T07:27:27.7871368Z Preparing to unpack .../145-libtiffxx6_4.5.1+git230720-4ubuntu2.5_amd64.deb ...
tauri-driver smoke · Ubuntu 24.04	Install Ubuntu deps	2026-04-20T07:27:27.7880318Z Unpacking libtiffxx6:amd64 (4.5.1+git230720-4ubuntu2.5) ...
tauri-driver smoke · Ubuntu 24.04	Install Ubuntu deps	2026-04-20T07:27:27.8113213Z Selecting previously unselected package libdeflate-dev:amd64.
tauri-driver smoke · Ubuntu 24.04	Install Ubuntu deps	2026-04-20T07:27:27.8239883Z Preparing to unpack .../146-libdeflate-dev_1.19-1build1.1_amd64.deb ...
tauri-driver smoke · Ubuntu 24.04	Install Ubuntu deps	2026-04-20T07:27:27.8249257Z Unpacking libdeflate-dev:amd64 (1.19-1build1.1) ...
tauri-driver smoke · Ubuntu 24.04	Install Ubuntu deps	2026-04-20T07:27:27.8486922Z Selecting previously unselected package liblerc-dev:amd64.
tauri-driver smoke · Ubuntu 24.04	Install Ubuntu deps	2026-04-20T07:27:27.8631953Z Preparing to unpack .../147-liblerc-dev_4.0.0+ds-4ubuntu2_amd64.deb ...
tauri-driver smoke · Ubuntu 24.04	Install Ubuntu deps	2026-04-20T07:27:27.8642091Z Unpacking liblerc-dev:amd64 (4.0.0+ds-4ubuntu2) ...
tauri-driver smoke · Ubuntu 24.04	Install Ubuntu deps	2026-04-20T07:27:27.8905993Z Selecting previously unselected package libtiff-dev:amd64.
tauri-driver smoke · Ubuntu 24.04	Install Ubuntu deps	2026-04-20T07:27:27.9050506Z Preparing to unpack .../148-libtiff-dev_4.5.1+git230720-4ubuntu2.5_amd64.deb ...
tauri-driver smoke · Ubuntu 24.04	Install Ubuntu deps	2026-04-20T07:27:27.9065188Z Unpacking libtiff-dev:amd64 (4.5.1+git230720-4ubuntu2.5) ...
tauri-driver smoke · Ubuntu 24.04	Install Ubuntu deps	2026-04-20T07:27:27.9466864Z Selecting previously unselected package libgdk-pixbuf-2.0-dev:amd64.
tauri-driver smoke · Ubuntu 24.04	Install Ubuntu deps	2026-04-20T07:27:27.9610770Z Preparing to unpack .../149-libgdk-pixbuf-2.0-dev_2.42.10+dfsg-3ubuntu3.3_amd64.deb ...
tauri-driver smoke · Ubuntu 24.04	Install Ubuntu deps	2026-04-20T07:27:27.9619935Z Unpacking libgdk-pixbuf-2.0-dev:amd64 (2.42.10+dfsg-3ubuntu3.3) ...
tauri-driver smoke · Ubuntu 24.04	Install Ubuntu deps	2026-04-20T07:27:27.9911941Z Selecting previously unselected package libharfbuzz-subset0:amd64.
tauri-driver smoke · Ubuntu 24.04	Install Ubuntu deps	2026-04-20T07:27:28.0061120Z Preparing to unpack .../150-libharfbuzz-subset0_8.3.0-2build2_amd64.deb ...
tauri-driver smoke · Ubuntu 24.04	Install Ubuntu deps	2026-04-20T07:27:28.0073456Z Unpacking libharfbuzz-subset0:amd64 (8.3.0-2build2) ...
tauri-driver smoke · Ubuntu 24.04	Install Ubuntu deps	2026-04-20T07:27:28.0383755Z Selecting previously unselected package libharfbuzz-cairo0:amd64.
tauri-driver smoke · Ubuntu 24.04	Install Ubuntu deps	2026-04-20T07:27:28.0514127Z Preparing to unpack .../151-libharfbuzz-cairo0_8.3.0-2build2_amd64.deb ...
tauri-driver smoke · Ubuntu 24.04	Install Ubuntu deps	2026-04-20T07:27:28.0521425Z Unpacking libharfbuzz-cairo0:amd64 (8.3.0-2build2) ...
tauri-driver smoke · Ubuntu 24.04	Install Ubuntu deps	2026-04-20T07:27:28.0794098Z Selecting previously unselected package libgraphite2-dev:amd64.
tauri-driver smoke · Ubuntu 24.04	Install Ubuntu deps	2026-04-20T07:27:28.0935753Z Preparing to unpack .../152-libgraphite2-dev_1.3.14-2build1_amd64.deb ...
tauri-driver smoke · Ubuntu 24.04	Install Ubuntu deps	2026-04-20T07:27:28.0943204Z Unpacking libgraphite2-dev:amd64 (1.3.14-2build1) ...
tauri-driver smoke · Ubuntu 24.04	Install Ubuntu deps	2026-04-20T07:27:28.1178608Z Selecting previously unselected package libharfbuzz-dev:amd64.
tauri-driver smoke · Ubuntu 24.04	Install Ubuntu deps	2026-04-20T07:27:28.1324776Z Preparing to unpack .../153-libharfbuzz-dev_8.3.0-2build2_amd64.deb ...
tauri-driver smoke · Ubuntu 24.04	Install Ubuntu deps	2026-04-20T07:27:28.1332181Z Unpacking libharfbuzz-dev:amd64 (8.3.0-2build2) ...
tauri-driver smoke · Ubuntu 24.04	Install Ubuntu deps	2026-04-20T07:27:28.1704043Z Selecting previously unselected package libdatrie-dev:amd64.
tauri-driver smoke · Ubuntu 24.04	Install Ubuntu deps	2026-04-20T07:27:28.1836220Z Preparing to unpack .../154-libdatrie-dev_0.2.13-3build1_amd64.deb ...
tauri-driver smoke · Ubuntu 24.04	Install Ubuntu deps	2026-04-20T07:27:28.1851344Z Unpacking libdatrie-dev:amd64 (0.2.13-3build1) ...
tauri-driver smoke · Ubuntu 24.04	Install Ubuntu deps	2026-04-20T07:27:28.2089822Z Selecting previously unselected package libthai-dev:amd64.
tauri-driver smoke · Ubuntu 24.04	Install Ubuntu deps	2026-04-20T07:27:28.2237317Z Preparing to unpack .../155-libthai-dev_0.1.29-2build1_amd64.deb ...
tauri-driver smoke · Ubuntu 24.04	Install Ubuntu deps	2026-04-20T07:27:28.2253380Z Unpacking libthai-dev:amd64 (0.1.29-2build1) ...
tauri-driver smoke · Ubuntu 24.04	Install Ubuntu deps	2026-04-20T07:27:28.2515120Z Selecting previously unselected package libxft-dev:amd64.
tauri-driver smoke · Ubuntu 24.04	Install Ubuntu deps	2026-04-20T07:27:28.2665085Z Preparing to unpack .../156-libxft-dev_2.3.6-1build1_amd64.deb ...
tauri-driver smoke · Ubuntu 24.04	Install Ubuntu deps	2026-04-20T07:27:28.2673457Z Unpacking libxft-dev:amd64 (2.3.6-1build1) ...
tauri-driver smoke · Ubuntu 24.04	Install Ubuntu deps	2026-04-20T07:27:28.3013537Z Selecting previously unselected package pango1.0-tools.
tauri-driver smoke · Ubuntu 24.04	Install Ubuntu deps	2026-04-20T07:27:28.3144091Z Preparing to unpack .../157-pango1.0-tools_1.52.1+ds-1build1_amd64.deb ...
tauri-driver smoke · Ubuntu 24.04	Install Ubuntu deps	2026-04-20T07:27:28.3160204Z Unpacking pango1.0-tools (1.52.1+ds-1build1) ...
tauri-driver smoke · Ubuntu 24.04	Install Ubuntu deps	2026-04-20T07:27:28.3400046Z Selecting previously unselected package libpango1.0-dev:amd64.
tauri-driver smoke · Ubuntu 24.04	Install Ubuntu deps	2026-04-20T07:27:28.3545181Z Preparing to unpack .../158-libpango1.0-dev_1.52.1+ds-1build1_amd64.deb ...
tauri-driver smoke · Ubuntu 24.04	Install Ubuntu deps	2026-04-20T07:27:28.3561546Z Unpacking libpango1.0-dev:amd64 (1.52.1+ds-1build1) ...
tauri-driver smoke · Ubuntu 24.04	Install Ubuntu deps	2026-04-20T07:27:28.3898307Z Selecting previously unselected package libwayland-bin.
tauri-driver smoke · Ubuntu 24.04	Install Ubuntu deps	2026-04-20T07:27:28.4042711Z Preparing to unpack .../159-libwayland-bin_1.22.0-2.1build1_amd64.deb ...
tauri-driver smoke · Ubuntu 24.04	Install Ubuntu deps	2026-04-20T07:27:28.4051859Z Unpacking libwayland-bin (1.22.0-2.1build1) ...
tauri-driver smoke · Ubuntu 24.04	Install Ubuntu deps	2026-04-20T07:27:28.4283844Z Selecting previously unselected package libwayland-dev:amd64.
tauri-driver smoke · Ubuntu 24.04	Install Ubuntu deps	2026-04-20T07:27:28.4429550Z Preparing to unpack .../160-libwayland-dev_1.22.0-2.1build1_amd64.deb ...
tauri-driver smoke · Ubuntu 24.04	Install Ubuntu deps	2026-04-20T07:27:28.4445573Z Unpacking libwayland-dev:amd64 (1.22.0-2.1build1) ...
tauri-driver smoke · Ubuntu 24.04	Install Ubuntu deps	2026-04-20T07:27:28.4714419Z Selecting previously unselected package libxcomposite-dev:amd64.
tauri-driver smoke · Ubuntu 24.04	Install Ubuntu deps	2026-04-20T07:27:28.4859920Z Preparing to unpack .../161-libxcomposite-dev_1%3a0.4.5-1build3_amd64.deb ...
tauri-driver smoke · Ubuntu 24.04	Install Ubuntu deps	2026-04-20T07:27:28.4870235Z Unpacking libxcomposite-dev:amd64 (1:0.4.5-1build3) ...
tauri-driver smoke · Ubuntu 24.04	Install Ubuntu deps	2026-04-20T07:27:28.5113923Z Selecting previously unselected package libxcursor-dev:amd64.
tauri-driver smoke · Ubuntu 24.04	Install Ubuntu deps	2026-04-20T07:27:28.5251097Z Preparing to unpack .../162-libxcursor-dev_1%3a1.2.1-1build1_amd64.deb ...
tauri-driver smoke · Ubuntu 24.04	Install Ubuntu deps	2026-04-20T07:27:28.5263869Z Unpacking libxcursor-dev:amd64 (1:1.2.1-1build1) ...
tauri-driver smoke · Ubuntu 24.04	Install Ubuntu deps	2026-04-20T07:27:28.5549178Z Selecting previously unselected package libxdamage-dev:amd64.
tauri-driver smoke · Ubuntu 24.04	Install Ubuntu deps	2026-04-20T07:27:28.5694409Z Preparing to unpack .../163-libxdamage-dev_1%3a1.1.6-1build1_amd64.deb ...
tauri-driver smoke · Ubuntu 24.04	Install Ubuntu deps	2026-04-20T07:27:28.5705935Z Unpacking libxdamage-dev:amd64 (1:1.1.6-1build1) ...
tauri-driver smoke · Ubuntu 24.04	Install Ubuntu deps	2026-04-20T07:27:28.6081165Z Selecting previously unselected package libxinerama-dev:amd64.
tauri-driver smoke · Ubuntu 24.04	Install Ubuntu deps	2026-04-20T07:27:28.6226724Z Preparing to unpack .../164-libxinerama-dev_2%3a1.1.4-3build1_amd64.deb ...
tauri-driver smoke · Ubuntu 24.04	Install Ubuntu deps	2026-04-20T07:27:28.6241851Z Unpacking libxinerama-dev:amd64 (2:1.1.4-3build1) ...
tauri-driver smoke · Ubuntu 24.04	Install Ubuntu deps	2026-04-20T07:27:28.6491265Z Selecting previously unselected package libxkbcommon-dev:amd64.
tauri-driver smoke · Ubuntu 24.04	Install Ubuntu deps	2026-04-20T07:27:28.6636443Z Preparing to unpack .../165-libxkbcommon-dev_1.6.0-1build1_amd64.deb ...
tauri-driver smoke · Ubuntu 24.04	Install Ubuntu deps	2026-04-20T07:27:28.6643815Z Unpacking libxkbcommon-dev:amd64 (1.6.0-1build1) ...
tauri-driver smoke · Ubuntu 24.04	Install Ubuntu deps	2026-04-20T07:27:28.6893425Z Selecting previously unselected package libxrandr-dev:amd64.
tauri-driver smoke · Ubuntu 24.04	Install Ubuntu deps	2026-04-20T07:27:28.7027796Z Preparing to unpack .../166-libxrandr-dev_2%3a1.5.2-2build1_amd64.deb ...
tauri-driver smoke · Ubuntu 24.04	Install Ubuntu deps	2026-04-20T07:27:28.7041288Z Unpacking libxrandr-dev:amd64 (2:1.5.2-2build1) ...
tauri-driver smoke · Ubuntu 24.04	Install Ubuntu deps	2026-04-20T07:27:28.7266624Z Selecting previously unselected package wayland-protocols.
tauri-driver smoke · Ubuntu 24.04	Install Ubuntu deps	2026-04-20T07:27:28.7413697Z Preparing to unpack .../167-wayland-protocols_1.45-1~ubuntu0.24.04.1_all.deb ...
tauri-driver smoke · Ubuntu 24.04	Install Ubuntu deps	2026-04-20T07:27:28.7421753Z Unpacking wayland-protocols (1.45-1~ubuntu0.24.04.1) ...
tauri-driver smoke · Ubuntu 24.04	Install Ubuntu deps	2026-04-20T07:27:28.7840465Z Selecting previously unselected package libgtk-3-dev:amd64.
tauri-driver smoke · Ubuntu 24.04	Install Ubuntu deps	2026-04-20T07:27:28.7986989Z Preparing to unpack .../168-libgtk-3-dev_3.24.41-4ubuntu1.3_amd64.deb ...
tauri-driver smoke · Ubuntu 24.04	Install Ubuntu deps	2026-04-20T07:27:28.8001185Z Unpacking libgtk-3-dev:amd64 (3.24.41-4ubuntu1.3) ...
tauri-driver smoke · Ubuntu 24.04	Install Ubuntu deps	2026-04-20T07:27:28.9324539Z Selecting previously unselected package libayatana-ido3-dev.
tauri-driver smoke · Ubuntu 24.04	Install Ubuntu deps	2026-04-20T07:27:28.9465930Z Preparing to unpack .../169-libayatana-ido3-dev_0.10.1-1build2_amd64.deb ...
tauri-driver smoke · Ubuntu 24.04	Install Ubuntu deps	2026-04-20T07:27:28.9474424Z Unpacking libayatana-ido3-dev (0.10.1-1build2) ...
tauri-driver smoke · Ubuntu 24.04	Install Ubuntu deps	2026-04-20T07:27:28.9721184Z Selecting previously unselected package libayatana-indicator3-dev.
tauri-driver smoke · Ubuntu 24.04	Install Ubuntu deps	2026-04-20T07:27:28.9866577Z Preparing to unpack .../170-libayatana-indicator3-dev_0.9.4-1build1_amd64.deb ...
tauri-driver smoke · Ubuntu 24.04	Install Ubuntu deps	2026-04-20T07:27:28.9874492Z Unpacking libayatana-indicator3-dev (0.9.4-1build1) ...
tauri-driver smoke · Ubuntu 24.04	Install Ubuntu deps	2026-04-20T07:27:29.0109920Z Selecting previously unselected package libdbusmenu-glib-dev:amd64.
tauri-driver smoke · Ubuntu 24.04	Install Ubuntu deps	2026-04-20T07:27:29.0256291Z Preparing to unpack .../171-libdbusmenu-glib-dev_18.10.20180917~bzr492+repack1-3.1ubuntu5_amd64.deb ...
tauri-driver smoke · Ubuntu 24.04	Install Ubuntu deps	2026-04-20T07:27:29.0271703Z Unpacking libdbusmenu-glib-dev:amd64 (18.10.20180917~bzr492+repack1-3.1ubuntu5) ...
tauri-driver smoke · Ubuntu 24.04	Install Ubuntu deps	2026-04-20T07:27:29.0524064Z Selecting previously unselected package libayatana-appindicator3-dev.
tauri-driver smoke · Ubuntu 24.04	Install Ubuntu deps	2026-04-20T07:27:29.0665341Z Preparing to unpack .../172-libayatana-appindicator3-dev_0.5.93-1build3_amd64.deb ...
tauri-driver smoke · Ubuntu 24.04	Install Ubuntu deps	2026-04-20T07:27:29.0676603Z Unpacking libayatana-appindicator3-dev (0.5.93-1build3) ...
tauri-driver smoke · Ubuntu 24.04	Install Ubuntu deps	2026-04-20T07:27:29.0916937Z Selecting previously unselected package libgirepository-1.0-dev:amd64.
tauri-driver smoke · Ubuntu 24.04	Install Ubuntu deps	2026-04-20T07:27:29.1061806Z Preparing to unpack .../173-libgirepository-1.0-dev_1.80.1-1_amd64.deb ...
tauri-driver smoke · Ubuntu 24.04	Install Ubuntu deps	2026-04-20T07:27:29.1070133Z Unpacking libgirepository-1.0-dev:amd64 (1.80.1-1) ...
tauri-driver smoke · Ubuntu 24.04	Install Ubuntu deps	2026-04-20T07:27:29.1332981Z Selecting previously unselected package libgirepository1.0-dev.
tauri-driver smoke · Ubuntu 24.04	Install Ubuntu deps	2026-04-20T07:27:29.1479488Z Preparing to unpack .../174-libgirepository1.0-dev_1.80.1-1_amd64.deb ...
tauri-driver smoke · Ubuntu 24.04	Install Ubuntu deps	2026-04-20T07:27:29.1492061Z Unpacking libgirepository1.0-dev (1.80.1-1) ...
tauri-driver smoke · Ubuntu 24.04	Install Ubuntu deps	2026-04-20T07:27:29.1709408Z Selecting previously unselected package libjavascriptcoregtk-4.1-dev:amd64.
tauri-driver smoke · Ubuntu 24.04	Install Ubuntu deps	2026-04-20T07:27:29.1855046Z Preparing to unpack .../175-libjavascriptcoregtk-4.1-dev_2.50.4-0ubuntu0.24.04.1_amd64.deb ...
tauri-driver smoke · Ubuntu 24.04	Install Ubuntu deps	2026-04-20T07:27:29.1865374Z Unpacking libjavascriptcoregtk-4.1-dev:amd64 (2.50.4-0ubuntu0.24.04.1) ...
tauri-driver smoke · Ubuntu 24.04	Install Ubuntu deps	2026-04-20T07:27:29.2136649Z Selecting previously unselected package libnghttp2-dev:amd64.
tauri-driver smoke · Ubuntu 24.04	Install Ubuntu deps	2026-04-20T07:27:29.2280887Z Preparing to unpack .../176-libnghttp2-dev_1.59.0-1ubuntu0.2_amd64.deb ...
tauri-driver smoke · Ubuntu 24.04	Install Ubuntu deps	2026-04-20T07:27:29.2293912Z Unpacking libnghttp2-dev:amd64 (1.59.0-1ubuntu0.2) ...
tauri-driver smoke · Ubuntu 24.04	Install Ubuntu deps	2026-04-20T07:27:29.2550416Z Selecting previously unselected package libwebrtc-audio-processing1:amd64.
tauri-driver smoke · Ubuntu 24.04	Install Ubuntu deps	2026-04-20T07:27:29.2695625Z Preparing to unpack .../177-libwebrtc-audio-processing1_0.3.1-0ubuntu6_amd64.deb ...
tauri-driver smoke · Ubuntu 24.04	Install Ubuntu deps	2026-04-20T07:27:29.2710937Z Unpacking libwebrtc-audio-processing1:amd64 (0.3.1-0ubuntu6) ...
tauri-driver smoke · Ubuntu 24.04	Install Ubuntu deps	2026-04-20T07:27:29.2964568Z Selecting previously unselected package libspa-0.2-modules:amd64.
tauri-driver smoke · Ubuntu 24.04	Install Ubuntu deps	2026-04-20T07:27:29.3110928Z Preparing to unpack .../178-libspa-0.2-modules_1.0.5-1ubuntu3.2_amd64.deb ...
tauri-driver smoke · Ubuntu 24.04	Install Ubuntu deps	2026-04-20T07:27:29.3128381Z Unpacking libspa-0.2-modules:amd64 (1.0.5-1ubuntu3.2) ...
tauri-driver smoke · Ubuntu 24.04	Install Ubuntu deps	2026-04-20T07:27:29.3467504Z Selecting previously unselected package libpipewire-0.3-0t64:amd64.
tauri-driver smoke · Ubuntu 24.04	Install Ubuntu deps	2026-04-20T07:27:29.3613053Z Preparing to unpack .../179-libpipewire-0.3-0t64_1.0.5-1ubuntu3.2_amd64.deb ...
tauri-driver smoke · Ubuntu 24.04	Install Ubuntu deps	2026-04-20T07:27:29.3621702Z Unpacking libpipewire-0.3-0t64:amd64 (1.0.5-1ubuntu3.2) ...
tauri-driver smoke · Ubuntu 24.04	Install Ubuntu deps	2026-04-20T07:27:29.3893514Z Selecting previously unselected package libpipewire-0.3-common.
tauri-driver smoke · Ubuntu 24.04	Install Ubuntu deps	2026-04-20T07:27:29.4023887Z Preparing to unpack .../180-libpipewire-0.3-common_1.0.5-1ubuntu3.2_all.deb ...
tauri-driver smoke · Ubuntu 24.04	Install Ubuntu deps	2026-04-20T07:27:29.4032981Z Unpacking libpipewire-0.3-common (1.0.5-1ubuntu3.2) ...
tauri-driver smoke · Ubuntu 24.04	Install Ubuntu deps	2026-04-20T07:27:29.4265081Z Selecting previously unselected package libpng-tools.
tauri-driver smoke · Ubuntu 24.04	Install Ubuntu deps	2026-04-20T07:27:29.4412109Z Preparing to unpack .../181-libpng-tools_1.6.43-5ubuntu0.5_amd64.deb ...
tauri-driver smoke · Ubuntu 24.04	Install Ubuntu deps	2026-04-20T07:27:29.4420406Z Unpacking libpng-tools (1.6.43-5ubuntu0.5) ...
tauri-driver smoke · Ubuntu 24.04	Install Ubuntu deps	2026-04-20T07:27:29.4640323Z Selecting previously unselected package libpsl-dev:amd64.
tauri-driver smoke · Ubuntu 24.04	Install Ubuntu deps	2026-04-20T07:27:29.4788323Z Preparing to unpack .../182-libpsl-dev_0.21.2-1.1build1_amd64.deb ...
tauri-driver smoke · Ubuntu 24.04	Install Ubuntu deps	2026-04-20T07:27:29.4810715Z Unpacking libpsl-dev:amd64 (0.21.2-1.1build1) ...
tauri-driver smoke · Ubuntu 24.04	Install Ubuntu deps	2026-04-20T07:27:29.5064835Z Selecting previously unselected package librsvg2-common:amd64.
tauri-driver smoke · Ubuntu 24.04	Install Ubuntu deps	2026-04-20T07:27:29.5217468Z Preparing to unpack .../183-librsvg2-common_2.58.0+dfsg-1build1_amd64.deb ...
tauri-driver smoke · Ubuntu 24.04	Install Ubuntu deps	2026-04-20T07:27:29.5227320Z Unpacking librsvg2-common:amd64 (2.58.0+dfsg-1build1) ...
tauri-driver smoke · Ubuntu 24.04	Install Ubuntu deps	2026-04-20T07:27:29.5544217Z Selecting previously unselected package librsvg2-dev:amd64.
tauri-driver smoke · Ubuntu 24.04	Install Ubuntu deps	2026-04-20T07:27:29.5690403Z Preparing to unpack .../184-librsvg2-dev_2.58.0+dfsg-1build1_amd64.deb ...
tauri-driver smoke · Ubuntu 24.04	Install Ubuntu deps	2026-04-20T07:27:29.5698443Z Unpacking librsvg2-dev:amd64 (2.58.0+dfsg-1build1) ...
tauri-driver smoke · Ubuntu 24.04	Install Ubuntu deps	2026-04-20T07:27:29.5947968Z Selecting previously unselected package libsysprof-capture-4-dev:amd64.
tauri-driver smoke · Ubuntu 24.04	Install Ubuntu deps	2026-04-20T07:27:29.6106532Z Preparing to unpack .../185-libsysprof-capture-4-dev_46.0-1build1_amd64.deb ...
tauri-driver smoke · Ubuntu 24.04	Install Ubuntu deps	2026-04-20T07:27:29.6115276Z Unpacking libsysprof-capture-4-dev:amd64 (46.0-1build1) ...
tauri-driver smoke · Ubuntu 24.04	Install Ubuntu deps	2026-04-20T07:27:29.6369926Z Selecting previously unselected package libsoup-3.0-dev:amd64.
tauri-driver smoke · Ubuntu 24.04	Install Ubuntu deps	2026-04-20T07:27:29.6518460Z Preparing to unpack .../186-libsoup-3.0-dev_3.4.4-5ubuntu0.7_amd64.deb ...
tauri-driver smoke · Ubuntu 24.04	Install Ubuntu deps	2026-04-20T07:27:29.6530602Z Unpacking libsoup-3.0-dev:amd64 (3.4.4-5ubuntu0.7) ...
tauri-driver smoke · Ubuntu 24.04	Install Ubuntu deps	2026-04-20T07:27:29.6850271Z Selecting previously unselected package libwebkit2gtk-4.1-dev.
tauri-driver smoke · Ubuntu 24.04	Install Ubuntu deps	2026-04-20T07:27:29.7002658Z Preparing to unpack .../187-libwebkit2gtk-4.1-dev_2.50.4-0ubuntu0.24.04.1_amd64.deb ...
tauri-driver smoke · Ubuntu 24.04	Install Ubuntu deps	2026-04-20T07:27:29.7013149Z Unpacking libwebkit2gtk-4.1-dev (2.50.4-0ubuntu0.24.04.1) ...
tauri-driver smoke · Ubuntu 24.04	Install Ubuntu deps	2026-04-20T07:27:29.7696246Z Selecting previously unselected package webkit2gtk-driver.
tauri-driver smoke · Ubuntu 24.04	Install Ubuntu deps	2026-04-20T07:27:29.7844611Z Preparing to unpack .../188-webkit2gtk-driver_2.50.4-0ubuntu0.24.04.1_amd64.deb ...
tauri-driver smoke · Ubuntu 24.04	Install Ubuntu deps	2026-04-20T07:27:29.7855803Z Unpacking webkit2gtk-driver (2.50.4-0ubuntu0.24.04.1) ...
tauri-driver smoke · Ubuntu 24.04	Install Ubuntu deps	2026-04-20T07:27:29.8150383Z Selecting previously unselected package xdg-desktop-portal.
tauri-driver smoke · Ubuntu 24.04	Install Ubuntu deps	2026-04-20T07:27:29.8296925Z Preparing to unpack .../189-xdg-desktop-portal_1.18.4-1ubuntu2.24.04.1_amd64.deb ...
tauri-driver smoke · Ubuntu 24.04	Install Ubuntu deps	2026-04-20T07:27:29.8313239Z Unpacking xdg-desktop-portal (1.18.4-1ubuntu2.24.04.1) ...
tauri-driver smoke · Ubuntu 24.04	Install Ubuntu deps	2026-04-20T07:27:29.8630326Z Selecting previously unselected package xdg-desktop-portal-gtk.
tauri-driver smoke · Ubuntu 24.04	Install Ubuntu deps	2026-04-20T07:27:29.8773086Z Preparing to unpack .../190-xdg-desktop-portal-gtk_1.15.1-1build2_amd64.deb ...
tauri-driver smoke · Ubuntu 24.04	Install Ubuntu deps	2026-04-20T07:27:29.8781883Z Unpacking xdg-desktop-portal-gtk (1.15.1-1build2) ...
tauri-driver smoke · Ubuntu 24.04	Install Ubuntu deps	2026-04-20T07:27:29.9300795Z Setting up libpipewire-0.3-common (1.0.5-1ubuntu3.2) ...
tauri-driver smoke · Ubuntu 24.04	Install Ubuntu deps	2026-04-20T07:27:29.9330933Z Setting up bubblewrap (0.9.0-1ubuntu0.1) ...
tauri-driver smoke · Ubuntu 24.04	Install Ubuntu deps	2026-04-20T07:27:29.9384346Z Setting up libcairo-script-interpreter2:amd64 (1.18.0-3build1) ...
tauri-driver smoke · Ubuntu 24.04	Install Ubuntu deps	2026-04-20T07:27:29.9408553Z Setting up libglib2.0-dev-bin (2.80.0-6ubuntu3.8) ...
tauri-driver smoke · Ubuntu 24.04	Install Ubuntu deps	2026-04-20T07:27:30.0934796Z Setting up libcdparanoia0:amd64 (3.10.2+debian-14build3) ...
tauri-driver smoke · Ubuntu 24.04	Install Ubuntu deps	2026-04-20T07:27:30.0957557Z Setting up bzip2-doc (1.0.8-5.1build0.1) ...
tauri-driver smoke · Ubuntu 24.04	Install Ubuntu deps	2026-04-20T07:27:30.0978555Z Setting up libwayland-server0:amd64 (1.22.0-2.1build1) ...
tauri-driver smoke · Ubuntu 24.04	Install Ubuntu deps	2026-04-20T07:27:30.1016597Z Setting up libnghttp2-dev:amd64 (1.59.0-1ubuntu0.2) ...
tauri-driver smoke · Ubuntu 24.04	Install Ubuntu deps	2026-04-20T07:27:30.1040667Z Setting up session-migration (0.3.9build1) ...
tauri-driver smoke · Ubuntu 24.04	Install Ubuntu deps	2026-04-20T07:27:30.2415493Z Created symlink /etc/systemd/user/graphical-session-pre.target.wants/session-migration.service → /usr/lib/systemd/user/session-migration.service.
tauri-driver smoke · Ubuntu 24.04	Install Ubuntu deps	2026-04-20T07:27:30.2417446Z 
tauri-driver smoke · Ubuntu 24.04	Install Ubuntu deps	2026-04-20T07:27:30.2447521Z Setting up libjpeg-turbo8-dev:amd64 (2.1.5-2ubuntu2) ...
tauri-driver smoke · Ubuntu 24.04	Install Ubuntu deps	2026-04-20T07:27:30.2472533Z Setting up libraw1394-11:amd64 (2.1.2-2build3) ...
tauri-driver smoke · Ubuntu 24.04	Install Ubuntu deps	2026-04-20T07:27:30.2499729Z Setting up libproxy1v5:amd64 (0.5.4-4build1) ...
tauri-driver smoke · Ubuntu 24.04	Install Ubuntu deps	2026-04-20T07:27:30.2522122Z Setting up gir1.2-freedesktop:amd64 (1.80.1-1) ...
tauri-driver smoke · Ubuntu 24.04	Install Ubuntu deps	2026-04-20T07:27:30.2557947Z Setting up libtag1v5-vanilla:amd64 (1.13.1-1build1) ...
tauri-driver smoke · Ubuntu 24.04	Install Ubuntu deps	2026-04-20T07:27:30.2583113Z Setting up libharfbuzz-icu0:amd64 (8.3.0-2build2) ...
tauri-driver smoke · Ubuntu 24.04	Install Ubuntu deps	2026-04-20T07:27:30.2606535Z Setting up libpixman-1-dev:amd64 (0.42.2-1build1) ...
tauri-driver smoke · Ubuntu 24.04	Install Ubuntu deps	2026-04-20T07:27:30.2628636Z Setting up libspeex1:amd64 (1.2.1-2ubuntu2.24.04.1) ...
tauri-driver smoke · Ubuntu 24.04	Install Ubuntu deps	2026-04-20T07:27:30.2650523Z Setting up libcaca0:amd64 (0.99.beta20-4ubuntu0.1) ...
tauri-driver smoke · Ubuntu 24.04	Install Ubuntu deps	2026-04-20T07:27:30.2672681Z Setting up libv4lconvert0t64:amd64 (1.26.1-4build3) ...
tauri-driver smoke · Ubuntu 24.04	Install Ubuntu deps	2026-04-20T07:27:30.2701078Z Setting up libpangoxft-1.0-0:amd64 (1.52.1+ds-1build1) ...
tauri-driver smoke · Ubuntu 24.04	Install Ubuntu deps	2026-04-20T07:27:30.2724355Z Setting up gir1.2-dbusmenu-glib-0.4:amd64 (18.10.20180917~bzr492+repack1-3.1ubuntu5) ...
tauri-driver smoke · Ubuntu 24.04	Install Ubuntu deps	2026-04-20T07:27:30.2746935Z Setting up libglvnd-core-dev:amd64 (1.7.0-1build1) ...
tauri-driver smoke · Ubuntu 24.04	Install Ubuntu deps	2026-04-20T07:27:30.2769784Z Setting up libtwolame0:amd64 (0.4.0-2build3) ...
tauri-driver smoke · Ubuntu 24.04	Install Ubuntu deps	2026-04-20T07:27:30.2793724Z Setting up libwoff1:amd64 (1.0.2-2build1) ...
tauri-driver smoke · Ubuntu 24.04	Install Ubuntu deps	2026-04-20T07:27:30.2818321Z Setting up gir1.2-gdkpixbuf-2.0:amd64 (2.42.10+dfsg-3ubuntu3.3) ...
tauri-driver smoke · Ubuntu 24.04	Install Ubuntu deps	2026-04-20T07:27:30.2841563Z Setting up libhyphen0:amd64 (2.8.8-7build3) ...
tauri-driver smoke · Ubuntu 24.04	Install Ubuntu deps	2026-04-20T07:27:30.2884956Z Setting up libpng-tools (1.6.43-5ubuntu0.5) ...
tauri-driver smoke · Ubuntu 24.04	Install Ubuntu deps	2026-04-20T07:27:30.2914913Z Setting up libgirepository-2.0-0:amd64 (2.80.0-6ubuntu3.8) ...
tauri-driver smoke · Ubuntu 24.04	Install Ubuntu deps	2026-04-20T07:27:30.2943030Z Setting up libvisual-0.4-0:amd64 (0.4.2-2build1) ...
tauri-driver smoke · Ubuntu 24.04	Install Ubuntu deps	2026-04-20T07:27:30.2971617Z Setting up gir1.2-atk-1.0:amd64 (2.52.0-1build1) ...
tauri-driver smoke · Ubuntu 24.04	Install Ubuntu deps	2026-04-20T07:27:30.3003501Z Setting up libfribidi-dev:amd64 (1.0.13-3build1) ...
tauri-driver smoke · Ubuntu 24.04	Install Ubuntu deps	2026-04-20T07:27:30.3031408Z Setting up libmanette-0.2-0:amd64 (0.2.7-1build2) ...
tauri-driver smoke · Ubuntu 24.04	Install Ubuntu deps	2026-04-20T07:27:30.3064492Z Setting up libxkbcommon-dev:amd64 (1.6.0-1build1) ...
tauri-driver smoke · Ubuntu 24.04	Install Ubuntu deps	2026-04-20T07:27:30.3091970Z Setting up libpng-dev:amd64 (1.6.43-5ubuntu0.5) ...
tauri-driver smoke · Ubuntu 24.04	Install Ubuntu deps	2026-04-20T07:27:30.3115855Z Setting up pango1.0-tools (1.52.1+ds-1build1) ...
tauri-driver smoke · Ubuntu 24.04	Install Ubuntu deps	2026-04-20T07:27:30.3140276Z Setting up libjbig-dev:amd64 (2.1-6.1ubuntu2) ...
tauri-driver smoke · Ubuntu 24.04	Install Ubuntu deps	2026-04-20T07:27:30.3163231Z Setting up libwebrtc-audio-processing1:amd64 (0.3.1-0ubuntu6) ...
tauri-driver smoke · Ubuntu 24.04	Install Ubuntu deps	2026-04-20T07:27:30.3184607Z Setting up libwebpdecoder3:amd64 (1.3.2-0.4build3) ...
tauri-driver smoke · Ubuntu 24.04	Install Ubuntu deps	2026-04-20T07:27:30.3215002Z Setting up libharfbuzz-gobject0:amd64 (8.3.0-2build2) ...
tauri-driver smoke · Ubuntu 24.04	Install Ubuntu deps	2026-04-20T07:27:30.3237641Z Setting up gir1.2-atspi-2.0:amd64 (2.52.0-1build1) ...
tauri-driver smoke · Ubuntu 24.04	Install Ubuntu deps	2026-04-20T07:27:30.3259133Z Setting up libsoup-3.0-common (3.4.4-5ubuntu0.7) ...
tauri-driver smoke · Ubuntu 24.04	Install Ubuntu deps	2026-04-20T07:27:30.3285423Z Setting up libmpg123-0t64:amd64 (1.32.5-1ubuntu1.1) ...
tauri-driver smoke · Ubuntu 24.04	Install Ubuntu deps	2026-04-20T07:27:30.3308796Z Setting up libayatana-ido3-0.4-0:amd64 (0.10.1-1build2) ...
tauri-driver smoke · Ubuntu 24.04	Install Ubuntu deps	2026-04-20T07:27:30.3336796Z Setting up gir1.2-harfbuzz-0.0:amd64 (8.3.0-2build2) ...
tauri-driver smoke · Ubuntu 24.04	Install Ubuntu deps	2026-04-20T07:27:30.3365526Z Setting up libpthread-stubs0-dev:amd64 (0.4-1build3) ...
tauri-driver smoke · Ubuntu 24.04	Install Ubuntu deps	2026-04-20T07:27:30.3389128Z Setting up libopengl0:amd64 (1.7.0-1build1) ...
tauri-driver smoke · Ubuntu 24.04	Install Ubuntu deps	2026-04-20T07:27:30.3415319Z Setting up libpsl-dev:amd64 (0.21.2-1.1build1) ...
tauri-driver smoke · Ubuntu 24.04	Install Ubuntu deps	2026-04-20T07:27:30.3440292Z Setting up liborc-0.4-0t64:amd64 (1:0.4.38-1ubuntu0.1) ...
tauri-driver smoke · Ubuntu 24.04	Install Ubuntu deps	2026-04-20T07:27:30.3464208Z Setting up librsvg2-2:amd64 (2.58.0+dfsg-1build1) ...
tauri-driver smoke · Ubuntu 24.04	Install Ubuntu deps	2026-04-20T07:27:30.3492659Z Setting up libsysprof-capture-4-dev:amd64 (46.0-1build1) ...
tauri-driver smoke · Ubuntu 24.04	Install Ubuntu deps	2026-04-20T07:27:30.3517644Z Setting up xtrans-dev (1.4.0-1) ...
tauri-driver smoke · Ubuntu 24.04	Install Ubuntu deps	2026-04-20T07:27:30.3541446Z Setting up libwayland-bin (1.22.0-2.1build1) ...
tauri-driver smoke · Ubuntu 24.04	Install Ubuntu deps	2026-04-20T07:27:30.3567097Z Setting up libgraphite2-dev:amd64 (1.3.14-2build1) ...
tauri-driver smoke · Ubuntu 24.04	Install Ubuntu deps	2026-04-20T07:27:30.3591469Z Setting up gir1.2-pango-1.0:amd64 (1.52.1+ds-1build1) ...
tauri-driver smoke · Ubuntu 24.04	Install Ubuntu deps	2026-04-20T07:27:30.3616608Z Setting up libegl-mesa0:amd64 (25.2.8-0ubuntu0.24.04.1) ...
tauri-driver smoke · Ubuntu 24.04	Install Ubuntu deps	2026-04-20T07:27:30.3646158Z Setting up libjavascriptcoregtk-4.1-0:amd64 (2.50.4-0ubuntu0.24.04.1) ...
tauri-driver smoke · Ubuntu 24.04	Install Ubuntu deps	2026-04-20T07:27:30.3670557Z Setting up libgles2:amd64 (1.7.0-1build1) ...
tauri-driver smoke · Ubuntu 24.04	Install Ubuntu deps	2026-04-20T07:27:30.3694758Z Setting up libharfbuzz-cairo0:amd64 (8.3.0-2build2) ...
tauri-driver smoke · Ubuntu 24.04	Install Ubuntu deps	2026-04-20T07:27:30.3720408Z Setting up libdbus-1-dev:amd64 (1.14.10-4ubuntu4.1) ...
tauri-driver smoke · Ubuntu 24.04	Install Ubuntu deps	2026-04-20T07:27:30.5368568Z Setting up libspa-0.2-modules:amd64 (1.0.5-1ubuntu3.2) ...
tauri-driver smoke · Ubuntu 24.04	Install Ubuntu deps	2026-04-20T07:27:30.5404659Z Setting up uuid-dev:amd64 (2.39.3-9ubuntu6.5) ...
tauri-driver smoke · Ubuntu 24.04	Install Ubuntu deps	2026-04-20T07:27:30.5426777Z Setting up libgles1:amd64 (1.7.0-1build1) ...
tauri-driver smoke · Ubuntu 24.04	Install Ubuntu deps	2026-04-20T07:27:30.5454441Z Setting up libopus0:amd64 (1.4-1build1) ...
tauri-driver smoke · Ubuntu 24.04	Install Ubuntu deps	2026-04-20T07:27:30.5479131Z Setting up libxv1:amd64 (2:1.0.11-1.1build1) ...
tauri-driver smoke · Ubuntu 24.04	Install Ubuntu deps	2026-04-20T07:27:30.5504566Z Setting up python3-markdown (3.5.2-1) ...
tauri-driver smoke · Ubuntu 24.04	Install Ubuntu deps	2026-04-20T07:27:30.7140275Z Setting up libdv4t64:amd64 (1.0.0-17.1build1) ...
tauri-driver smoke · Ubuntu 24.04	Install Ubuntu deps	2026-04-20T07:27:30.7162002Z Setting up libsepol-dev:amd64 (3.5-2build1) ...
tauri-driver smoke · Ubuntu 24.04	Install Ubuntu deps	2026-04-20T07:27:30.7189268Z Setting up liblerc-dev:amd64 (4.0.0+ds-4ubuntu2) ...
tauri-driver smoke · Ubuntu 24.04	Install Ubuntu deps	2026-04-20T07:27:30.7211674Z Setting up librsvg2-common:amd64 (2.58.0+dfsg-1build1) ...
tauri-driver smoke · Ubuntu 24.04	Install Ubuntu deps	2026-04-20T07:27:30.7266883Z Setting up libdbusmenu-glib-dev:amd64 (18.10.20180917~bzr492+repack1-3.1ubuntu5) ...
tauri-driver smoke · Ubuntu 24.04	Install Ubuntu deps	2026-04-20T07:27:30.7315910Z Setting up libv4l-0t64:amd64 (1.26.1-4build3) ...
tauri-driver smoke · Ubuntu 24.04	Install Ubuntu deps	2026-04-20T07:27:30.7343034Z Setting up liblzma-dev:amd64 (5.6.1+really5.4.5-1ubuntu0.2) ...
tauri-driver smoke · Ubuntu 24.04	Install Ubuntu deps	2026-04-20T07:27:30.7369005Z Setting up gir1.2-ayatanaido3-0.4:amd64 (0.10.1-1build2) ...
tauri-driver smoke · Ubuntu 24.04	Install Ubuntu deps	2026-04-20T07:27:30.7390164Z Setting up xdg-dbus-proxy (0.1.5-1ubuntu0.2) ...
tauri-driver smoke · Ubuntu 24.04	Install Ubuntu deps	2026-04-20T07:27:30.7412905Z Setting up libvpx9:amd64 (1.14.0-1ubuntu2.3) ...
tauri-driver smoke · Ubuntu 24.04	Install Ubuntu deps	2026-04-20T07:27:30.7445385Z Setting up wayland-protocols (1.45-1~ubuntu0.24.04.1) ...
tauri-driver smoke · Ubuntu 24.04	Install Ubuntu deps	2026-04-20T07:27:30.7468763Z Setting up libtag1v5:amd64 (1.13.1-1build1) ...
tauri-driver smoke · Ubuntu 24.04	Install Ubuntu deps	2026-04-20T07:27:30.7494189Z Setting up libdatrie-dev:amd64 (0.2.13-3build1) ...
tauri-driver smoke · Ubuntu 24.04	Install Ubuntu deps	2026-04-20T07:27:30.7516458Z Setting up gir1.2-glib-2.0-dev:amd64 (2.80.0-6ubuntu3.8) ...
tauri-driver smoke · Ubuntu 24.04	Install Ubuntu deps	2026-04-20T07:27:30.7539950Z Setting up libasyncns0:amd64 (0.8-6build4) ...
tauri-driver smoke · Ubuntu 24.04	Install Ubuntu deps	2026-04-20T07:27:30.7566357Z Setting up libgdk-pixbuf2.0-bin (2.42.10+dfsg-3ubuntu3.3) ...
tauri-driver smoke · Ubuntu 24.04	Install Ubuntu deps	2026-04-20T07:27:30.7590560Z Setting up libwavpack1:amd64 (5.6.0-1build1) ...
tauri-driver smoke · Ubuntu 24.04	Install Ubuntu deps	2026-04-20T07:27:30.7613990Z Setting up libtheora0:amd64 (1.1.1+dfsg.1-16.1build3) ...
tauri-driver smoke · Ubuntu 24.04	Install Ubuntu deps	2026-04-20T07:27:30.7639780Z Setting up libegl1:amd64 (1.7.0-1build1) ...
tauri-driver smoke · Ubuntu 24.04	Install Ubuntu deps	2026-04-20T07:27:30.7783349Z Setting up libharfbuzz-subset0:amd64 (8.3.0-2build2) ...
tauri-driver smoke · Ubuntu 24.04	Install Ubuntu deps	2026-04-20T07:27:30.7809146Z Setting up build-essential (12.10ubuntu1) ...
tauri-driver smoke · Ubuntu 24.04	Install Ubuntu deps	2026-04-20T07:27:30.7832098Z Setting up xorg-sgml-doctools (1:1.11-1.1) ...
tauri-driver smoke · Ubuntu 24.04	Install Ubuntu deps	2026-04-20T07:27:30.7862981Z Setting up libflac12t64:amd64 (1.4.3+ds-2.1ubuntu2) ...
tauri-driver smoke · Ubuntu 24.04	Install Ubuntu deps	2026-04-20T07:27:30.7884432Z Setting up libopengl-dev:amd64 (1.7.0-1build1) ...
tauri-driver smoke · Ubuntu 24.04	Install Ubuntu deps	2026-04-20T07:27:30.7905150Z Setting up glib-networking-common (2.80.0-1build1) ...
tauri-driver smoke · Ubuntu 24.04	Install Ubuntu deps	2026-04-20T07:27:30.7942798Z Setting up libjpeg8-dev:amd64 (8c-2ubuntu11) ...
tauri-driver smoke · Ubuntu 24.04	Install Ubuntu deps	2026-04-20T07:27:30.7973710Z Setting up gir1.2-rsvg-2.0:amd64 (2.58.0+dfsg-1build1) ...
tauri-driver smoke · Ubuntu 24.04	Install Ubuntu deps	2026-04-20T07:27:30.7996549Z Setting up libsharpyuv-dev:amd64 (1.3.2-0.4build3) ...
tauri-driver smoke · Ubuntu 24.04	Install Ubuntu deps	2026-04-20T07:27:30.8020821Z Setting up libayatana-indicator3-7:amd64 (0.9.4-1build1) ...
tauri-driver smoke · Ubuntu 24.04	Install Ubuntu deps	2026-04-20T07:27:30.8042702Z Setting up libtiffxx6:amd64 (4.5.1+git230720-4ubuntu2.5) ...
tauri-driver smoke · Ubuntu 24.04	Install Ubuntu deps	2026-04-20T07:27:30.8064567Z Setting up libdeflate-dev:amd64 (1.19-1build1.1) ...
tauri-driver smoke · Ubuntu 24.04	Install Ubuntu deps	2026-04-20T07:27:30.8091924Z Setting up libpipewire-0.3-0t64:amd64 (1.0.5-1ubuntu3.2) ...
tauri-driver smoke · Ubuntu 24.04	Install Ubuntu deps	2026-04-20T07:27:30.8113681Z Setting up libbrotli-dev:amd64 (1.1.0-2build2) ...
tauri-driver smoke · Ubuntu 24.04	Install Ubuntu deps	2026-04-20T07:27:30.8137537Z Setting up libsecret-common (0.21.4-1build3) ...
tauri-driver smoke · Ubuntu 24.04	Install Ubuntu deps	2026-04-20T07:27:30.8162698Z Setting up libmp3lame0:amd64 (3.100-6build1) ...
tauri-driver smoke · Ubuntu 24.04	Install Ubuntu deps	2026-04-20T07:27:30.8185858Z Setting up libgraphene-1.0-0:amd64 (1.10.8-3build2) ...
tauri-driver smoke · Ubuntu 24.04	Install Ubuntu deps	2026-04-20T07:27:30.8209223Z Setting up python3-mako (1.3.2-1) ...
tauri-driver smoke · Ubuntu 24.04	Install Ubuntu deps	2026-04-20T07:27:30.9842166Z Setting up libvorbisenc2:amd64 (1.3.7-1build3) ...
tauri-driver smoke · Ubuntu 24.04	Install Ubuntu deps	2026-04-20T07:27:30.9867905Z Setting up libaa1:amd64 (1.4p5-51.1) ...
tauri-driver smoke · Ubuntu 24.04	Install Ubuntu deps	2026-04-20T07:27:30.9894968Z Setting up libiec61883-0:amd64 (1.2.0-6build1) ...
tauri-driver smoke · Ubuntu 24.04	Install Ubuntu deps	2026-04-20T07:27:30.9919791Z Setting up libbz2-dev:amd64 (1.0.8-5.1build0.1) ...
tauri-driver smoke · Ubuntu 24.04	Install Ubuntu deps	2026-04-20T07:27:30.9942007Z Setting up libavc1394-0:amd64 (0.5.4-5build3) ...
tauri-driver smoke · Ubuntu 24.04	Install Ubuntu deps	2026-04-20T07:27:30.9978300Z Setting up gsettings-desktop-schemas (46.1-0ubuntu1) ...
tauri-driver smoke · Ubuntu 24.04	Install Ubuntu deps	2026-04-20T07:27:31.0003039Z Setting up glib-networking-services (2.80.0-1build1) ...
tauri-driver smoke · Ubuntu 24.04	Install Ubuntu deps	2026-04-20T07:27:31.0024555Z Setting up libblkid-dev:amd64 (2.39.3-9ubuntu6.5) ...
tauri-driver smoke · Ubuntu 24.04	Install Ubuntu deps	2026-04-20T07:27:31.0047157Z Setting up xdg-desktop-portal (1.18.4-1ubuntu2.24.04.1) ...
tauri-driver smoke · Ubuntu 24.04	Install Ubuntu deps	2026-04-20T07:27:31.1133157Z Created symlink /etc/systemd/user/graphical-session-pre.target.wants/xdg-desktop-portal-rewrite-launchers.service → /usr/lib/systemd/user/xdg-desktop-portal-rewrite-launchers.service.
tauri-driver smoke · Ubuntu 24.04	Install Ubuntu deps	2026-04-20T07:27:31.1134805Z 
tauri-driver smoke · Ubuntu 24.04	Install Ubuntu deps	2026-04-20T07:27:31.1163612Z Setting up libselinux1-dev:amd64 (3.5-2ubuntu2.1) ...
tauri-driver smoke · Ubuntu 24.04	Install Ubuntu deps	2026-04-20T07:27:31.1186052Z Setting up gobject-introspection-bin (1.80.1-1) ...
tauri-driver smoke · Ubuntu 24.04	Install Ubuntu deps	2026-04-20T07:27:31.3143147Z Setting up gir1.2-gtk-3.0:amd64 (3.24.41-4ubuntu1.3) ...
tauri-driver smoke · Ubuntu 24.04	Install Ubuntu deps	2026-04-20T07:27:31.3166193Z Setting up libjpeg-dev:amd64 (8c-2ubuntu11) ...
tauri-driver smoke · Ubuntu 24.04	Install Ubuntu deps	2026-04-20T07:27:31.3189613Z Setting up libgstreamer-plugins-base1.0-0:amd64 (1.24.2-1ubuntu0.4) ...
tauri-driver smoke · Ubuntu 24.04	Install Ubuntu deps	2026-04-20T07:27:31.3214725Z Setting up gir1.2-girepository-2.0-dev:amd64 (1.80.1-1) ...
tauri-driver smoke · Ubuntu 24.04	Install Ubuntu deps	2026-04-20T07:27:31.3236213Z Setting up libwayland-dev:amd64 (1.22.0-2.1build1) ...
tauri-driver smoke · Ubuntu 24.04	Install Ubuntu deps	2026-04-20T07:27:31.3260402Z Setting up gir1.2-javascriptcoregtk-4.1:amd64 (2.50.4-0ubuntu0.24.04.1) ...
tauri-driver smoke · Ubuntu 24.04	Install Ubuntu deps	2026-04-20T07:27:31.3284733Z Setting up libfreetype-dev:amd64 (2.13.2+dfsg-1ubuntu0.1) ...
tauri-driver smoke · Ubuntu 24.04	Install Ubuntu deps	2026-04-20T07:27:31.3310139Z Setting up libsecret-1-0:amd64 (0.21.4-1build3) ...
tauri-driver smoke · Ubuntu 24.04	Install Ubuntu deps	2026-04-20T07:27:31.3335497Z Setting up libgstreamer-plugins-good1.0-0:amd64 (1.24.2-1ubuntu1.3) ...
tauri-driver smoke · Ubuntu 24.04	Install Ubuntu deps	2026-04-20T07:27:31.3359332Z Setting up libwebp-dev:amd64 (1.3.2-0.4build3) ...
tauri-driver smoke · Ubuntu 24.04	Install Ubuntu deps	2026-04-20T07:27:31.3381813Z Setting up libgstreamer-gl1.0-0:amd64 (1.24.2-1ubuntu0.4) ...
tauri-driver smoke · Ubuntu 24.04	Install Ubuntu deps	2026-04-20T07:27:31.3411504Z Setting up gstreamer1.0-plugins-base:amd64 (1.24.2-1ubuntu0.4) ...
tauri-driver smoke · Ubuntu 24.04	Install Ubuntu deps	2026-04-20T07:27:31.3442979Z Setting up libtiff-dev:amd64 (4.5.1+git230720-4ubuntu2.5) ...
tauri-driver smoke · Ubuntu 24.04	Install Ubuntu deps	2026-04-20T07:27:31.3468078Z Setting up libayatana-appindicator3-1 (0.5.93-1build3) ...
tauri-driver smoke · Ubuntu 24.04	Install Ubuntu deps	2026-04-20T07:27:31.3499500Z Setting up gir1.2-freedesktop-dev:amd64 (1.80.1-1) ...
tauri-driver smoke · Ubuntu 24.04	Install Ubuntu deps	2026-04-20T07:27:31.3525219Z Setting up libshout3:amd64 (2.4.6-1build2) ...
tauri-driver smoke · Ubuntu 24.04	Install Ubuntu deps	2026-04-20T07:27:31.3550024Z Setting up libthai-dev:amd64 (0.1.29-2build1) ...
tauri-driver smoke · Ubuntu 24.04	Install Ubuntu deps	2026-04-20T07:27:31.3575812Z Setting up libsndfile1:amd64 (1.2.2-1ubuntu5.24.04.1) ...
tauri-driver smoke · Ubuntu 24.04	Install Ubuntu deps	2026-04-20T07:27:31.3602963Z Setting up gir1.2-ayatanaappindicator3-0.1 (0.5.93-1build3) ...
tauri-driver smoke · Ubuntu 24.04	Install Ubuntu deps	2026-04-20T07:27:31.3624826Z Setting up libmount-dev:amd64 (2.39.3-9ubuntu6.5) ...
tauri-driver smoke · Ubuntu 24.04	Install Ubuntu deps	2026-04-20T07:27:31.3649575Z Setting up gstreamer1.0-gl:amd64 (1.24.2-1ubuntu0.4) ...
tauri-driver smoke · Ubuntu 24.04	Install Ubuntu deps	2026-04-20T07:27:31.3678700Z Setting up gstreamer1.0-x:amd64 (1.24.2-1ubuntu0.4) ...
tauri-driver smoke · Ubuntu 24.04	Install Ubuntu deps	2026-04-20T07:27:31.3703226Z Setting up libpulse0:amd64 (1:16.1+dfsg1-2ubuntu10.1) ...
tauri-driver smoke · Ubuntu 24.04	Install Ubuntu deps	2026-04-20T07:27:31.3781736Z Setting up libfontconfig-dev:amd64 (2.15.0-1.1ubuntu2) ...
tauri-driver smoke · Ubuntu 24.04	Install Ubuntu deps	2026-04-20T07:27:31.3805947Z Setting up libglib2.0-dev:amd64 (2.80.0-6ubuntu3.8) ...
tauri-driver smoke · Ubuntu 24.04	Install Ubuntu deps	2026-04-20T07:27:31.4533425Z Processing triggers for libgdk-pixbuf-2.0-0:amd64 (2.42.10+dfsg-3ubuntu3.3) ...
tauri-driver smoke · Ubuntu 24.04	Install Ubuntu deps	2026-04-20T07:27:31.4985882Z Processing triggers for sgml-base (1.31) ...
tauri-driver smoke · Ubuntu 24.04	Install Ubuntu deps	2026-04-20T07:27:31.5141347Z Processing triggers for install-info (7.1-3build2) ...
tauri-driver smoke · Ubuntu 24.04	Install Ubuntu deps	2026-04-20T07:27:31.6204522Z Setting up x11proto-dev (2023.2-1) ...
tauri-driver smoke · Ubuntu 24.04	Install Ubuntu deps	2026-04-20T07:27:31.6302047Z Setting up libxau-dev:amd64 (1:1.0.9-1build6) ...
tauri-driver smoke · Ubuntu 24.04	Install Ubuntu deps	2026-04-20T07:27:31.6345170Z Setting up libice-dev:amd64 (2:1.0.10-1build3) ...
tauri-driver smoke · Ubuntu 24.04	Install Ubuntu deps	2026-04-20T07:27:31.6373177Z Setting up libsm-dev:amd64 (2:1.2.3-1build3) ...
tauri-driver smoke · Ubuntu 24.04	Install Ubuntu deps	2026-04-20T07:27:31.6427383Z Processing triggers for libc-bin (2.39-0ubuntu8.7) ...
tauri-driver smoke · Ubuntu 24.04	Install Ubuntu deps	2026-04-20T07:27:31.6853448Z Processing triggers for man-db (2.12.0-4build2) ...
tauri-driver smoke · Ubuntu 24.04	Install Ubuntu deps	2026-04-20T07:27:31.6879190Z Not building database; man-db/auto-update is not 'true'.
tauri-driver smoke · Ubuntu 24.04	Install Ubuntu deps	2026-04-20T07:27:31.6897995Z Setting up libxdmcp-dev:amd64 (1:1.1.3-0ubuntu6) ...
tauri-driver smoke · Ubuntu 24.04	Install Ubuntu deps	2026-04-20T07:27:31.6942855Z Processing triggers for libglib2.0-0t64:amd64 (2.80.0-6ubuntu3.8) ...
tauri-driver smoke · Ubuntu 24.04	Install Ubuntu deps	2026-04-20T07:27:31.7366807Z Setting up glib-networking:amd64 (2.80.0-1build1) ...
tauri-driver smoke · Ubuntu 24.04	Install Ubuntu deps	2026-04-20T07:27:31.7418844Z Setting up libjavascriptcoregtk-4.1-dev:amd64 (2.50.4-0ubuntu0.24.04.1) ...
tauri-driver smoke · Ubuntu 24.04	Install Ubuntu deps	2026-04-20T07:27:31.7445630Z Setting up libatk1.0-dev:amd64 (2.52.0-1build1) ...
tauri-driver smoke · Ubuntu 24.04	Install Ubuntu deps	2026-04-20T07:27:31.7492744Z Setting up libgdk-pixbuf-2.0-dev:amd64 (2.42.10+dfsg-3ubuntu3.3) ...
tauri-driver smoke · Ubuntu 24.04	Install Ubuntu deps	2026-04-20T07:27:31.7529057Z Setting up xdg-desktop-portal-gtk (1.15.1-1build2) ...
tauri-driver smoke · Ubuntu 24.04	Install Ubuntu deps	2026-04-20T07:27:31.7600304Z Setting up libharfbuzz-dev:amd64 (8.3.0-2build2) ...
tauri-driver smoke · Ubuntu 24.04	Install Ubuntu deps	2026-04-20T07:27:31.7648390Z Setting up libxcb1-dev:amd64 (1.15-1ubuntu2) ...
tauri-driver smoke · Ubuntu 24.04	Install Ubuntu deps	2026-04-20T07:27:31.7742663Z Setting up libsoup-3.0-0:amd64 (3.4.4-5ubuntu0.7) ...
tauri-driver smoke · Ubuntu 24.04	Install Ubuntu deps	2026-04-20T07:27:31.7779888Z Setting up libx11-dev:amd64 (2:1.8.7-1build1) ...
tauri-driver smoke · Ubuntu 24.04	Install Ubuntu deps	2026-04-20T07:27:31.7811803Z Setting up gobject-introspection:amd64 (1.80.1-1) ...
tauri-driver smoke · Ubuntu 24.04	Install Ubuntu deps	2026-04-20T07:27:31.7850260Z Setting up libxfixes-dev:amd64 (1:6.0.0-2build1) ...
tauri-driver smoke · Ubuntu 24.04	Install Ubuntu deps	2026-04-20T07:27:31.7881135Z Setting up libxcb-shm0-dev:amd64 (1.15-1ubuntu2) ...
tauri-driver smoke · Ubuntu 24.04	Install Ubuntu deps	2026-04-20T07:27:31.7971014Z Setting up libgirepository-1.0-dev:amd64 (1.80.1-1) ...
tauri-driver smoke · Ubuntu 24.04	Install Ubuntu deps	2026-04-20T07:27:31.8003351Z Setting up libxcb-render0-dev:amd64 (1.15-1ubuntu2) ...
tauri-driver smoke · Ubuntu 24.04	Install Ubuntu deps	2026-04-20T07:27:31.8031375Z Setting up libxext-dev:amd64 (2:1.3.4-1build2) ...
tauri-driver smoke · Ubuntu 24.04	Install Ubuntu deps	2026-04-20T07:27:31.8064021Z Setting up gir1.2-soup-3.0:amd64 (3.4.4-5ubuntu0.7) ...
tauri-driver smoke · Ubuntu 24.04	Install Ubuntu deps	2026-04-20T07:27:31.8104643Z Setting up libglx-dev:amd64 (1.7.0-1build1) ...
tauri-driver smoke · Ubuntu 24.04	Install Ubuntu deps	2026-04-20T07:27:31.8140797Z Setting up libxi-dev:amd64 (2:1.8.1-1build1) ...
tauri-driver smoke · Ubuntu 24.04	Install Ubuntu deps	2026-04-20T07:27:31.8170674Z Setting up libxrender-dev:amd64 (1:0.9.10-1.1build1) ...
tauri-driver smoke · Ubuntu 24.04	Install Ubuntu deps	2026-04-20T07:27:31.8316174Z Setting up libgl-dev:amd64 (1.7.0-1build1) ...
tauri-driver smoke · Ubuntu 24.04	Install Ubuntu deps	2026-04-20T07:27:31.8368173Z Setting up libxft-dev:amd64 (2.3.6-1build1) ...
tauri-driver smoke · Ubuntu 24.04	Install Ubuntu deps	2026-04-20T07:27:31.8396893Z Setting up libxtst-dev:amd64 (2:1.2.3-1.1build1) ...
tauri-driver smoke · Ubuntu 24.04	Install Ubuntu deps	2026-04-20T07:27:31.8428278Z Setting up libxdamage-dev:amd64 (1:1.1.6-1build1) ...
tauri-driver smoke · Ubuntu 24.04	Install Ubuntu deps	2026-04-20T07:27:31.8457183Z Setting up libatspi2.0-dev:amd64 (2.52.0-1build1) ...
tauri-driver smoke · Ubuntu 24.04	Install Ubuntu deps	2026-04-20T07:27:31.8547516Z Setting up libegl-dev:amd64 (1.7.0-1build1) ...
tauri-driver smoke · Ubuntu 24.04	Install Ubuntu deps	2026-04-20T07:27:31.8575948Z Setting up libxcomposite-dev:amd64 (1:0.4.5-1build3) ...
tauri-driver smoke · Ubuntu 24.04	Install Ubuntu deps	2026-04-20T07:27:31.8602098Z Setting up libxcursor-dev:amd64 (1:1.2.1-1build1) ...
tauri-driver smoke · Ubuntu 24.04	Install Ubuntu deps	2026-04-20T07:27:31.8637012Z Setting up gstreamer1.0-plugins-good:amd64 (1.24.2-1ubuntu1.3) ...
tauri-driver smoke · Ubuntu 24.04	Install Ubuntu deps	2026-04-20T07:27:31.8693098Z Setting up libepoxy-dev:amd64 (1.5.10-1build1) ...
tauri-driver smoke · Ubuntu 24.04	Install Ubuntu deps	2026-04-20T07:27:31.8729345Z Setting up libatk-bridge2.0-dev:amd64 (2.52.0-1build1) ...
tauri-driver smoke · Ubuntu 24.04	Install Ubuntu deps	2026-04-20T07:27:31.8771545Z Setting up libxrandr-dev:amd64 (2:1.5.2-2build1) ...
tauri-driver smoke · Ubuntu 24.04	Install Ubuntu deps	2026-04-20T07:27:31.8804826Z Setting up libsoup-3.0-dev:amd64 (3.4.4-5ubuntu0.7) ...
tauri-driver smoke · Ubuntu 24.04	Install Ubuntu deps	2026-04-20T07:27:31.8840338Z Setting up libgirepository1.0-dev (1.80.1-1) ...
tauri-driver smoke · Ubuntu 24.04	Install Ubuntu deps	2026-04-20T07:27:31.8896168Z Setting up libxinerama-dev:amd64 (2:1.1.4-3build1) ...
tauri-driver smoke · Ubuntu 24.04	Install Ubuntu deps	2026-04-20T07:27:31.8937037Z Setting up libcairo2-dev:amd64 (1.18.0-3build1) ...
tauri-driver smoke · Ubuntu 24.04	Install Ubuntu deps	2026-04-20T07:27:31.8968261Z Setting up libgles-dev:amd64 (1.7.0-1build1) ...
tauri-driver smoke · Ubuntu 24.04	Install Ubuntu deps	2026-04-20T07:27:31.9031562Z Setting up libwebkit2gtk-4.1-0:amd64 (2.50.4-0ubuntu0.24.04.1) ...
tauri-driver smoke · Ubuntu 24.04	Install Ubuntu deps	2026-04-20T07:27:31.9084223Z Setting up gir1.2-webkit2-4.1:amd64 (2.50.4-0ubuntu0.24.04.1) ...
tauri-driver smoke · Ubuntu 24.04	Install Ubuntu deps	2026-04-20T07:27:31.9147873Z Setting up webkit2gtk-driver (2.50.4-0ubuntu0.24.04.1) ...
tauri-driver smoke · Ubuntu 24.04	Install Ubuntu deps	2026-04-20T07:27:31.9178400Z Setting up libglvnd-dev:amd64 (1.7.0-1build1) ...
tauri-driver smoke · Ubuntu 24.04	Install Ubuntu deps	2026-04-20T07:27:31.9220428Z Setting up libpango1.0-dev:amd64 (1.52.1+ds-1build1) ...
tauri-driver smoke · Ubuntu 24.04	Install Ubuntu deps	2026-04-20T07:27:31.9282427Z Setting up librsvg2-dev:amd64 (2.58.0+dfsg-1build1) ...
tauri-driver smoke · Ubuntu 24.04	Install Ubuntu deps	2026-04-20T07:27:31.9310839Z Setting up libegl1-mesa-dev:amd64 (25.2.8-0ubuntu0.24.04.1) ...
tauri-driver smoke · Ubuntu 24.04	Install Ubuntu deps	2026-04-20T07:27:31.9356541Z Setting up libgtk-3-dev:amd64 (3.24.41-4ubuntu1.3) ...
tauri-driver smoke · Ubuntu 24.04	Install Ubuntu deps	2026-04-20T07:27:31.9411193Z Setting up libayatana-ido3-dev (0.10.1-1build2) ...
tauri-driver smoke · Ubuntu 24.04	Install Ubuntu deps	2026-04-20T07:27:31.9470756Z Setting up libayatana-indicator3-dev (0.9.4-1build1) ...
tauri-driver smoke · Ubuntu 24.04	Install Ubuntu deps	2026-04-20T07:27:31.9519138Z Setting up libwebkit2gtk-4.1-dev (2.50.4-0ubuntu0.24.04.1) ...
tauri-driver smoke · Ubuntu 24.04	Install Ubuntu deps	2026-04-20T07:27:31.9566227Z Setting up libayatana-appindicator3-dev (0.5.93-1build3) ...
tauri-driver smoke · Ubuntu 24.04	Install Ubuntu deps	2026-04-20T07:27:31.9597245Z Processing triggers for libc-bin (2.39-0ubuntu8.7) ...
tauri-driver smoke · Ubuntu 24.04	Install Ubuntu deps	2026-04-20T07:27:32.6029668Z 
tauri-driver smoke · Ubuntu 24.04	Install Ubuntu deps	2026-04-20T07:27:32.6053158Z Running kernel seems to be up-to-date.
tauri-driver smoke · Ubuntu 24.04	Install Ubuntu deps	2026-04-20T07:27:32.6053534Z 
tauri-driver smoke · Ubuntu 24.04	Install Ubuntu deps	2026-04-20T07:27:32.6053760Z No services need to be restarted.
tauri-driver smoke · Ubuntu 24.04	Install Ubuntu deps	2026-04-20T07:27:32.6054080Z 
tauri-driver smoke · Ubuntu 24.04	Install Ubuntu deps	2026-04-20T07:27:32.6054320Z No containers need to be restarted.
tauri-driver smoke · Ubuntu 24.04	Install Ubuntu deps	2026-04-20T07:27:32.6054613Z 
tauri-driver smoke · Ubuntu 24.04	Install Ubuntu deps	2026-04-20T07:27:32.6054900Z No user sessions are running outdated binaries.
tauri-driver smoke · Ubuntu 24.04	Install Ubuntu deps	2026-04-20T07:27:32.6055239Z 
tauri-driver smoke · Ubuntu 24.04	Install Ubuntu deps	2026-04-20T07:27:32.6055729Z No VM guests are running outdated hypervisor (qemu) binaries on this host.
tauri-driver smoke · Ubuntu 24.04	Cache cargo registry	﻿2026-04-20T07:27:33.8270203Z ##[group]Run actions/cache@v5
tauri-driver smoke · Ubuntu 24.04	Cache cargo registry	2026-04-20T07:27:33.8270474Z with:
tauri-driver smoke · Ubuntu 24.04	Cache cargo registry	2026-04-20T07:27:33.8270749Z   path: ~/.cargo/registry
tauri-driver smoke · Ubuntu 24.04	Cache cargo registry	~/.cargo/git
tauri-driver smoke · Ubuntu 24.04	Cache cargo registry	docs/spikes/code/SPIKE-08/target
tauri-driver smoke · Ubuntu 24.04	Cache cargo registry	
tauri-driver smoke · Ubuntu 24.04	Cache cargo registry	2026-04-20T07:27:33.8271308Z   key: spike-08-linux-cargo-Linux-d6893f531468942753677e882740c562191e9b5a193919479672ddc8099a0d2b
tauri-driver smoke · Ubuntu 24.04	Cache cargo registry	2026-04-20T07:27:33.8271960Z   enableCrossOsArchive: false
tauri-driver smoke · Ubuntu 24.04	Cache cargo registry	2026-04-20T07:27:33.8272566Z   fail-on-cache-miss: false
tauri-driver smoke · Ubuntu 24.04	Cache cargo registry	2026-04-20T07:27:33.8272808Z   lookup-only: false
tauri-driver smoke · Ubuntu 24.04	Cache cargo registry	2026-04-20T07:27:33.8272994Z   save-always: false
tauri-driver smoke · Ubuntu 24.04	Cache cargo registry	2026-04-20T07:27:33.8273169Z env:
tauri-driver smoke · Ubuntu 24.04	Cache cargo registry	2026-04-20T07:27:33.8273334Z   CARGO_HOME: /home/runner/.cargo
tauri-driver smoke · Ubuntu 24.04	Cache cargo registry	2026-04-20T07:27:33.8273562Z   CARGO_INCREMENTAL: 0
tauri-driver smoke · Ubuntu 24.04	Cache cargo registry	2026-04-20T07:27:33.8273761Z   CARGO_TERM_COLOR: always
tauri-driver smoke · Ubuntu 24.04	Cache cargo registry	2026-04-20T07:27:33.8273955Z ##[endgroup]
tauri-driver smoke · Ubuntu 24.04	Cache cargo registry	2026-04-20T07:27:34.1003057Z Cache not found for input keys: spike-08-linux-cargo-Linux-d6893f531468942753677e882740c562191e9b5a193919479672ddc8099a0d2b
tauri-driver smoke · Ubuntu 24.04	Install tauri-driver	﻿2026-04-20T07:27:34.1101007Z ##[group]Run cargo install tauri-driver --locked
tauri-driver smoke · Ubuntu 24.04	Install tauri-driver	2026-04-20T07:27:34.1101651Z [36;1mcargo install tauri-driver --locked[0m
tauri-driver smoke · Ubuntu 24.04	Install tauri-driver	2026-04-20T07:27:34.1133918Z shell: /usr/bin/bash -e {0}
tauri-driver smoke · Ubuntu 24.04	Install tauri-driver	2026-04-20T07:27:34.1134311Z env:
tauri-driver smoke · Ubuntu 24.04	Install tauri-driver	2026-04-20T07:27:34.1134621Z   CARGO_HOME: /home/runner/.cargo
tauri-driver smoke · Ubuntu 24.04	Install tauri-driver	2026-04-20T07:27:34.1135044Z   CARGO_INCREMENTAL: 0
tauri-driver smoke · Ubuntu 24.04	Install tauri-driver	2026-04-20T07:27:34.1135399Z   CARGO_TERM_COLOR: always
tauri-driver smoke · Ubuntu 24.04	Install tauri-driver	2026-04-20T07:27:34.1135743Z ##[endgroup]
tauri-driver smoke · Ubuntu 24.04	Install tauri-driver	2026-04-20T07:27:34.1476514Z [1m[92m    Updating[0m crates.io index
tauri-driver smoke · Ubuntu 24.04	Install tauri-driver	2026-04-20T07:27:34.3637865Z [1m[92m Downloading[0m crates ...
tauri-driver smoke · Ubuntu 24.04	Install tauri-driver	2026-04-20T07:27:34.3969345Z [1m[92m  Downloaded[0m tauri-driver v2.0.5
tauri-driver smoke · Ubuntu 24.04	Install tauri-driver	2026-04-20T07:27:34.4130334Z [1m[92m  Installing[0m tauri-driver v2.0.5
tauri-driver smoke · Ubuntu 24.04	Install tauri-driver	2026-04-20T07:27:34.4146588Z [1m[92m    Updating[0m crates.io index
tauri-driver smoke · Ubuntu 24.04	Install tauri-driver	2026-04-20T07:27:34.9119511Z [1m[92m    Updating[0m crates.io index
tauri-driver smoke · Ubuntu 24.04	Install tauri-driver	2026-04-20T07:27:34.9655144Z [1m[92m Downloading[0m crates ...
tauri-driver smoke · Ubuntu 24.04	Install tauri-driver	2026-04-20T07:27:34.9962859Z [1m[92m  Downloaded[0m autocfg v1.4.0
tauri-driver smoke · Ubuntu 24.04	Install tauri-driver	2026-04-20T07:27:34.9988147Z [1m[92m  Downloaded[0m env_home v0.1.0
tauri-driver smoke · Ubuntu 24.04	Install tauri-driver	2026-04-20T07:27:35.0004837Z [1m[92m  Downloaded[0m errno v0.3.10
tauri-driver smoke · Ubuntu 24.04	Install tauri-driver	2026-04-20T07:27:35.0040342Z [1m[92m  Downloaded[0m fnv v1.0.7
tauri-driver smoke · Ubuntu 24.04	Install tauri-driver	2026-04-20T07:27:35.0053101Z [1m[92m  Downloaded[0m bytes v1.11.1
tauri-driver smoke · Ubuntu 24.04	Install tauri-driver	2026-04-20T07:27:35.0144229Z [1m[92m  Downloaded[0m socket2 v0.5.8
tauri-driver smoke · Ubuntu 24.04	Install tauri-driver	2026-04-20T07:27:35.0183489Z [1m[92m  Downloaded[0m slab v0.4.9
tauri-driver smoke · Ubuntu 24.04	Install tauri-driver	2026-04-20T07:27:35.0223299Z [1m[92m  Downloaded[0m proc-macro2 v1.0.92
tauri-driver smoke · Ubuntu 24.04	Install tauri-driver	2026-04-20T07:27:35.0251660Z [1m[92m  Downloaded[0m futures-macro v0.3.31
tauri-driver smoke · Ubuntu 24.04	Install tauri-driver	2026-04-20T07:27:35.0283061Z [1m[92m  Downloaded[0m httpdate v1.0.3
tauri-driver smoke · Ubuntu 24.04	Install tauri-driver	2026-04-20T07:27:35.0303360Z [1m[92m  Downloaded[0m signal-hook-registry v1.4.2
tauri-driver smoke · Ubuntu 24.04	Install tauri-driver	2026-04-20T07:27:35.0343019Z [1m[92m  Downloaded[0m which v8.0.0
tauri-driver smoke · Ubuntu 24.04	Install tauri-driver	2026-04-20T07:27:35.0362963Z [1m[92m  Downloaded[0m want v0.3.1
tauri-driver smoke · Ubuntu 24.04	Install tauri-driver	2026-04-20T07:27:35.0383076Z [1m[92m  Downloaded[0m try-lock v0.2.5
tauri-driver smoke · Ubuntu 24.04	Install tauri-driver	2026-04-20T07:27:35.0403350Z [1m[92m  Downloaded[0m smallvec v1.13.2
tauri-driver smoke · Ubuntu 24.04	Install tauri-driver	2026-04-20T07:27:35.0423212Z [1m[92m  Downloaded[0m signal-hook v0.4.1
tauri-driver smoke · Ubuntu 24.04	Install tauri-driver	2026-04-20T07:27:35.0473238Z [1m[92m  Downloaded[0m tokio-macros v2.5.0
tauri-driver smoke · Ubuntu 24.04	Install tauri-driver	2026-04-20T07:27:35.0502978Z [1m[92m  Downloaded[0m serde v1.0.228
tauri-driver smoke · Ubuntu 24.04	Install tauri-driver	2026-04-20T07:27:35.0537442Z [1m[92m  Downloaded[0m http-body-util v0.1.2
tauri-driver smoke · Ubuntu 24.04	Install tauri-driver	2026-04-20T07:27:35.0557108Z [1m[92m  Downloaded[0m unicode-ident v1.0.14
tauri-driver smoke · Ubuntu 24.04	Install tauri-driver	2026-04-20T07:27:35.0595793Z [1m[92m  Downloaded[0m tracing-core v0.1.33
tauri-driver smoke · Ubuntu 24.04	Install tauri-driver	2026-04-20T07:27:35.0627504Z [1m[92m  Downloaded[0m http v1.3.1
tauri-driver smoke · Ubuntu 24.04	Install tauri-driver	2026-04-20T07:27:35.0668556Z [1m[92m  Downloaded[0m memchr v2.7.4
tauri-driver smoke · Ubuntu 24.04	Install tauri-driver	2026-04-20T07:27:35.0728279Z [1m[92m  Downloaded[0m socket2 v0.6.1
tauri-driver smoke · Ubuntu 24.04	Install tauri-driver	2026-04-20T07:27:35.0751049Z [1m[92m  Downloaded[0m tracing v0.1.41
tauri-driver smoke · Ubuntu 24.04	Install tauri-driver	2026-04-20T07:27:35.0795466Z [1m[92m  Downloaded[0m mio v1.0.3
tauri-driver smoke · Ubuntu 24.04	Install tauri-driver	2026-04-20T07:27:35.0864268Z [1m[92m  Downloaded[0m hyper-util v0.1.19
tauri-driver smoke · Ubuntu 24.04	Install tauri-driver	2026-04-20T07:27:35.0934727Z [1m[92m  Downloaded[0m serde_json v1.0.145
tauri-driver smoke · Ubuntu 24.04	Install tauri-driver	2026-04-20T07:27:35.1013306Z [1m[92m  Downloaded[0m hyper v1.8.1
tauri-driver smoke · Ubuntu 24.04	Install tauri-driver	2026-04-20T07:27:35.1082931Z [1m[92m  Downloaded[0m futures-util v0.3.31
tauri-driver smoke · Ubuntu 24.04	Install tauri-driver	2026-04-20T07:27:35.1219567Z [1m[92m  Downloaded[0m ryu v1.0.18
tauri-driver smoke · Ubuntu 24.04	Install tauri-driver	2026-04-20T07:27:35.1255661Z [1m[92m  Downloaded[0m serde_derive v1.0.228
tauri-driver smoke · Ubuntu 24.04	Install tauri-driver	2026-04-20T07:27:35.1289137Z [1m[92m  Downloaded[0m quote v1.0.38
tauri-driver smoke · Ubuntu 24.04	Install tauri-driver	2026-04-20T07:27:35.1324991Z [1m[92m  Downloaded[0m pin-project-lite v0.2.16
tauri-driver smoke · Ubuntu 24.04	Install tauri-driver	2026-04-20T07:27:35.1386808Z [1m[92m  Downloaded[0m serde_core v1.0.228
tauri-driver smoke · Ubuntu 24.04	Install tauri-driver	2026-04-20T07:27:35.1416535Z [1m[92m  Downloaded[0m syn v2.0.95
tauri-driver smoke · Ubuntu 24.04	Install tauri-driver	2026-04-20T07:27:35.1524538Z [1m[92m  Downloaded[0m futures-sink v0.3.31
tauri-driver smoke · Ubuntu 24.04	Install tauri-driver	2026-04-20T07:27:35.1535387Z [1m[92m  Downloaded[0m tower-service v0.3.3
tauri-driver smoke · Ubuntu 24.04	Install tauri-driver	2026-04-20T07:27:35.1545140Z [1m[92m  Downloaded[0m pin-utils v0.1.0
tauri-driver smoke · Ubuntu 24.04	Install tauri-driver	2026-04-20T07:27:35.1559795Z [1m[92m  Downloaded[0m http-body v1.0.1
tauri-driver smoke · Ubuntu 24.04	Install tauri-driver	2026-04-20T07:27:35.1572833Z [1m[92m  Downloaded[0m futures-task v0.3.31
tauri-driver smoke · Ubuntu 24.04	Install tauri-driver	2026-04-20T07:27:35.1586986Z [1m[92m  Downloaded[0m futures-core v0.3.31
tauri-driver smoke · Ubuntu 24.04	Install tauri-driver	2026-04-20T07:27:35.1615046Z [1m[92m  Downloaded[0m pico-args v0.5.0
tauri-driver smoke · Ubuntu 24.04	Install tauri-driver	2026-04-20T07:27:35.1639190Z [1m[92m  Downloaded[0m rustix v1.0.7
tauri-driver smoke · Ubuntu 24.04	Install tauri-driver	2026-04-20T07:27:35.2065250Z [1m[92m  Downloaded[0m futures-executor v0.3.31
tauri-driver smoke · Ubuntu 24.04	Install tauri-driver	2026-04-20T07:27:35.2083070Z [1m[92m  Downloaded[0m signal-hook-tokio v0.4.0
tauri-driver smoke · Ubuntu 24.04	Install tauri-driver	2026-04-20T07:27:35.2103050Z [1m[92m  Downloaded[0m once_cell v1.20.2
tauri-driver smoke · Ubuntu 24.04	Install tauri-driver	2026-04-20T07:27:35.2143496Z [1m[92m  Downloaded[0m httparse v1.9.5
tauri-driver smoke · Ubuntu 24.04	Install tauri-driver	2026-04-20T07:27:35.2170587Z [1m[92m  Downloaded[0m futures-channel v0.3.31
tauri-driver smoke · Ubuntu 24.04	Install tauri-driver	2026-04-20T07:27:35.2192844Z [1m[92m  Downloaded[0m futures-io v0.3.31
tauri-driver smoke · Ubuntu 24.04	Install tauri-driver	2026-04-20T07:27:35.2203215Z [1m[92m  Downloaded[0m itoa v1.0.14
tauri-driver smoke · Ubuntu 24.04	Install tauri-driver	2026-04-20T07:27:35.2219655Z [1m[92m  Downloaded[0m futures v0.3.31
tauri-driver smoke · Ubuntu 24.04	Install tauri-driver	2026-04-20T07:27:35.2273464Z [1m[92m  Downloaded[0m bitflags v2.7.0
tauri-driver smoke · Ubuntu 24.04	Install tauri-driver	2026-04-20T07:27:35.2319268Z [1m[92m  Downloaded[0m anyhow v1.0.95
tauri-driver smoke · Ubuntu 24.04	Install tauri-driver	2026-04-20T07:27:35.2373095Z [1m[92m  Downloaded[0m atomic-waker v1.1.2
tauri-driver smoke · Ubuntu 24.04	Install tauri-driver	2026-04-20T07:27:35.2422631Z [1m[92m  Downloaded[0m tokio v1.45.1
tauri-driver smoke · Ubuntu 24.04	Install tauri-driver	2026-04-20T07:27:35.2844811Z [1m[92m  Downloaded[0m libc v0.2.178
tauri-driver smoke · Ubuntu 24.04	Install tauri-driver	2026-04-20T07:27:35.3277085Z [1m[92m  Downloaded[0m linux-raw-sys v0.9.4
tauri-driver smoke · Ubuntu 24.04	Install tauri-driver	2026-04-20T07:27:35.4058470Z [1m[92m   Compiling[0m proc-macro2 v1.0.92
tauri-driver smoke · Ubuntu 24.04	Install tauri-driver	2026-04-20T07:27:35.4059138Z [1m[92m   Compiling[0m unicode-ident v1.0.14
tauri-driver smoke · Ubuntu 24.04	Install tauri-driver	2026-04-20T07:27:35.4723540Z [1m[92m   Compiling[0m libc v0.2.178
tauri-driver smoke · Ubuntu 24.04	Install tauri-driver	2026-04-20T07:27:36.1562916Z [1m[92m   Compiling[0m quote v1.0.38
tauri-driver smoke · Ubuntu 24.04	Install tauri-driver	2026-04-20T07:27:36.3844709Z [1m[92m   Compiling[0m syn v2.0.95
tauri-driver smoke · Ubuntu 24.04	Install tauri-driver	2026-04-20T07:27:36.5987074Z [1m[92m   Compiling[0m pin-project-lite v0.2.16
tauri-driver smoke · Ubuntu 24.04	Install tauri-driver	2026-04-20T07:27:36.6343793Z [1m[92m   Compiling[0m autocfg v1.4.0
tauri-driver smoke · Ubuntu 24.04	Install tauri-driver	2026-04-20T07:27:36.9383416Z [1m[92m   Compiling[0m futures-core v0.3.31
tauri-driver smoke · Ubuntu 24.04	Install tauri-driver	2026-04-20T07:27:37.0133842Z [1m[92m   Compiling[0m slab v0.4.9
tauri-driver smoke · Ubuntu 24.04	Install tauri-driver	2026-04-20T07:27:37.0865093Z [1m[92m   Compiling[0m futures-sink v0.3.31
tauri-driver smoke · Ubuntu 24.04	Install tauri-driver	2026-04-20T07:27:37.1335079Z [1m[92m   Compiling[0m futures-channel v0.3.31
tauri-driver smoke · Ubuntu 24.04	Install tauri-driver	2026-04-20T07:27:37.3453418Z [1m[92m   Compiling[0m itoa v1.0.14
tauri-driver smoke · Ubuntu 24.04	Install tauri-driver	2026-04-20T07:27:37.4122044Z [1m[92m   Compiling[0m memchr v2.7.4
tauri-driver smoke · Ubuntu 24.04	Install tauri-driver	2026-04-20T07:27:38.7003909Z [1m[92m   Compiling[0m pin-utils v0.1.0
tauri-driver smoke · Ubuntu 24.04	Install tauri-driver	2026-04-20T07:27:38.8424044Z [1m[92m   Compiling[0m bytes v1.11.1
tauri-driver smoke · Ubuntu 24.04	Install tauri-driver	2026-04-20T07:27:39.7603726Z [1m[92m   Compiling[0m fnv v1.0.7
tauri-driver smoke · Ubuntu 24.04	Install tauri-driver	2026-04-20T07:27:39.7974106Z [1m[92m   Compiling[0m futures-io v0.3.31
tauri-driver smoke · Ubuntu 24.04	Install tauri-driver	2026-04-20T07:27:39.9093880Z [1m[92m   Compiling[0m futures-task v0.3.31
tauri-driver smoke · Ubuntu 24.04	Install tauri-driver	2026-04-20T07:27:40.0104247Z [1m[92m   Compiling[0m http v1.3.1
tauri-driver smoke · Ubuntu 24.04	Install tauri-driver	2026-04-20T07:27:40.0973759Z [1m[92m   Compiling[0m futures-macro v0.3.31
tauri-driver smoke · Ubuntu 24.04	Install tauri-driver	2026-04-20T07:27:40.7104938Z [1m[92m   Compiling[0m futures-util v0.3.31
tauri-driver smoke · Ubuntu 24.04	Install tauri-driver	2026-04-20T07:27:42.1131510Z [1m[92m   Compiling[0m tokio-macros v2.5.0
tauri-driver smoke · Ubuntu 24.04	Install tauri-driver	2026-04-20T07:27:42.6093709Z [1m[92m   Compiling[0m mio v1.0.3
tauri-driver smoke · Ubuntu 24.04	Install tauri-driver	2026-04-20T07:27:43.2603954Z [1m[92m   Compiling[0m socket2 v0.5.8
tauri-driver smoke · Ubuntu 24.04	Install tauri-driver	2026-04-20T07:27:43.6924204Z [1m[92m   Compiling[0m serde_core v1.0.228
tauri-driver smoke · Ubuntu 24.04	Install tauri-driver	2026-04-20T07:27:43.8393988Z [1m[92m   Compiling[0m httparse v1.9.5
tauri-driver smoke · Ubuntu 24.04	Install tauri-driver	2026-04-20T07:27:44.0343605Z [1m[92m   Compiling[0m tokio v1.45.1
tauri-driver smoke · Ubuntu 24.04	Install tauri-driver	2026-04-20T07:27:44.1993718Z [1m[92m   Compiling[0m http-body v1.0.1
tauri-driver smoke · Ubuntu 24.04	Install tauri-driver	2026-04-20T07:27:44.2744027Z [1m[92m   Compiling[0m signal-hook v0.4.1
tauri-driver smoke · Ubuntu 24.04	Install tauri-driver	2026-04-20T07:27:44.3363794Z [1m[92m   Compiling[0m try-lock v0.2.5
tauri-driver smoke · Ubuntu 24.04	Install tauri-driver	2026-04-20T07:27:44.3746161Z [1m[92m   Compiling[0m rustix v1.0.7
tauri-driver smoke · Ubuntu 24.04	Install tauri-driver	2026-04-20T07:27:44.5483466Z [1m[92m   Compiling[0m once_cell v1.20.2
tauri-driver smoke · Ubuntu 24.04	Install tauri-driver	2026-04-20T07:27:44.7084587Z [1m[92m   Compiling[0m tracing-core v0.1.33
tauri-driver smoke · Ubuntu 24.04	Install tauri-driver	2026-04-20T07:27:45.7573612Z [1m[92m   Compiling[0m want v0.3.1
tauri-driver smoke · Ubuntu 24.04	Install tauri-driver	2026-04-20T07:27:48.9284005Z [1m[92m   Compiling[0m signal-hook-registry v1.4.2
tauri-driver smoke · Ubuntu 24.04	Install tauri-driver	2026-04-20T07:27:49.5644248Z [1m[92m   Compiling[0m bitflags v2.7.0
tauri-driver smoke · Ubuntu 24.04	Install tauri-driver	2026-04-20T07:27:49.8994296Z [1m[92m   Compiling[0m atomic-waker v1.1.2
tauri-driver smoke · Ubuntu 24.04	Install tauri-driver	2026-04-20T07:27:49.9524081Z [1m[92m   Compiling[0m httpdate v1.0.3
tauri-driver smoke · Ubuntu 24.04	Install tauri-driver	2026-04-20T07:27:50.2853891Z [1m[92m   Compiling[0m serde v1.0.228
tauri-driver smoke · Ubuntu 24.04	Install tauri-driver	2026-04-20T07:27:50.4324149Z [1m[92m   Compiling[0m anyhow v1.0.95
tauri-driver smoke · Ubuntu 24.04	Install tauri-driver	2026-04-20T07:27:50.5944464Z [1m[92m   Compiling[0m linux-raw-sys v0.9.4
tauri-driver smoke · Ubuntu 24.04	Install tauri-driver	2026-04-20T07:27:50.9313662Z [1m[92m   Compiling[0m smallvec v1.13.2
tauri-driver smoke · Ubuntu 24.04	Install tauri-driver	2026-04-20T07:27:51.1194185Z [1m[92m   Compiling[0m serde_json v1.0.145
tauri-driver smoke · Ubuntu 24.04	Install tauri-driver	2026-04-20T07:27:51.1994242Z [1m[92m   Compiling[0m hyper v1.8.1
tauri-driver smoke · Ubuntu 24.04	Install tauri-driver	2026-04-20T07:27:55.6284154Z [1m[92m   Compiling[0m tracing v0.1.41
tauri-driver smoke · Ubuntu 24.04	Install tauri-driver	2026-04-20T07:27:55.9023473Z [1m[92m   Compiling[0m futures-executor v0.3.31
tauri-driver smoke · Ubuntu 24.04	Install tauri-driver	2026-04-20T07:27:56.0074056Z [1m[92m   Compiling[0m serde_derive v1.0.228
tauri-driver smoke · Ubuntu 24.04	Install tauri-driver	2026-04-20T07:27:56.3611221Z [1m[92m   Compiling[0m socket2 v0.6.1
tauri-driver smoke · Ubuntu 24.04	Install tauri-driver	2026-04-20T07:27:57.3193878Z [1m[92m   Compiling[0m tower-service v0.3.3
tauri-driver smoke · Ubuntu 24.04	Install tauri-driver	2026-04-20T07:27:57.3503976Z [1m[92m   Compiling[0m ryu v1.0.18
tauri-driver smoke · Ubuntu 24.04	Install tauri-driver	2026-04-20T07:27:57.6044379Z [1m[92m   Compiling[0m env_home v0.1.0
tauri-driver smoke · Ubuntu 24.04	Install tauri-driver	2026-04-20T07:27:57.6483868Z [1m[92m   Compiling[0m which v8.0.0
tauri-driver smoke · Ubuntu 24.04	Install tauri-driver	2026-04-20T07:27:59.7024034Z [1m[92m   Compiling[0m hyper-util v0.1.19
tauri-driver smoke · Ubuntu 24.04	Install tauri-driver	2026-04-20T07:28:01.1707829Z [1m[92m   Compiling[0m futures v0.3.31
tauri-driver smoke · Ubuntu 24.04	Install tauri-driver	2026-04-20T07:28:01.2044389Z [1m[92m   Compiling[0m signal-hook-tokio v0.4.0
tauri-driver smoke · Ubuntu 24.04	Install tauri-driver	2026-04-20T07:28:01.8514445Z [1m[92m   Compiling[0m http-body-util v0.1.2
tauri-driver smoke · Ubuntu 24.04	Install tauri-driver	2026-04-20T07:28:02.0714250Z [1m[92m   Compiling[0m pico-args v0.5.0
tauri-driver smoke · Ubuntu 24.04	Install tauri-driver	2026-04-20T07:28:02.2404020Z [1m[92m   Compiling[0m tauri-driver v2.0.5
tauri-driver smoke · Ubuntu 24.04	Install tauri-driver	2026-04-20T07:28:08.3975550Z [1m[92m    Finished[0m `release` profile [optimized] target(s) in 34.26s
tauri-driver smoke · Ubuntu 24.04	Install tauri-driver	2026-04-20T07:28:08.4060273Z [1m[92m  Installing[0m /home/runner/.cargo/bin/tauri-driver
tauri-driver smoke · Ubuntu 24.04	Install tauri-driver	2026-04-20T07:28:08.4062950Z [1m[92m   Installed[0m package `tauri-driver v2.0.5` (executable `tauri-driver`)
tauri-driver smoke · Ubuntu 24.04	Run Linux smoke	﻿2026-04-20T07:28:08.4384581Z ##[group]Run ./scripts/run-linux-driver-smoke.sh
tauri-driver smoke · Ubuntu 24.04	Run Linux smoke	2026-04-20T07:28:08.4384937Z [36;1m./scripts/run-linux-driver-smoke.sh[0m
tauri-driver smoke · Ubuntu 24.04	Run Linux smoke	2026-04-20T07:28:08.4409718Z shell: /usr/bin/bash -e {0}
tauri-driver smoke · Ubuntu 24.04	Run Linux smoke	2026-04-20T07:28:08.4409947Z env:
tauri-driver smoke · Ubuntu 24.04	Run Linux smoke	2026-04-20T07:28:08.4410117Z   CARGO_HOME: /home/runner/.cargo
tauri-driver smoke · Ubuntu 24.04	Run Linux smoke	2026-04-20T07:28:08.4410352Z   CARGO_INCREMENTAL: 0
tauri-driver smoke · Ubuntu 24.04	Run Linux smoke	2026-04-20T07:28:08.4410548Z   CARGO_TERM_COLOR: always
tauri-driver smoke · Ubuntu 24.04	Run Linux smoke	2026-04-20T07:28:08.4410740Z ##[endgroup]
tauri-driver smoke · Ubuntu 24.04	Run Linux smoke	2026-04-20T07:28:09.8891354Z Lockfile is up to date, resolution step is skipped
tauri-driver smoke · Ubuntu 24.04	Run Linux smoke	2026-04-20T07:28:09.9202566Z Progress: resolved 1, reused 0, downloaded 0, added 0
tauri-driver smoke · Ubuntu 24.04	Run Linux smoke	2026-04-20T07:28:09.9528032Z Packages: +97
tauri-driver smoke · Ubuntu 24.04	Run Linux smoke	2026-04-20T07:28:09.9533449Z ++++++++++++++++++++++++++++++++++++++++++++++++++++++++++++++++++++++++++++++++
tauri-driver smoke · Ubuntu 24.04	Run Linux smoke	2026-04-20T07:28:10.9217115Z Progress: resolved 97, reused 0, downloaded 28, added 15
tauri-driver smoke · Ubuntu 24.04	Run Linux smoke	2026-04-20T07:28:11.5719549Z Progress: resolved 97, reused 0, downloaded 97, added 97, done
tauri-driver smoke · Ubuntu 24.04	Run Linux smoke	2026-04-20T07:28:11.6679255Z .../esbuild@0.25.12/node_modules/esbuild postinstall$ node install.js
tauri-driver smoke · Ubuntu 24.04	Run Linux smoke	2026-04-20T07:28:11.7141957Z .../esbuild@0.25.12/node_modules/esbuild postinstall: Done
tauri-driver smoke · Ubuntu 24.04	Run Linux smoke	2026-04-20T07:28:11.8028844Z 
tauri-driver smoke · Ubuntu 24.04	Run Linux smoke	2026-04-20T07:28:11.8029579Z dependencies:
tauri-driver smoke · Ubuntu 24.04	Run Linux smoke	2026-04-20T07:28:11.8030265Z + @tauri-apps/api 2.10.1
tauri-driver smoke · Ubuntu 24.04	Run Linux smoke	2026-04-20T07:28:11.8030989Z + solid-js 1.9.12
tauri-driver smoke · Ubuntu 24.04	Run Linux smoke	2026-04-20T07:28:11.8031390Z 
tauri-driver smoke · Ubuntu 24.04	Run Linux smoke	2026-04-20T07:28:11.8031730Z devDependencies:
tauri-driver smoke · Ubuntu 24.04	Run Linux smoke	2026-04-20T07:28:11.8032572Z + @playwright/test 1.59.1
tauri-driver smoke · Ubuntu 24.04	Run Linux smoke	2026-04-20T07:28:11.8033301Z + @srsholmes/tauri-playwright 0.2.2
tauri-driver smoke · Ubuntu 24.04	Run Linux smoke	2026-04-20T07:28:11.8034581Z + @tauri-apps/cli 2.10.1
tauri-driver smoke · Ubuntu 24.04	Run Linux smoke	2026-04-20T07:28:11.8035554Z + playwright 1.59.1
tauri-driver smoke · Ubuntu 24.04	Run Linux smoke	2026-04-20T07:28:11.8035956Z + selenium-webdriver 4.43.0
tauri-driver smoke · Ubuntu 24.04	Run Linux smoke	2026-04-20T07:28:11.8036343Z + typescript 5.6.3
tauri-driver smoke · Ubuntu 24.04	Run Linux smoke	2026-04-20T07:28:11.8049397Z + vite 6.4.2
tauri-driver smoke · Ubuntu 24.04	Run Linux smoke	2026-04-20T07:28:11.8049761Z + vite-plugin-solid 2.11.12
tauri-driver smoke · Ubuntu 24.04	Run Linux smoke	2026-04-20T07:28:11.8050282Z 
tauri-driver smoke · Ubuntu 24.04	Run Linux smoke	2026-04-20T07:28:11.8190231Z Done in 2.2s using pnpm v9.15.9
tauri-driver smoke · Ubuntu 24.04	Run Linux smoke	2026-04-20T07:31:22.4840813Z [tauri-driver] failed SessionNotCreatedError: Failed to connect to browser: Failed to execute child process “/home/runner/work/vibestation/vibestation/docs/spikes/code/SPIKE-08/src-tauri/target/debug/spike-08-contract-runtime” (No such file or directory)
tauri-driver smoke · Ubuntu 24.04	Run Linux smoke	2026-04-20T07:31:22.4845907Z     at Object.throwDecodedError (/home/runner/work/vibestation/vibestation/docs/spikes/code/SPIKE-08/node_modules/.pnpm/selenium-webdriver@4.43.0/node_modules/selenium-webdriver/lib/error.js:523:15)
tauri-driver smoke · Ubuntu 24.04	Run Linux smoke	2026-04-20T07:31:22.4865938Z     at parseHttpResponse (/home/runner/work/vibestation/vibestation/docs/spikes/code/SPIKE-08/node_modules/.pnpm/selenium-webdriver@4.43.0/node_modules/selenium-webdriver/lib/http.js:526:13)
tauri-driver smoke · Ubuntu 24.04	Run Linux smoke	2026-04-20T07:31:22.4878907Z     at Executor.execute (/home/runner/work/vibestation/vibestation/docs/spikes/code/SPIKE-08/node_modules/.pnpm/selenium-webdriver@4.43.0/node_modules/selenium-webdriver/lib/http.js:458:28)
tauri-driver smoke · Ubuntu 24.04	Run Linux smoke	2026-04-20T07:31:22.4880682Z     at process.processTicksAndRejections (node:internal/process/task_queues:95:5) {
tauri-driver smoke · Ubuntu 24.04	Run Linux smoke	2026-04-20T07:31:22.4881433Z   remoteStacktrace: ''
tauri-driver smoke · Ubuntu 24.04	Run Linux smoke	2026-04-20T07:31:22.4881759Z }
tauri-driver smoke · Ubuntu 24.04	Run Linux smoke	2026-04-20T07:31:22.5777996Z ##[error]Process completed with exit code 1.
tauri-driver smoke · Ubuntu 24.04	Upload Linux raw artifacts	﻿2026-04-20T07:31:22.5857852Z ##[group]Run actions/upload-artifact@v4
tauri-driver smoke · Ubuntu 24.04	Upload Linux raw artifacts	2026-04-20T07:31:22.5858150Z with:
tauri-driver smoke · Ubuntu 24.04	Upload Linux raw artifacts	2026-04-20T07:31:22.5858324Z   name: spike-08-linux-raw
tauri-driver smoke · Ubuntu 24.04	Upload Linux raw artifacts	2026-04-20T07:31:22.5858558Z   path: docs/spikes/raw/SPIKE-08/linux/
tauri-driver smoke · Ubuntu 24.04	Upload Linux raw artifacts	2026-04-20T07:31:22.5858796Z   if-no-files-found: warn
tauri-driver smoke · Ubuntu 24.04	Upload Linux raw artifacts	2026-04-20T07:31:22.5858999Z   compression-level: 6
tauri-driver smoke · Ubuntu 24.04	Upload Linux raw artifacts	2026-04-20T07:31:22.5859180Z   overwrite: false
tauri-driver smoke · Ubuntu 24.04	Upload Linux raw artifacts	2026-04-20T07:31:22.5859372Z   include-hidden-files: false
tauri-driver smoke · Ubuntu 24.04	Upload Linux raw artifacts	2026-04-20T07:31:22.5859568Z env:
tauri-driver smoke · Ubuntu 24.04	Upload Linux raw artifacts	2026-04-20T07:31:22.5859733Z   CARGO_HOME: /home/runner/.cargo
tauri-driver smoke · Ubuntu 24.04	Upload Linux raw artifacts	2026-04-20T07:31:22.5859952Z   CARGO_INCREMENTAL: 0
tauri-driver smoke · Ubuntu 24.04	Upload Linux raw artifacts	2026-04-20T07:31:22.5860135Z   CARGO_TERM_COLOR: always
tauri-driver smoke · Ubuntu 24.04	Upload Linux raw artifacts	2026-04-20T07:31:22.5860328Z ##[endgroup]
tauri-driver smoke · Ubuntu 24.04	Upload Linux raw artifacts	2026-04-20T07:31:22.8206868Z With the provided path, there will be 4 files uploaded
tauri-driver smoke · Ubuntu 24.04	Upload Linux raw artifacts	2026-04-20T07:31:22.8209772Z Artifact name is valid!
tauri-driver smoke · Ubuntu 24.04	Upload Linux raw artifacts	2026-04-20T07:31:22.8210423Z Root directory input is valid!
tauri-driver smoke · Ubuntu 24.04	Upload Linux raw artifacts	2026-04-20T07:31:22.9997593Z Beginning upload of artifact content to blob storage
tauri-driver smoke · Ubuntu 24.04	Upload Linux raw artifacts	2026-04-20T07:31:23.1346611Z Uploaded bytes 5978
tauri-driver smoke · Ubuntu 24.04	Upload Linux raw artifacts	2026-04-20T07:31:23.1689986Z Finished uploading artifact content to blob storage!
tauri-driver smoke · Ubuntu 24.04	Upload Linux raw artifacts	2026-04-20T07:31:23.1694473Z SHA256 digest of uploaded artifact zip is ca449f558ce5a9d7e15aa8746221621fe006b97b58fad06fd3b91a672e3b2063
tauri-driver smoke · Ubuntu 24.04	Upload Linux raw artifacts	2026-04-20T07:31:23.1696415Z Finalizing artifact upload
tauri-driver smoke · Ubuntu 24.04	Upload Linux raw artifacts	2026-04-20T07:31:23.3495564Z Artifact spike-08-linux-raw.zip successfully finalized. Artifact ID 6526254309
tauri-driver smoke · Ubuntu 24.04	Upload Linux raw artifacts	2026-04-20T07:31:23.3497541Z Artifact spike-08-linux-raw has been successfully uploaded! Final size is 5978 bytes. Artifact ID is 6526254309
tauri-driver smoke · Ubuntu 24.04	Upload Linux raw artifacts	2026-04-20T07:31:23.3505582Z Artifact download URL: https://github.com/tajiaoyezi/vibestation/actions/runs/24653923822/artifacts/6526254309
tauri-driver smoke · Ubuntu 24.04	Post Checkout	﻿2026-04-20T07:31:23.4363763Z Post job cleanup.
tauri-driver smoke · Ubuntu 24.04	Post Checkout	2026-04-20T07:31:23.5297001Z [command]/usr/bin/git version
tauri-driver smoke · Ubuntu 24.04	Post Checkout	2026-04-20T07:31:23.5338698Z git version 2.53.0
tauri-driver smoke · Ubuntu 24.04	Post Checkout	2026-04-20T07:31:23.5385981Z Temporarily overriding HOME='/home/runner/work/_temp/80c50f89-6722-40f9-85a0-765b813e00cf' before making global git config changes
tauri-driver smoke · Ubuntu 24.04	Post Checkout	2026-04-20T07:31:23.5387764Z Adding repository directory to the temporary git global config as a safe directory
tauri-driver smoke · Ubuntu 24.04	Post Checkout	2026-04-20T07:31:23.5395748Z [command]/usr/bin/git config --global --add safe.directory /home/runner/work/vibestation/vibestation
tauri-driver smoke · Ubuntu 24.04	Post Checkout	2026-04-20T07:31:23.5429723Z Removing SSH command configuration
tauri-driver smoke · Ubuntu 24.04	Post Checkout	2026-04-20T07:31:23.5439032Z [command]/usr/bin/git config --local --name-only --get-regexp core\.sshCommand
tauri-driver smoke · Ubuntu 24.04	Post Checkout	2026-04-20T07:31:23.5479949Z [command]/usr/bin/git submodule foreach --recursive sh -c "git config --local --name-only --get-regexp 'core\.sshCommand' && git config --local --unset-all 'core.sshCommand' || :"
tauri-driver smoke · Ubuntu 24.04	Post Checkout	2026-04-20T07:31:23.5780954Z Removing HTTP extra header
tauri-driver smoke · Ubuntu 24.04	Post Checkout	2026-04-20T07:31:23.5787774Z [command]/usr/bin/git config --local --name-only --get-regexp http\.https\:\/\/github\.com\/\.extraheader
tauri-driver smoke · Ubuntu 24.04	Post Checkout	2026-04-20T07:31:23.5828709Z [command]/usr/bin/git submodule foreach --recursive sh -c "git config --local --name-only --get-regexp 'http\.https\:\/\/github\.com\/\.extraheader' && git config --local --unset-all 'http.https://github.com/.extraheader' || :"
tauri-driver smoke · Ubuntu 24.04	Post Checkout	2026-04-20T07:31:23.6061755Z Removing includeIf entries pointing to credentials config files
tauri-driver smoke · Ubuntu 24.04	Post Checkout	2026-04-20T07:31:23.6069877Z [command]/usr/bin/git config --local --name-only --get-regexp ^includeIf\.gitdir:
tauri-driver smoke · Ubuntu 24.04	Post Checkout	2026-04-20T07:31:23.6093994Z includeif.gitdir:/home/runner/work/vibestation/vibestation/.git.path
tauri-driver smoke · Ubuntu 24.04	Post Checkout	2026-04-20T07:31:23.6096545Z includeif.gitdir:/home/runner/work/vibestation/vibestation/.git/worktrees/*.path
tauri-driver smoke · Ubuntu 24.04	Post Checkout	2026-04-20T07:31:23.6097775Z includeif.gitdir:/github/workspace/.git.path
tauri-driver smoke · Ubuntu 24.04	Post Checkout	2026-04-20T07:31:23.6098840Z includeif.gitdir:/github/workspace/.git/worktrees/*.path
tauri-driver smoke · Ubuntu 24.04	Post Checkout	2026-04-20T07:31:23.6108733Z [command]/usr/bin/git config --local --get-all includeif.gitdir:/home/runner/work/vibestation/vibestation/.git.path
tauri-driver smoke · Ubuntu 24.04	Post Checkout	2026-04-20T07:31:23.6133203Z /home/runner/work/_temp/git-credentials-2224e35e-be5c-4e66-a999-0ca7cb39a9ac.config
tauri-driver smoke · Ubuntu 24.04	Post Checkout	2026-04-20T07:31:23.6148338Z [command]/usr/bin/git config --local --unset includeif.gitdir:/home/runner/work/vibestation/vibestation/.git.path /home/runner/work/_temp/git-credentials-2224e35e-be5c-4e66-a999-0ca7cb39a9ac.config
tauri-driver smoke · Ubuntu 24.04	Post Checkout	2026-04-20T07:31:23.6185230Z [command]/usr/bin/git config --local --get-all includeif.gitdir:/home/runner/work/vibestation/vibestation/.git/worktrees/*.path
tauri-driver smoke · Ubuntu 24.04	Post Checkout	2026-04-20T07:31:23.6211843Z /home/runner/work/_temp/git-credentials-2224e35e-be5c-4e66-a999-0ca7cb39a9ac.config
tauri-driver smoke · Ubuntu 24.04	Post Checkout	2026-04-20T07:31:23.6223535Z [command]/usr/bin/git config --local --unset includeif.gitdir:/home/runner/work/vibestation/vibestation/.git/worktrees/*.path /home/runner/work/_temp/git-credentials-2224e35e-be5c-4e66-a999-0ca7cb39a9ac.config
tauri-driver smoke · Ubuntu 24.04	Post Checkout	2026-04-20T07:31:23.6257615Z [command]/usr/bin/git config --local --get-all includeif.gitdir:/github/workspace/.git.path
tauri-driver smoke · Ubuntu 24.04	Post Checkout	2026-04-20T07:31:23.6282077Z /github/runner_temp/git-credentials-2224e35e-be5c-4e66-a999-0ca7cb39a9ac.config
tauri-driver smoke · Ubuntu 24.04	Post Checkout	2026-04-20T07:31:23.6291603Z [command]/usr/bin/git config --local --unset includeif.gitdir:/github/workspace/.git.path /github/runner_temp/git-credentials-2224e35e-be5c-4e66-a999-0ca7cb39a9ac.config
tauri-driver smoke · Ubuntu 24.04	Post Checkout	2026-04-20T07:31:23.6324875Z [command]/usr/bin/git config --local --get-all includeif.gitdir:/github/workspace/.git/worktrees/*.path
tauri-driver smoke · Ubuntu 24.04	Post Checkout	2026-04-20T07:31:23.6349696Z /github/runner_temp/git-credentials-2224e35e-be5c-4e66-a999-0ca7cb39a9ac.config
tauri-driver smoke · Ubuntu 24.04	Post Checkout	2026-04-20T07:31:23.6360915Z [command]/usr/bin/git config --local --unset includeif.gitdir:/github/workspace/.git/worktrees/*.path /github/runner_temp/git-credentials-2224e35e-be5c-4e66-a999-0ca7cb39a9ac.config
tauri-driver smoke · Ubuntu 24.04	Post Checkout	2026-04-20T07:31:23.6396803Z [command]/usr/bin/git submodule foreach --recursive git config --local --show-origin --name-only --get-regexp remote.origin.url
tauri-driver smoke · Ubuntu 24.04	Post Checkout	2026-04-20T07:31:23.6631210Z Removing credentials config '/home/runner/work/_temp/git-credentials-2224e35e-be5c-4e66-a999-0ca7cb39a9ac.config'
tauri-driver smoke · Ubuntu 24.04	Complete job	﻿2026-04-20T07:31:23.6767374Z Cleaning up orphan processes
tauri-driver smoke · Ubuntu 24.04	Complete job	2026-04-20T07:31:23.7109757Z ##[warning]Node.js 20 actions are deprecated. The following actions are running on Node.js 20 and may not work as expected: actions/upload-artifact@v4. Actions will be forced to run with Node.js 24 by default starting June 2nd, 2026. Node.js 20 will be removed from the runner on September 16th, 2026. Please check if updated versions of these actions are available that support Node.js 24. To opt into Node.js 24 now, set the FORCE_JAVASCRIPT_ACTIONS_TO_NODE24=true environment variable on the runner or in your workflow file. Once Node.js 24 becomes the default, you can temporarily opt out by setting ACTIONS_ALLOW_USE_UNSECURE_NODE_VERSION=true. For more information see: https://github.blog/changelog/2025-09-19-deprecation-of-node-20-on-github-actions-runners/
