tauri-driver smoke · Ubuntu 24.04	Set up job	﻿2026-04-20T07:19:31.2242720Z Current runner version: '2.333.1'
tauri-driver smoke · Ubuntu 24.04	Set up job	2026-04-20T07:19:31.2314469Z ##[group]Runner Image Provisioner
tauri-driver smoke · Ubuntu 24.04	Set up job	2026-04-20T07:19:31.2315634Z Hosted Compute Agent
tauri-driver smoke · Ubuntu 24.04	Set up job	2026-04-20T07:19:31.2316565Z Version: 20260213.493
tauri-driver smoke · Ubuntu 24.04	Set up job	2026-04-20T07:19:31.2317734Z Commit: 5c115507f6dd24b8de37d8bbe0bb4509d0cc0fa3
tauri-driver smoke · Ubuntu 24.04	Set up job	2026-04-20T07:19:31.2318914Z Build Date: 2026-02-13T00:28:41Z
tauri-driver smoke · Ubuntu 24.04	Set up job	2026-04-20T07:19:31.2319963Z Worker ID: {8e3113b5-6b8b-4a73-b530-c895aa4b4062}
tauri-driver smoke · Ubuntu 24.04	Set up job	2026-04-20T07:19:31.2321136Z Azure Region: eastus2
tauri-driver smoke · Ubuntu 24.04	Set up job	2026-04-20T07:19:31.2322357Z ##[endgroup]
tauri-driver smoke · Ubuntu 24.04	Set up job	2026-04-20T07:19:31.2324611Z ##[group]Operating System
tauri-driver smoke · Ubuntu 24.04	Set up job	2026-04-20T07:19:31.2325704Z Ubuntu
tauri-driver smoke · Ubuntu 24.04	Set up job	2026-04-20T07:19:31.2326452Z 24.04.4
tauri-driver smoke · Ubuntu 24.04	Set up job	2026-04-20T07:19:31.2327236Z LTS
tauri-driver smoke · Ubuntu 24.04	Set up job	2026-04-20T07:19:31.2327970Z ##[endgroup]
tauri-driver smoke · Ubuntu 24.04	Set up job	2026-04-20T07:19:31.2328801Z ##[group]Runner Image
tauri-driver smoke · Ubuntu 24.04	Set up job	2026-04-20T07:19:31.2329687Z Image: ubuntu-24.04
tauri-driver smoke · Ubuntu 24.04	Set up job	2026-04-20T07:19:31.2330501Z Version: 20260413.86.1
tauri-driver smoke · Ubuntu 24.04	Set up job	2026-04-20T07:19:31.2352690Z Included Software: https://github.com/actions/runner-images/blob/ubuntu24/20260413.86/images/ubuntu/Ubuntu2404-Readme.md
tauri-driver smoke · Ubuntu 24.04	Set up job	2026-04-20T07:19:31.2355677Z Image Release: https://github.com/actions/runner-images/releases/tag/ubuntu24%2F20260413.86
tauri-driver smoke · Ubuntu 24.04	Set up job	2026-04-20T07:19:31.2357228Z ##[endgroup]
tauri-driver smoke · Ubuntu 24.04	Set up job	2026-04-20T07:19:31.2359035Z ##[group]GITHUB_TOKEN Permissions
tauri-driver smoke · Ubuntu 24.04	Set up job	2026-04-20T07:19:31.2361527Z Contents: read
tauri-driver smoke · Ubuntu 24.04	Set up job	2026-04-20T07:19:31.2362709Z Metadata: read
tauri-driver smoke · Ubuntu 24.04	Set up job	2026-04-20T07:19:31.2363669Z ##[endgroup]
tauri-driver smoke · Ubuntu 24.04	Set up job	2026-04-20T07:19:31.2366647Z Secret source: Actions
tauri-driver smoke · Ubuntu 24.04	Set up job	2026-04-20T07:19:31.2367846Z Prepare workflow directory
tauri-driver smoke · Ubuntu 24.04	Set up job	2026-04-20T07:19:31.3382084Z Prepare all required actions
tauri-driver smoke · Ubuntu 24.04	Set up job	2026-04-20T07:19:31.3466536Z Getting action download info
tauri-driver smoke · Ubuntu 24.04	Set up job	2026-04-20T07:19:31.7813361Z Download action repository 'actions/checkout@v6' (SHA:de0fac2e4500dabe0009e67214ff5f5447ce83dd)
tauri-driver smoke · Ubuntu 24.04	Set up job	2026-04-20T07:19:31.9219864Z Download action repository 'actions/setup-node@v6' (SHA:48b55a011bda9f5d6aeb4c2d9c7362e8dae4041e)
tauri-driver smoke · Ubuntu 24.04	Set up job	2026-04-20T07:19:32.2540858Z Download action repository 'dtolnay/rust-toolchain@stable' (SHA:29eef336d9b2848a0b548edc03f92a220660cdb8)
tauri-driver smoke · Ubuntu 24.04	Set up job	2026-04-20T07:19:32.4116363Z Download action repository 'actions/cache@v5' (SHA:27d5ce7f107fe9357f9df03efb73ab90386fccae)
tauri-driver smoke · Ubuntu 24.04	Set up job	2026-04-20T07:19:32.7783298Z Download action repository 'actions/upload-artifact@v4' (SHA:ea165f8d65b6e75b540449e92b4886f43607fa02)
tauri-driver smoke · Ubuntu 24.04	Set up job	2026-04-20T07:19:33.1236787Z Complete job name: tauri-driver smoke · Ubuntu 24.04
tauri-driver smoke · Ubuntu 24.04	Checkout	﻿2026-04-20T07:19:33.2065806Z ##[group]Run actions/checkout@v6
tauri-driver smoke · Ubuntu 24.04	Checkout	2026-04-20T07:19:33.2067120Z with:
tauri-driver smoke · Ubuntu 24.04	Checkout	2026-04-20T07:19:33.2067893Z   repository: tajiaoyezi/vibestation
tauri-driver smoke · Ubuntu 24.04	Checkout	2026-04-20T07:19:33.2069123Z   token: ***
tauri-driver smoke · Ubuntu 24.04	Checkout	2026-04-20T07:19:33.2069860Z   ssh-strict: true
tauri-driver smoke · Ubuntu 24.04	Checkout	2026-04-20T07:19:33.2070605Z   ssh-user: git
tauri-driver smoke · Ubuntu 24.04	Checkout	2026-04-20T07:19:33.2071385Z   persist-credentials: true
tauri-driver smoke · Ubuntu 24.04	Checkout	2026-04-20T07:19:33.2072695Z   clean: true
tauri-driver smoke · Ubuntu 24.04	Checkout	2026-04-20T07:19:33.2073505Z   sparse-checkout-cone-mode: true
tauri-driver smoke · Ubuntu 24.04	Checkout	2026-04-20T07:19:33.2074448Z   fetch-depth: 1
tauri-driver smoke · Ubuntu 24.04	Checkout	2026-04-20T07:19:33.2075201Z   fetch-tags: false
tauri-driver smoke · Ubuntu 24.04	Checkout	2026-04-20T07:19:33.2075988Z   show-progress: true
tauri-driver smoke · Ubuntu 24.04	Checkout	2026-04-20T07:19:33.2076782Z   lfs: false
tauri-driver smoke · Ubuntu 24.04	Checkout	2026-04-20T07:19:33.2077503Z   submodules: false
tauri-driver smoke · Ubuntu 24.04	Checkout	2026-04-20T07:19:33.2078300Z   set-safe-directory: true
tauri-driver smoke · Ubuntu 24.04	Checkout	2026-04-20T07:19:33.2079509Z ##[endgroup]
tauri-driver smoke · Ubuntu 24.04	Checkout	2026-04-20T07:19:33.3175190Z Syncing repository: tajiaoyezi/vibestation
tauri-driver smoke · Ubuntu 24.04	Checkout	2026-04-20T07:19:33.3178987Z ##[group]Getting Git version info
tauri-driver smoke · Ubuntu 24.04	Checkout	2026-04-20T07:19:33.3181229Z Working directory is '/home/runner/work/vibestation/vibestation'
tauri-driver smoke · Ubuntu 24.04	Checkout	2026-04-20T07:19:33.3184971Z [command]/usr/bin/git version
tauri-driver smoke · Ubuntu 24.04	Checkout	2026-04-20T07:19:33.3207152Z git version 2.53.0
tauri-driver smoke · Ubuntu 24.04	Checkout	2026-04-20T07:19:33.3235012Z ##[endgroup]
tauri-driver smoke · Ubuntu 24.04	Checkout	2026-04-20T07:19:33.3253217Z Temporarily overriding HOME='/home/runner/work/_temp/387e2ada-85d1-4bc4-80a4-3b9d30771c6b' before making global git config changes
tauri-driver smoke · Ubuntu 24.04	Checkout	2026-04-20T07:19:33.3259237Z Adding repository directory to the temporary git global config as a safe directory
tauri-driver smoke · Ubuntu 24.04	Checkout	2026-04-20T07:19:33.3271266Z [command]/usr/bin/git config --global --add safe.directory /home/runner/work/vibestation/vibestation
tauri-driver smoke · Ubuntu 24.04	Checkout	2026-04-20T07:19:33.3319733Z Deleting the contents of '/home/runner/work/vibestation/vibestation'
tauri-driver smoke · Ubuntu 24.04	Checkout	2026-04-20T07:19:33.3323636Z ##[group]Initializing the repository
tauri-driver smoke · Ubuntu 24.04	Checkout	2026-04-20T07:19:33.3332610Z [command]/usr/bin/git init /home/runner/work/vibestation/vibestation
tauri-driver smoke · Ubuntu 24.04	Checkout	2026-04-20T07:19:33.3435809Z hint: Using 'master' as the name for the initial branch. This default branch name
tauri-driver smoke · Ubuntu 24.04	Checkout	2026-04-20T07:19:33.3443677Z hint: will change to "main" in Git 3.0. To configure the initial branch name
tauri-driver smoke · Ubuntu 24.04	Checkout	2026-04-20T07:19:33.3448885Z hint: to use in all of your new repositories, which will suppress this warning,
tauri-driver smoke · Ubuntu 24.04	Checkout	2026-04-20T07:19:33.3451882Z hint: call:
tauri-driver smoke · Ubuntu 24.04	Checkout	2026-04-20T07:19:33.3453594Z hint:
tauri-driver smoke · Ubuntu 24.04	Checkout	2026-04-20T07:19:33.3455473Z hint: 	git config --global init.defaultBranch <name>
tauri-driver smoke · Ubuntu 24.04	Checkout	2026-04-20T07:19:33.3457608Z hint:
tauri-driver smoke · Ubuntu 24.04	Checkout	2026-04-20T07:19:33.3464804Z hint: Names commonly chosen instead of 'master' are 'main', 'trunk' and
tauri-driver smoke · Ubuntu 24.04	Checkout	2026-04-20T07:19:33.3473294Z hint: 'development'. The just-created branch can be renamed via this command:
tauri-driver smoke · Ubuntu 24.04	Checkout	2026-04-20T07:19:33.3476753Z hint:
tauri-driver smoke · Ubuntu 24.04	Checkout	2026-04-20T07:19:33.3478521Z hint: 	git branch -m <name>
tauri-driver smoke · Ubuntu 24.04	Checkout	2026-04-20T07:19:33.3480358Z hint:
tauri-driver smoke · Ubuntu 24.04	Checkout	2026-04-20T07:19:33.3483079Z hint: Disable this message with "git config set advice.defaultBranchName false"
tauri-driver smoke · Ubuntu 24.04	Checkout	2026-04-20T07:19:33.3486992Z Initialized empty Git repository in /home/runner/work/vibestation/vibestation/.git/
tauri-driver smoke · Ubuntu 24.04	Checkout	2026-04-20T07:19:33.3494082Z [command]/usr/bin/git remote add origin https://github.com/tajiaoyezi/vibestation
tauri-driver smoke · Ubuntu 24.04	Checkout	2026-04-20T07:19:33.3500319Z ##[endgroup]
tauri-driver smoke · Ubuntu 24.04	Checkout	2026-04-20T07:19:33.3503750Z ##[group]Disabling automatic garbage collection
tauri-driver smoke · Ubuntu 24.04	Checkout	2026-04-20T07:19:33.3506302Z [command]/usr/bin/git config --local gc.auto 0
tauri-driver smoke · Ubuntu 24.04	Checkout	2026-04-20T07:19:33.3539028Z ##[endgroup]
tauri-driver smoke · Ubuntu 24.04	Checkout	2026-04-20T07:19:33.3542031Z ##[group]Setting up auth
tauri-driver smoke · Ubuntu 24.04	Checkout	2026-04-20T07:19:33.3544121Z Removing SSH command configuration
tauri-driver smoke · Ubuntu 24.04	Checkout	2026-04-20T07:19:33.3547250Z [command]/usr/bin/git config --local --name-only --get-regexp core\.sshCommand
tauri-driver smoke · Ubuntu 24.04	Checkout	2026-04-20T07:19:33.3584856Z [command]/usr/bin/git submodule foreach --recursive sh -c "git config --local --name-only --get-regexp 'core\.sshCommand' && git config --local --unset-all 'core.sshCommand' || :"
tauri-driver smoke · Ubuntu 24.04	Checkout	2026-04-20T07:19:33.3882671Z Removing HTTP extra header
tauri-driver smoke · Ubuntu 24.04	Checkout	2026-04-20T07:19:33.3889250Z [command]/usr/bin/git config --local --name-only --get-regexp http\.https\:\/\/github\.com\/\.extraheader
tauri-driver smoke · Ubuntu 24.04	Checkout	2026-04-20T07:19:33.3924686Z [command]/usr/bin/git submodule foreach --recursive sh -c "git config --local --name-only --get-regexp 'http\.https\:\/\/github\.com\/\.extraheader' && git config --local --unset-all 'http.https://github.com/.extraheader' || :"
tauri-driver smoke · Ubuntu 24.04	Checkout	2026-04-20T07:19:33.4160739Z Removing includeIf entries pointing to credentials config files
tauri-driver smoke · Ubuntu 24.04	Checkout	2026-04-20T07:19:33.4164320Z [command]/usr/bin/git config --local --name-only --get-regexp ^includeIf\.gitdir:
tauri-driver smoke · Ubuntu 24.04	Checkout	2026-04-20T07:19:33.4189953Z [command]/usr/bin/git submodule foreach --recursive git config --local --show-origin --name-only --get-regexp remote.origin.url
tauri-driver smoke · Ubuntu 24.04	Checkout	2026-04-20T07:19:33.4428517Z [command]/usr/bin/git config --file /home/runner/work/_temp/git-credentials-a1eabd1e-c239-47fa-9b04-220f02a33c9a.config http.https://github.com/.extraheader AUTHORIZATION: basic ***
tauri-driver smoke · Ubuntu 24.04	Checkout	2026-04-20T07:19:33.4474259Z [command]/usr/bin/git config --local includeIf.gitdir:/home/runner/work/vibestation/vibestation/.git.path /home/runner/work/_temp/git-credentials-a1eabd1e-c239-47fa-9b04-220f02a33c9a.config
tauri-driver smoke · Ubuntu 24.04	Checkout	2026-04-20T07:19:33.4509514Z [command]/usr/bin/git config --local includeIf.gitdir:/home/runner/work/vibestation/vibestation/.git/worktrees/*.path /home/runner/work/_temp/git-credentials-a1eabd1e-c239-47fa-9b04-220f02a33c9a.config
tauri-driver smoke · Ubuntu 24.04	Checkout	2026-04-20T07:19:33.4549814Z [command]/usr/bin/git config --local includeIf.gitdir:/github/workspace/.git.path /github/runner_temp/git-credentials-a1eabd1e-c239-47fa-9b04-220f02a33c9a.config
tauri-driver smoke · Ubuntu 24.04	Checkout	2026-04-20T07:19:33.4577175Z [command]/usr/bin/git config --local includeIf.gitdir:/github/workspace/.git/worktrees/*.path /github/runner_temp/git-credentials-a1eabd1e-c239-47fa-9b04-220f02a33c9a.config
tauri-driver smoke · Ubuntu 24.04	Checkout	2026-04-20T07:19:33.4607757Z ##[endgroup]
tauri-driver smoke · Ubuntu 24.04	Checkout	2026-04-20T07:19:33.4610476Z ##[group]Fetching the repository
tauri-driver smoke · Ubuntu 24.04	Checkout	2026-04-20T07:19:33.4617508Z [command]/usr/bin/git -c protocol.version=2 fetch --no-tags --prune --no-recurse-submodules --depth=1 origin +9f249ed1462a88e12abc2bb15ac0cf80800a576d:refs/remotes/origin/spike/SPIKE-08
tauri-driver smoke · Ubuntu 24.04	Checkout	2026-04-20T07:19:33.9154256Z From https://github.com/tajiaoyezi/vibestation
tauri-driver smoke · Ubuntu 24.04	Checkout	2026-04-20T07:19:33.9165560Z  * [new ref]         9f249ed1462a88e12abc2bb15ac0cf80800a576d -> origin/spike/SPIKE-08
tauri-driver smoke · Ubuntu 24.04	Checkout	2026-04-20T07:19:33.9195418Z [command]/usr/bin/git branch --list --remote origin/spike/SPIKE-08
tauri-driver smoke · Ubuntu 24.04	Checkout	2026-04-20T07:19:33.9230878Z   origin/spike/SPIKE-08
tauri-driver smoke · Ubuntu 24.04	Checkout	2026-04-20T07:19:33.9248153Z [command]/usr/bin/git rev-parse refs/remotes/origin/spike/SPIKE-08
tauri-driver smoke · Ubuntu 24.04	Checkout	2026-04-20T07:19:33.9264421Z 9f249ed1462a88e12abc2bb15ac0cf80800a576d
tauri-driver smoke · Ubuntu 24.04	Checkout	2026-04-20T07:19:33.9282036Z ##[endgroup]
tauri-driver smoke · Ubuntu 24.04	Checkout	2026-04-20T07:19:33.9283564Z ##[group]Determining the checkout info
tauri-driver smoke · Ubuntu 24.04	Checkout	2026-04-20T07:19:33.9284682Z ##[endgroup]
tauri-driver smoke · Ubuntu 24.04	Checkout	2026-04-20T07:19:33.9285857Z [command]/usr/bin/git sparse-checkout disable
tauri-driver smoke · Ubuntu 24.04	Checkout	2026-04-20T07:19:33.9318521Z [command]/usr/bin/git config --local --unset-all extensions.worktreeConfig
tauri-driver smoke · Ubuntu 24.04	Checkout	2026-04-20T07:19:33.9347303Z ##[group]Checking out the ref
tauri-driver smoke · Ubuntu 24.04	Checkout	2026-04-20T07:19:33.9352328Z [command]/usr/bin/git checkout --progress --force -B spike/SPIKE-08 refs/remotes/origin/spike/SPIKE-08
tauri-driver smoke · Ubuntu 24.04	Checkout	2026-04-20T07:19:33.9941091Z Switched to a new branch 'spike/SPIKE-08'
tauri-driver smoke · Ubuntu 24.04	Checkout	2026-04-20T07:19:33.9945241Z branch 'spike/SPIKE-08' set up to track 'origin/spike/SPIKE-08'.
tauri-driver smoke · Ubuntu 24.04	Checkout	2026-04-20T07:19:33.9954084Z ##[endgroup]
tauri-driver smoke · Ubuntu 24.04	Checkout	2026-04-20T07:19:33.9996304Z [command]/usr/bin/git log -1 --format=%H
tauri-driver smoke · Ubuntu 24.04	Checkout	2026-04-20T07:19:34.0021164Z 9f249ed1462a88e12abc2bb15ac0cf80800a576d
tauri-driver smoke · Ubuntu 24.04	Setup Node.js	﻿2026-04-20T07:19:34.0335770Z ##[group]Run actions/setup-node@v6
tauri-driver smoke · Ubuntu 24.04	Setup Node.js	2026-04-20T07:19:34.0336115Z with:
tauri-driver smoke · Ubuntu 24.04	Setup Node.js	2026-04-20T07:19:34.0336343Z   node-version: 20
tauri-driver smoke · Ubuntu 24.04	Setup Node.js	2026-04-20T07:19:34.0336585Z   check-latest: false
tauri-driver smoke · Ubuntu 24.04	Setup Node.js	2026-04-20T07:19:34.0336980Z   token: ***
tauri-driver smoke · Ubuntu 24.04	Setup Node.js	2026-04-20T07:19:34.0337231Z   package-manager-cache: true
tauri-driver smoke · Ubuntu 24.04	Setup Node.js	2026-04-20T07:19:34.0337515Z ##[endgroup]
tauri-driver smoke · Ubuntu 24.04	Setup Node.js	2026-04-20T07:19:34.2003302Z Found in cache @ /opt/hostedtoolcache/node/20.20.2/x64
tauri-driver smoke · Ubuntu 24.04	Setup Node.js	2026-04-20T07:19:34.2005252Z ##[group]Environment details
tauri-driver smoke · Ubuntu 24.04	Setup Node.js	2026-04-20T07:19:34.7552725Z node: v20.20.2
tauri-driver smoke · Ubuntu 24.04	Setup Node.js	2026-04-20T07:19:34.7553383Z npm: 10.8.2
tauri-driver smoke · Ubuntu 24.04	Setup Node.js	2026-04-20T07:19:34.7553927Z yarn: 1.22.22
tauri-driver smoke · Ubuntu 24.04	Setup Node.js	2026-04-20T07:19:34.7554897Z ##[endgroup]
tauri-driver smoke · Ubuntu 24.04	Enable pnpm via corepack	﻿2026-04-20T07:19:34.7680507Z ##[group]Run corepack enable
tauri-driver smoke · Ubuntu 24.04	Enable pnpm via corepack	2026-04-20T07:19:34.7681095Z [36;1mcorepack enable[0m
tauri-driver smoke · Ubuntu 24.04	Enable pnpm via corepack	2026-04-20T07:19:34.7687982Z [36;1mcorepack prepare pnpm@10.33.0 --activate[0m
tauri-driver smoke · Ubuntu 24.04	Enable pnpm via corepack	2026-04-20T07:19:34.7688663Z [36;1mpnpm --version[0m
tauri-driver smoke · Ubuntu 24.04	Enable pnpm via corepack	2026-04-20T07:19:34.7734072Z shell: /usr/bin/bash -e {0}
tauri-driver smoke · Ubuntu 24.04	Enable pnpm via corepack	2026-04-20T07:19:34.7734572Z ##[endgroup]
tauri-driver smoke · Ubuntu 24.04	Enable pnpm via corepack	2026-04-20T07:19:35.0018509Z Preparing pnpm@10.33.0 for immediate activation...
tauri-driver smoke · Ubuntu 24.04	Enable pnpm via corepack	2026-04-20T07:19:36.5073842Z ! Corepack is about to download https://registry.npmjs.org/pnpm/-/pnpm-9.15.9.tgz
tauri-driver smoke · Ubuntu 24.04	Enable pnpm via corepack	2026-04-20T07:19:38.0848555Z 9.15.9
tauri-driver smoke · Ubuntu 24.04	Setup Rust toolchain	﻿2026-04-20T07:19:38.1128536Z ##[group]Run dtolnay/rust-toolchain@stable
tauri-driver smoke · Ubuntu 24.04	Setup Rust toolchain	2026-04-20T07:19:38.1128843Z with:
tauri-driver smoke · Ubuntu 24.04	Setup Rust toolchain	2026-04-20T07:19:38.1129023Z   toolchain: stable
tauri-driver smoke · Ubuntu 24.04	Setup Rust toolchain	2026-04-20T07:19:38.1129207Z ##[endgroup]
tauri-driver smoke · Ubuntu 24.04	Setup Rust toolchain	2026-04-20T07:19:38.1231861Z ##[group]Run : parse toolchain version
tauri-driver smoke · Ubuntu 24.04	Setup Rust toolchain	2026-04-20T07:19:38.1232195Z [36;1m: parse toolchain version[0m
tauri-driver smoke · Ubuntu 24.04	Setup Rust toolchain	2026-04-20T07:19:38.1232456Z [36;1mif [[ -z $toolchain ]]; then[0m
tauri-driver smoke · Ubuntu 24.04	Setup Rust toolchain	2026-04-20T07:19:38.1232937Z [36;1m  # GitHub does not enforce `required: true` inputs itself. https://github.com/actions/runner/issues/1070[0m
tauri-driver smoke · Ubuntu 24.04	Setup Rust toolchain	2026-04-20T07:19:38.1233484Z [36;1m  echo "'toolchain' is a required input" >&2[0m
tauri-driver smoke · Ubuntu 24.04	Setup Rust toolchain	2026-04-20T07:19:38.1233757Z [36;1m  exit 1[0m
tauri-driver smoke · Ubuntu 24.04	Setup Rust toolchain	2026-04-20T07:19:38.1234066Z [36;1melif [[ $toolchain =~ ^stable' '[0-9]+' '(year|month|week|day)s?' 'ago$ ]]; then[0m
tauri-driver smoke · Ubuntu 24.04	Setup Rust toolchain	2026-04-20T07:19:38.1234451Z [36;1m  if [[ Linux == macOS ]]; then[0m
tauri-driver smoke · Ubuntu 24.04	Setup Rust toolchain	2026-04-20T07:19:38.1234947Z [36;1m    echo "toolchain=1.$((($(date -v-$(sed 's/stable \([0-9]*\) \(.\).*/\1\2/' <<< $toolchain) +%s)/60/60/24-16569)/7/6))" >> $GITHUB_OUTPUT[0m
tauri-driver smoke · Ubuntu 24.04	Setup Rust toolchain	2026-04-20T07:19:38.1235639Z [36;1m  else[0m
tauri-driver smoke · Ubuntu 24.04	Setup Rust toolchain	2026-04-20T07:19:38.1236161Z [36;1m    echo "toolchain=1.$((($(date --date "${toolchain#stable }" +%s)/60/60/24-16569)/7/6))" >> $GITHUB_OUTPUT[0m
tauri-driver smoke · Ubuntu 24.04	Setup Rust toolchain	2026-04-20T07:19:38.1236596Z [36;1m  fi[0m
tauri-driver smoke · Ubuntu 24.04	Setup Rust toolchain	2026-04-20T07:19:38.1236863Z [36;1melif [[ $toolchain =~ ^stable' 'minus' '[0-9]+' 'releases?$ ]]; then[0m
tauri-driver smoke · Ubuntu 24.04	Setup Rust toolchain	2026-04-20T07:19:38.1237363Z [36;1m  echo "toolchain=1.$((($(date +%s)/60/60/24-16569)/7/6-${toolchain//[^0-9]/}))" >> $GITHUB_OUTPUT[0m
tauri-driver smoke · Ubuntu 24.04	Setup Rust toolchain	2026-04-20T07:19:38.1237980Z [36;1melif [[ $toolchain =~ ^1\.[0-9]+$ ]]; then[0m
tauri-driver smoke · Ubuntu 24.04	Setup Rust toolchain	2026-04-20T07:19:38.1238475Z [36;1m  echo "toolchain=1.$((i=${toolchain#1.}, c=($(date +%s)/60/60/24-16569)/7/6, i+9*i*(10*i<=c)+90*i*(100*i<=c)))" >> $GITHUB_OUTPUT[0m
tauri-driver smoke · Ubuntu 24.04	Setup Rust toolchain	2026-04-20T07:19:38.1238963Z [36;1melse[0m
tauri-driver smoke · Ubuntu 24.04	Setup Rust toolchain	2026-04-20T07:19:38.1239190Z [36;1m  echo "toolchain=$toolchain" >> $GITHUB_OUTPUT[0m
tauri-driver smoke · Ubuntu 24.04	Setup Rust toolchain	2026-04-20T07:19:38.1239481Z [36;1mfi[0m
tauri-driver smoke · Ubuntu 24.04	Setup Rust toolchain	2026-04-20T07:19:38.1262083Z shell: /usr/bin/bash --noprofile --norc -e -o pipefail {0}
tauri-driver smoke · Ubuntu 24.04	Setup Rust toolchain	2026-04-20T07:19:38.1262436Z env:
tauri-driver smoke · Ubuntu 24.04	Setup Rust toolchain	2026-04-20T07:19:38.1262608Z   toolchain: stable
tauri-driver smoke · Ubuntu 24.04	Setup Rust toolchain	2026-04-20T07:19:38.1262793Z ##[endgroup]
tauri-driver smoke · Ubuntu 24.04	Setup Rust toolchain	2026-04-20T07:19:38.1355844Z ##[group]Run : construct rustup command line
tauri-driver smoke · Ubuntu 24.04	Setup Rust toolchain	2026-04-20T07:19:38.1356195Z [36;1m: construct rustup command line[0m
tauri-driver smoke · Ubuntu 24.04	Setup Rust toolchain	2026-04-20T07:19:38.1356622Z [36;1mecho "targets=$(for t in ${targets//,/ }; do echo -n ' --target' $t; done)" >> $GITHUB_OUTPUT[0m
tauri-driver smoke · Ubuntu 24.04	Setup Rust toolchain	2026-04-20T07:19:38.1357250Z [36;1mecho "components=$(for c in ${components//,/ }; do echo -n ' --component' $c; done)" >> $GITHUB_OUTPUT[0m
tauri-driver smoke · Ubuntu 24.04	Setup Rust toolchain	2026-04-20T07:19:38.1357719Z [36;1mecho "downgrade=" >> $GITHUB_OUTPUT[0m
tauri-driver smoke · Ubuntu 24.04	Setup Rust toolchain	2026-04-20T07:19:38.1377076Z shell: /usr/bin/bash --noprofile --norc -e -o pipefail {0}
tauri-driver smoke · Ubuntu 24.04	Setup Rust toolchain	2026-04-20T07:19:38.1377392Z env:
tauri-driver smoke · Ubuntu 24.04	Setup Rust toolchain	2026-04-20T07:19:38.1377552Z   targets: 
tauri-driver smoke · Ubuntu 24.04	Setup Rust toolchain	2026-04-20T07:19:38.1377720Z   components: 
tauri-driver smoke · Ubuntu 24.04	Setup Rust toolchain	2026-04-20T07:19:38.1377891Z ##[endgroup]
tauri-driver smoke · Ubuntu 24.04	Setup Rust toolchain	2026-04-20T07:19:38.1452474Z ##[group]Run : set $CARGO_HOME
tauri-driver smoke · Ubuntu 24.04	Setup Rust toolchain	2026-04-20T07:19:38.1452736Z [36;1m: set $CARGO_HOME[0m
tauri-driver smoke · Ubuntu 24.04	Setup Rust toolchain	2026-04-20T07:19:38.1453033Z [36;1mecho CARGO_HOME=${CARGO_HOME:-"$HOME/.cargo"} >> $GITHUB_ENV[0m
tauri-driver smoke · Ubuntu 24.04	Setup Rust toolchain	2026-04-20T07:19:38.1472364Z shell: /usr/bin/bash --noprofile --norc -e -o pipefail {0}
tauri-driver smoke · Ubuntu 24.04	Setup Rust toolchain	2026-04-20T07:19:38.1472700Z ##[endgroup]
tauri-driver smoke · Ubuntu 24.04	Setup Rust toolchain	2026-04-20T07:19:38.1536902Z ##[group]Run : install rustup if needed
tauri-driver smoke · Ubuntu 24.04	Setup Rust toolchain	2026-04-20T07:19:38.1537199Z [36;1m: install rustup if needed[0m
tauri-driver smoke · Ubuntu 24.04	Setup Rust toolchain	2026-04-20T07:19:38.1537469Z [36;1mif ! command -v rustup &>/dev/null; then[0m
tauri-driver smoke · Ubuntu 24.04	Setup Rust toolchain	2026-04-20T07:19:38.1538183Z [36;1m  curl --proto '=https' --tlsv1.2 --retry 10 --retry-connrefused --location --silent --show-error --fail https://sh.rustup.rs | sh -s -- --default-toolchain none -y[0m
tauri-driver smoke · Ubuntu 24.04	Setup Rust toolchain	2026-04-20T07:19:38.1538914Z [36;1m  echo "$CARGO_HOME/bin" >> $GITHUB_PATH[0m
tauri-driver smoke · Ubuntu 24.04	Setup Rust toolchain	2026-04-20T07:19:38.1539174Z [36;1mfi[0m
tauri-driver smoke · Ubuntu 24.04	Setup Rust toolchain	2026-04-20T07:19:38.1558374Z shell: /usr/bin/bash --noprofile --norc -e -o pipefail {0}
tauri-driver smoke · Ubuntu 24.04	Setup Rust toolchain	2026-04-20T07:19:38.1558694Z env:
tauri-driver smoke · Ubuntu 24.04	Setup Rust toolchain	2026-04-20T07:19:38.1558876Z   CARGO_HOME: /home/runner/.cargo
tauri-driver smoke · Ubuntu 24.04	Setup Rust toolchain	2026-04-20T07:19:38.1559098Z ##[endgroup]
tauri-driver smoke · Ubuntu 24.04	Setup Rust toolchain	2026-04-20T07:19:38.1624090Z ##[group]Run rustup toolchain install stable --profile minimal --no-self-update
tauri-driver smoke · Ubuntu 24.04	Setup Rust toolchain	2026-04-20T07:19:38.1624804Z [36;1mrustup toolchain install stable --profile minimal --no-self-update[0m
tauri-driver smoke · Ubuntu 24.04	Setup Rust toolchain	2026-04-20T07:19:38.1643938Z shell: /usr/bin/bash --noprofile --norc -e -o pipefail {0}
tauri-driver smoke · Ubuntu 24.04	Setup Rust toolchain	2026-04-20T07:19:38.1644249Z env:
tauri-driver smoke · Ubuntu 24.04	Setup Rust toolchain	2026-04-20T07:19:38.1644438Z   CARGO_HOME: /home/runner/.cargo
tauri-driver smoke · Ubuntu 24.04	Setup Rust toolchain	2026-04-20T07:19:38.1644682Z   RUSTUP_PERMIT_COPY_RENAME: 1
tauri-driver smoke · Ubuntu 24.04	Setup Rust toolchain	2026-04-20T07:19:38.1644894Z ##[endgroup]
tauri-driver smoke · Ubuntu 24.04	Setup Rust toolchain	2026-04-20T07:19:38.6154375Z info: syncing channel updates for stable-x86_64-unknown-linux-gnu
tauri-driver smoke · Ubuntu 24.04	Setup Rust toolchain	2026-04-20T07:19:38.7734438Z info: latest update on 2026-04-16 for version 1.95.0 (59807616e 2026-04-14)
tauri-driver smoke · Ubuntu 24.04	Setup Rust toolchain	2026-04-20T07:19:38.7887173Z info: removing previous version of component clippy
tauri-driver smoke · Ubuntu 24.04	Setup Rust toolchain	2026-04-20T07:19:38.7947122Z info: removing previous version of component rustfmt
tauri-driver smoke · Ubuntu 24.04	Setup Rust toolchain	2026-04-20T07:19:38.7978205Z info: removing previous version of component cargo
tauri-driver smoke · Ubuntu 24.04	Setup Rust toolchain	2026-04-20T07:19:38.8029895Z info: removing previous version of component rust-std
tauri-driver smoke · Ubuntu 24.04	Setup Rust toolchain	2026-04-20T07:19:38.8079589Z info: removing previous version of component rustc
tauri-driver smoke · Ubuntu 24.04	Setup Rust toolchain	2026-04-20T07:19:38.8139744Z info: downloading 5 components
tauri-driver smoke · Ubuntu 24.04	Setup Rust toolchain	2026-04-20T07:19:47.2571968Z 
tauri-driver smoke · Ubuntu 24.04	Setup Rust toolchain	2026-04-20T07:19:47.2673654Z   stable-x86_64-unknown-linux-gnu updated - rustc 1.95.0 (59807616e 2026-04-14) (from rustc 1.94.1 (e408947bf 2026-03-25))
tauri-driver smoke · Ubuntu 24.04	Setup Rust toolchain	2026-04-20T07:19:47.2682598Z 
tauri-driver smoke · Ubuntu 24.04	Setup Rust toolchain	2026-04-20T07:19:47.2847944Z ##[group]Run rustup default stable
tauri-driver smoke · Ubuntu 24.04	Setup Rust toolchain	2026-04-20T07:19:47.2848378Z [36;1mrustup default stable[0m
tauri-driver smoke · Ubuntu 24.04	Setup Rust toolchain	2026-04-20T07:19:47.2890595Z shell: /usr/bin/bash --noprofile --norc -e -o pipefail {0}
tauri-driver smoke · Ubuntu 24.04	Setup Rust toolchain	2026-04-20T07:19:47.2891099Z env:
tauri-driver smoke · Ubuntu 24.04	Setup Rust toolchain	2026-04-20T07:19:47.2891391Z   CARGO_HOME: /home/runner/.cargo
tauri-driver smoke · Ubuntu 24.04	Setup Rust toolchain	2026-04-20T07:19:47.2892112Z ##[endgroup]
tauri-driver smoke · Ubuntu 24.04	Setup Rust toolchain	2026-04-20T07:19:47.3023376Z info: using existing install for stable-x86_64-unknown-linux-gnu
tauri-driver smoke · Ubuntu 24.04	Setup Rust toolchain	2026-04-20T07:19:47.3029983Z info: default toolchain set to stable-x86_64-unknown-linux-gnu
tauri-driver smoke · Ubuntu 24.04	Setup Rust toolchain	2026-04-20T07:19:47.3030471Z 
tauri-driver smoke · Ubuntu 24.04	Setup Rust toolchain	2026-04-20T07:19:47.3097563Z   stable-x86_64-unknown-linux-gnu unchanged - rustc 1.95.0 (59807616e 2026-04-14)
tauri-driver smoke · Ubuntu 24.04	Setup Rust toolchain	2026-04-20T07:19:47.3098368Z 
tauri-driver smoke · Ubuntu 24.04	Setup Rust toolchain	2026-04-20T07:19:47.3130285Z ##[group]Run : create cachekey
tauri-driver smoke · Ubuntu 24.04	Setup Rust toolchain	2026-04-20T07:19:47.3130556Z [36;1m: create cachekey[0m
tauri-driver smoke · Ubuntu 24.04	Setup Rust toolchain	2026-04-20T07:19:47.3131021Z [36;1mDATE=$(rustc +stable --version --verbose | sed -ne 's/^commit-date: \(20[0-9][0-9]\)-\([01][0-9]\)-\([0-3][0-9]\)$/\1\2\3/p')[0m
tauri-driver smoke · Ubuntu 24.04	Setup Rust toolchain	2026-04-20T07:19:47.3131908Z [36;1mHASH=$(rustc +stable --version --verbose | sed -ne 's/^commit-hash: //p')[0m
tauri-driver smoke · Ubuntu 24.04	Setup Rust toolchain	2026-04-20T07:19:47.3132454Z [36;1mecho "cachekey=$(echo $DATE$HASH | head -c12)" >> $GITHUB_OUTPUT[0m
tauri-driver smoke · Ubuntu 24.04	Setup Rust toolchain	2026-04-20T07:19:47.3153635Z shell: /usr/bin/bash --noprofile --norc -e -o pipefail {0}
tauri-driver smoke · Ubuntu 24.04	Setup Rust toolchain	2026-04-20T07:19:47.3153953Z env:
tauri-driver smoke · Ubuntu 24.04	Setup Rust toolchain	2026-04-20T07:19:47.3154128Z   CARGO_HOME: /home/runner/.cargo
tauri-driver smoke · Ubuntu 24.04	Setup Rust toolchain	2026-04-20T07:19:47.3154364Z ##[endgroup]
tauri-driver smoke · Ubuntu 24.04	Setup Rust toolchain	2026-04-20T07:19:47.3489655Z ##[group]Run : disable incremental compilation
tauri-driver smoke · Ubuntu 24.04	Setup Rust toolchain	2026-04-20T07:19:47.3490000Z [36;1m: disable incremental compilation[0m
tauri-driver smoke · Ubuntu 24.04	Setup Rust toolchain	2026-04-20T07:19:47.3490297Z [36;1mif [ -z "${CARGO_INCREMENTAL+set}" ]; then[0m
tauri-driver smoke · Ubuntu 24.04	Setup Rust toolchain	2026-04-20T07:19:47.3490594Z [36;1m  echo CARGO_INCREMENTAL=0 >> $GITHUB_ENV[0m
tauri-driver smoke · Ubuntu 24.04	Setup Rust toolchain	2026-04-20T07:19:47.3490868Z [36;1mfi[0m
tauri-driver smoke · Ubuntu 24.04	Setup Rust toolchain	2026-04-20T07:19:47.3512427Z shell: /usr/bin/bash --noprofile --norc -e -o pipefail {0}
tauri-driver smoke · Ubuntu 24.04	Setup Rust toolchain	2026-04-20T07:19:47.3512742Z env:
tauri-driver smoke · Ubuntu 24.04	Setup Rust toolchain	2026-04-20T07:19:47.3512924Z   CARGO_HOME: /home/runner/.cargo
tauri-driver smoke · Ubuntu 24.04	Setup Rust toolchain	2026-04-20T07:19:47.3513148Z ##[endgroup]
tauri-driver smoke · Ubuntu 24.04	Setup Rust toolchain	2026-04-20T07:19:47.3572891Z ##[group]Run : enable colors in Cargo output
tauri-driver smoke · Ubuntu 24.04	Setup Rust toolchain	2026-04-20T07:19:47.3573200Z [36;1m: enable colors in Cargo output[0m
tauri-driver smoke · Ubuntu 24.04	Setup Rust toolchain	2026-04-20T07:19:47.3573500Z [36;1mif [ -z "${CARGO_TERM_COLOR+set}" ]; then[0m
tauri-driver smoke · Ubuntu 24.04	Setup Rust toolchain	2026-04-20T07:19:47.3573803Z [36;1m  echo CARGO_TERM_COLOR=always >> $GITHUB_ENV[0m
tauri-driver smoke · Ubuntu 24.04	Setup Rust toolchain	2026-04-20T07:19:47.3574066Z [36;1mfi[0m
tauri-driver smoke · Ubuntu 24.04	Setup Rust toolchain	2026-04-20T07:19:47.3593585Z shell: /usr/bin/bash --noprofile --norc -e -o pipefail {0}
tauri-driver smoke · Ubuntu 24.04	Setup Rust toolchain	2026-04-20T07:19:47.3593896Z env:
tauri-driver smoke · Ubuntu 24.04	Setup Rust toolchain	2026-04-20T07:19:47.3594078Z   CARGO_HOME: /home/runner/.cargo
tauri-driver smoke · Ubuntu 24.04	Setup Rust toolchain	2026-04-20T07:19:47.3594307Z   CARGO_INCREMENTAL: 0
tauri-driver smoke · Ubuntu 24.04	Setup Rust toolchain	2026-04-20T07:19:47.3594501Z ##[endgroup]
tauri-driver smoke · Ubuntu 24.04	Setup Rust toolchain	2026-04-20T07:19:47.3654768Z ##[group]Run : enable Cargo sparse registry
tauri-driver smoke · Ubuntu 24.04	Setup Rust toolchain	2026-04-20T07:19:47.3655078Z [36;1m: enable Cargo sparse registry[0m
tauri-driver smoke · Ubuntu 24.04	Setup Rust toolchain	2026-04-20T07:19:47.3655601Z [36;1m# implemented in 1.66, stabilized in 1.68, made default in 1.70[0m
tauri-driver smoke · Ubuntu 24.04	Setup Rust toolchain	2026-04-20T07:19:47.3656258Z [36;1mif [ -z "${CARGO_REGISTRIES_CRATES_IO_PROTOCOL+set}" -o -f "/home/runner/work/_temp"/.implicit_cargo_registries_crates_io_protocol ]; then[0m
tauri-driver smoke · Ubuntu 24.04	Setup Rust toolchain	2026-04-20T07:19:47.3656931Z [36;1m  if rustc +stable --version --verbose | grep -q '^release: 1\.6[89]\.'; then[0m
tauri-driver smoke · Ubuntu 24.04	Setup Rust toolchain	2026-04-20T07:19:47.3657462Z [36;1m    touch "/home/runner/work/_temp"/.implicit_cargo_registries_crates_io_protocol || true[0m
tauri-driver smoke · Ubuntu 24.04	Setup Rust toolchain	2026-04-20T07:19:47.3657955Z [36;1m    echo CARGO_REGISTRIES_CRATES_IO_PROTOCOL=sparse >> $GITHUB_ENV[0m
tauri-driver smoke · Ubuntu 24.04	Setup Rust toolchain	2026-04-20T07:19:47.3658420Z [36;1m  elif rustc +stable --version --verbose | grep -q '^release: 1\.6[67]\.'; then[0m
tauri-driver smoke · Ubuntu 24.04	Setup Rust toolchain	2026-04-20T07:19:47.3658940Z [36;1m    touch "/home/runner/work/_temp"/.implicit_cargo_registries_crates_io_protocol || true[0m
tauri-driver smoke · Ubuntu 24.04	Setup Rust toolchain	2026-04-20T07:19:47.3659421Z [36;1m    echo CARGO_REGISTRIES_CRATES_IO_PROTOCOL=git >> $GITHUB_ENV[0m
tauri-driver smoke · Ubuntu 24.04	Setup Rust toolchain	2026-04-20T07:19:47.3659738Z [36;1m  fi[0m
tauri-driver smoke · Ubuntu 24.04	Setup Rust toolchain	2026-04-20T07:19:47.3659900Z [36;1mfi[0m
tauri-driver smoke · Ubuntu 24.04	Setup Rust toolchain	2026-04-20T07:19:47.3679035Z shell: /usr/bin/bash --noprofile --norc -e -o pipefail {0}
tauri-driver smoke · Ubuntu 24.04	Setup Rust toolchain	2026-04-20T07:19:47.3679349Z env:
tauri-driver smoke · Ubuntu 24.04	Setup Rust toolchain	2026-04-20T07:19:47.3679521Z   CARGO_HOME: /home/runner/.cargo
tauri-driver smoke · Ubuntu 24.04	Setup Rust toolchain	2026-04-20T07:19:47.3679752Z   CARGO_INCREMENTAL: 0
tauri-driver smoke · Ubuntu 24.04	Setup Rust toolchain	2026-04-20T07:19:47.3679948Z   CARGO_TERM_COLOR: always
tauri-driver smoke · Ubuntu 24.04	Setup Rust toolchain	2026-04-20T07:19:47.3680144Z ##[endgroup]
tauri-driver smoke · Ubuntu 24.04	Setup Rust toolchain	2026-04-20T07:19:47.3987041Z ##[group]Run : work around spurious network errors in curl 8.0
tauri-driver smoke · Ubuntu 24.04	Setup Rust toolchain	2026-04-20T07:19:47.3987450Z [36;1m: work around spurious network errors in curl 8.0[0m
tauri-driver smoke · Ubuntu 24.04	Setup Rust toolchain	2026-04-20T07:19:47.3987955Z [36;1m# https://rust-lang.zulipchat.com/#narrow/stream/246057-t-cargo/topic/timeout.20investigation[0m
tauri-driver smoke · Ubuntu 24.04	Setup Rust toolchain	2026-04-20T07:19:47.3988548Z [36;1mif rustc +stable --version --verbose | grep -q '^release: 1\.7[01]\.'; then[0m
tauri-driver smoke · Ubuntu 24.04	Setup Rust toolchain	2026-04-20T07:19:47.3988974Z [36;1m  echo CARGO_HTTP_MULTIPLEXING=false >> $GITHUB_ENV[0m
tauri-driver smoke · Ubuntu 24.04	Setup Rust toolchain	2026-04-20T07:19:47.3989259Z [36;1mfi[0m
tauri-driver smoke · Ubuntu 24.04	Setup Rust toolchain	2026-04-20T07:19:47.4009766Z shell: /usr/bin/bash --noprofile --norc -e -o pipefail {0}
tauri-driver smoke · Ubuntu 24.04	Setup Rust toolchain	2026-04-20T07:19:47.4010091Z env:
tauri-driver smoke · Ubuntu 24.04	Setup Rust toolchain	2026-04-20T07:19:47.4010272Z   CARGO_HOME: /home/runner/.cargo
tauri-driver smoke · Ubuntu 24.04	Setup Rust toolchain	2026-04-20T07:19:47.4010503Z   CARGO_INCREMENTAL: 0
tauri-driver smoke · Ubuntu 24.04	Setup Rust toolchain	2026-04-20T07:19:47.4010701Z   CARGO_TERM_COLOR: always
tauri-driver smoke · Ubuntu 24.04	Setup Rust toolchain	2026-04-20T07:19:47.4010897Z ##[endgroup]
tauri-driver smoke · Ubuntu 24.04	Setup Rust toolchain	2026-04-20T07:19:47.4190967Z ##[group]Run rustc +stable --version --verbose
tauri-driver smoke · Ubuntu 24.04	Setup Rust toolchain	2026-04-20T07:19:47.4191281Z [36;1mrustc +stable --version --verbose[0m
tauri-driver smoke · Ubuntu 24.04	Setup Rust toolchain	2026-04-20T07:19:47.4211299Z shell: /usr/bin/bash --noprofile --norc -e -o pipefail {0}
tauri-driver smoke · Ubuntu 24.04	Setup Rust toolchain	2026-04-20T07:19:47.4212034Z env:
tauri-driver smoke · Ubuntu 24.04	Setup Rust toolchain	2026-04-20T07:19:47.4212227Z   CARGO_HOME: /home/runner/.cargo
tauri-driver smoke · Ubuntu 24.04	Setup Rust toolchain	2026-04-20T07:19:47.4212469Z   CARGO_INCREMENTAL: 0
tauri-driver smoke · Ubuntu 24.04	Setup Rust toolchain	2026-04-20T07:19:47.4212662Z   CARGO_TERM_COLOR: always
tauri-driver smoke · Ubuntu 24.04	Setup Rust toolchain	2026-04-20T07:19:47.4212864Z ##[endgroup]
tauri-driver smoke · Ubuntu 24.04	Setup Rust toolchain	2026-04-20T07:19:47.4358739Z rustc 1.95.0 (59807616e 2026-04-14)
tauri-driver smoke · Ubuntu 24.04	Setup Rust toolchain	2026-04-20T07:19:47.4360695Z binary: rustc
tauri-driver smoke · Ubuntu 24.04	Setup Rust toolchain	2026-04-20T07:19:47.4361524Z commit-hash: 59807616e1fa2540724bfbac14d7976d7e4a3860
tauri-driver smoke · Ubuntu 24.04	Setup Rust toolchain	2026-04-20T07:19:47.4362585Z commit-date: 2026-04-14
tauri-driver smoke · Ubuntu 24.04	Setup Rust toolchain	2026-04-20T07:19:47.4363303Z host: x86_64-unknown-linux-gnu
tauri-driver smoke · Ubuntu 24.04	Setup Rust toolchain	2026-04-20T07:19:47.4367397Z release: 1.95.0
tauri-driver smoke · Ubuntu 24.04	Setup Rust toolchain	2026-04-20T07:19:47.4368101Z LLVM version: 22.1.2
tauri-driver smoke · Ubuntu 24.04	Install Ubuntu deps	﻿2026-04-20T07:19:47.4418362Z ##[group]Run sudo apt-get update
tauri-driver smoke · Ubuntu 24.04	Install Ubuntu deps	2026-04-20T07:19:47.4418681Z [36;1msudo apt-get update[0m
tauri-driver smoke · Ubuntu 24.04	Install Ubuntu deps	2026-04-20T07:19:47.4418911Z [36;1msudo apt-get install -y \[0m
tauri-driver smoke · Ubuntu 24.04	Install Ubuntu deps	2026-04-20T07:19:47.4419155Z [36;1m  libwebkit2gtk-4.1-dev \[0m
tauri-driver smoke · Ubuntu 24.04	Install Ubuntu deps	2026-04-20T07:19:47.4419397Z [36;1m  libgtk-3-dev \[0m
tauri-driver smoke · Ubuntu 24.04	Install Ubuntu deps	2026-04-20T07:19:47.4419632Z [36;1m  libayatana-appindicator3-dev \[0m
tauri-driver smoke · Ubuntu 24.04	Install Ubuntu deps	2026-04-20T07:19:47.4419889Z [36;1m  libsoup-3.0-dev \[0m
tauri-driver smoke · Ubuntu 24.04	Install Ubuntu deps	2026-04-20T07:19:47.4420099Z [36;1m  librsvg2-dev \[0m
tauri-driver smoke · Ubuntu 24.04	Install Ubuntu deps	2026-04-20T07:19:47.4420299Z [36;1m  patchelf \[0m
tauri-driver smoke · Ubuntu 24.04	Install Ubuntu deps	2026-04-20T07:19:47.4420486Z [36;1m  xvfb[0m
tauri-driver smoke · Ubuntu 24.04	Install Ubuntu deps	2026-04-20T07:19:47.4440162Z shell: /usr/bin/bash -e {0}
tauri-driver smoke · Ubuntu 24.04	Install Ubuntu deps	2026-04-20T07:19:47.4440392Z env:
tauri-driver smoke · Ubuntu 24.04	Install Ubuntu deps	2026-04-20T07:19:47.4440568Z   CARGO_HOME: /home/runner/.cargo
tauri-driver smoke · Ubuntu 24.04	Install Ubuntu deps	2026-04-20T07:19:47.4440807Z   CARGO_INCREMENTAL: 0
tauri-driver smoke · Ubuntu 24.04	Install Ubuntu deps	2026-04-20T07:19:47.4441006Z   CARGO_TERM_COLOR: always
tauri-driver smoke · Ubuntu 24.04	Install Ubuntu deps	2026-04-20T07:19:47.4441207Z ##[endgroup]
tauri-driver smoke · Ubuntu 24.04	Install Ubuntu deps	2026-04-20T07:19:47.5885139Z Get:1 file:/etc/apt/apt-mirrors.txt Mirrorlist [144 B]
tauri-driver smoke · Ubuntu 24.04	Install Ubuntu deps	2026-04-20T07:19:47.6594030Z Hit:6 https://packages.microsoft.com/repos/azure-cli noble InRelease
tauri-driver smoke · Ubuntu 24.04	Install Ubuntu deps	2026-04-20T07:19:47.6653583Z Hit:2 http://azure.archive.ubuntu.com/ubuntu noble InRelease
tauri-driver smoke · Ubuntu 24.04	Install Ubuntu deps	2026-04-20T07:19:47.6693219Z Get:7 https://packages.microsoft.com/ubuntu/24.04/prod noble InRelease [3600 B]
tauri-driver smoke · Ubuntu 24.04	Install Ubuntu deps	2026-04-20T07:19:47.6874217Z Get:3 http://azure.archive.ubuntu.com/ubuntu noble-updates InRelease [126 kB]
tauri-driver smoke · Ubuntu 24.04	Install Ubuntu deps	2026-04-20T07:19:47.6875945Z Get:4 http://azure.archive.ubuntu.com/ubuntu noble-backports InRelease [126 kB]
tauri-driver smoke · Ubuntu 24.04	Install Ubuntu deps	2026-04-20T07:19:47.6930149Z Get:5 http://azure.archive.ubuntu.com/ubuntu noble-security InRelease [126 kB]
tauri-driver smoke · Ubuntu 24.04	Install Ubuntu deps	2026-04-20T07:19:47.7497394Z Get:8 https://dl.google.com/linux/chrome-stable/deb stable InRelease [1825 B]
tauri-driver smoke · Ubuntu 24.04	Install Ubuntu deps	2026-04-20T07:19:47.9121142Z Get:9 https://packages.microsoft.com/ubuntu/24.04/prod noble/main armhf Packages [11.6 kB]
tauri-driver smoke · Ubuntu 24.04	Install Ubuntu deps	2026-04-20T07:19:47.9133007Z Get:10 https://packages.microsoft.com/ubuntu/24.04/prod noble/main arm64 Packages [96.5 kB]
tauri-driver smoke · Ubuntu 24.04	Install Ubuntu deps	2026-04-20T07:19:47.9253007Z Get:11 https://packages.microsoft.com/ubuntu/24.04/prod noble/main amd64 Packages [120 kB]
tauri-driver smoke · Ubuntu 24.04	Install Ubuntu deps	2026-04-20T07:19:47.9793410Z Get:12 http://azure.archive.ubuntu.com/ubuntu noble-updates/main amd64 Packages [1901 kB]
tauri-driver smoke · Ubuntu 24.04	Install Ubuntu deps	2026-04-20T07:19:48.0683088Z Get:13 http://azure.archive.ubuntu.com/ubuntu noble-updates/main Translation-en [345 kB]
tauri-driver smoke · Ubuntu 24.04	Install Ubuntu deps	2026-04-20T07:19:48.0685167Z Get:14 http://azure.archive.ubuntu.com/ubuntu noble-updates/main amd64 Components [177 kB]
tauri-driver smoke · Ubuntu 24.04	Install Ubuntu deps	2026-04-20T07:19:48.0753513Z Get:15 http://azure.archive.ubuntu.com/ubuntu noble-updates/main amd64 c-n-f Metadata [16.9 kB]
tauri-driver smoke · Ubuntu 24.04	Install Ubuntu deps	2026-04-20T07:19:48.0813090Z Get:16 http://azure.archive.ubuntu.com/ubuntu noble-updates/universe amd64 Packages [1666 kB]
tauri-driver smoke · Ubuntu 24.04	Install Ubuntu deps	2026-04-20T07:19:48.1105908Z Get:17 http://azure.archive.ubuntu.com/ubuntu noble-updates/universe Translation-en [323 kB]
tauri-driver smoke · Ubuntu 24.04	Install Ubuntu deps	2026-04-20T07:19:48.1109483Z Get:18 http://azure.archive.ubuntu.com/ubuntu noble-updates/universe amd64 Components [386 kB]
tauri-driver smoke · Ubuntu 24.04	Install Ubuntu deps	2026-04-20T07:19:48.1110757Z Get:19 http://azure.archive.ubuntu.com/ubuntu noble-updates/universe amd64 c-n-f Metadata [34.3 kB]
tauri-driver smoke · Ubuntu 24.04	Install Ubuntu deps	2026-04-20T07:19:48.1112532Z Get:20 http://azure.archive.ubuntu.com/ubuntu noble-updates/restricted amd64 Packages [2957 kB]
tauri-driver smoke · Ubuntu 24.04	Install Ubuntu deps	2026-04-20T07:19:48.1747466Z Get:21 http://azure.archive.ubuntu.com/ubuntu noble-updates/restricted Translation-en [689 kB]
tauri-driver smoke · Ubuntu 24.04	Install Ubuntu deps	2026-04-20T07:19:48.2174423Z Get:22 http://azure.archive.ubuntu.com/ubuntu noble-updates/restricted amd64 Components [212 B]
tauri-driver smoke · Ubuntu 24.04	Install Ubuntu deps	2026-04-20T07:19:48.2175890Z Get:23 http://azure.archive.ubuntu.com/ubuntu noble-updates/multiverse amd64 Packages [32.5 kB]
tauri-driver smoke · Ubuntu 24.04	Install Ubuntu deps	2026-04-20T07:19:48.2177247Z Get:24 http://azure.archive.ubuntu.com/ubuntu noble-updates/multiverse Translation-en [8208 B]
tauri-driver smoke · Ubuntu 24.04	Install Ubuntu deps	2026-04-20T07:19:48.2178591Z Get:25 http://azure.archive.ubuntu.com/ubuntu noble-updates/multiverse amd64 Components [940 B]
tauri-driver smoke · Ubuntu 24.04	Install Ubuntu deps	2026-04-20T07:19:48.2179940Z Get:26 http://azure.archive.ubuntu.com/ubuntu noble-updates/multiverse amd64 c-n-f Metadata [512 B]
tauri-driver smoke · Ubuntu 24.04	Install Ubuntu deps	2026-04-20T07:19:48.2181235Z Get:27 http://azure.archive.ubuntu.com/ubuntu noble-backports/main amd64 Components [7380 B]
tauri-driver smoke · Ubuntu 24.04	Install Ubuntu deps	2026-04-20T07:19:48.2193056Z Get:28 http://azure.archive.ubuntu.com/ubuntu noble-backports/universe amd64 Components [10.6 kB]
tauri-driver smoke · Ubuntu 24.04	Install Ubuntu deps	2026-04-20T07:19:48.2194775Z Get:29 http://azure.archive.ubuntu.com/ubuntu noble-backports/universe amd64 c-n-f Metadata [1484 B]
tauri-driver smoke · Ubuntu 24.04	Install Ubuntu deps	2026-04-20T07:19:48.2196099Z Get:30 http://azure.archive.ubuntu.com/ubuntu noble-backports/restricted amd64 Components [216 B]
tauri-driver smoke · Ubuntu 24.04	Install Ubuntu deps	2026-04-20T07:19:48.2197382Z Get:31 http://azure.archive.ubuntu.com/ubuntu noble-backports/multiverse amd64 Components [212 B]
tauri-driver smoke · Ubuntu 24.04	Install Ubuntu deps	2026-04-20T07:19:48.3383984Z Get:32 http://azure.archive.ubuntu.com/ubuntu noble-security/main amd64 Packages [1608 kB]
tauri-driver smoke · Ubuntu 24.04	Install Ubuntu deps	2026-04-20T07:19:48.3386034Z Get:33 http://azure.archive.ubuntu.com/ubuntu noble-security/main Translation-en [257 kB]
tauri-driver smoke · Ubuntu 24.04	Install Ubuntu deps	2026-04-20T07:19:48.3402985Z Get:34 http://azure.archive.ubuntu.com/ubuntu noble-security/main amd64 Components [21.5 kB]
tauri-driver smoke · Ubuntu 24.04	Install Ubuntu deps	2026-04-20T07:19:48.3422960Z Get:35 http://azure.archive.ubuntu.com/ubuntu noble-security/main amd64 c-n-f Metadata [10.8 kB]
tauri-driver smoke · Ubuntu 24.04	Install Ubuntu deps	2026-04-20T07:19:48.3883205Z Get:36 http://azure.archive.ubuntu.com/ubuntu noble-security/universe amd64 Packages [1169 kB]
tauri-driver smoke · Ubuntu 24.04	Install Ubuntu deps	2026-04-20T07:19:48.4024621Z Get:37 http://azure.archive.ubuntu.com/ubuntu noble-security/universe Translation-en [225 kB]
tauri-driver smoke · Ubuntu 24.04	Install Ubuntu deps	2026-04-20T07:19:48.4045831Z Get:38 http://azure.archive.ubuntu.com/ubuntu noble-security/universe amd64 Components [74.2 kB]
tauri-driver smoke · Ubuntu 24.04	Install Ubuntu deps	2026-04-20T07:19:48.4081201Z Get:39 http://azure.archive.ubuntu.com/ubuntu noble-security/universe amd64 c-n-f Metadata [22.9 kB]
tauri-driver smoke · Ubuntu 24.04	Install Ubuntu deps	2026-04-20T07:19:48.4113021Z Get:40 http://azure.archive.ubuntu.com/ubuntu noble-security/restricted amd64 Packages [2822 kB]
tauri-driver smoke · Ubuntu 24.04	Install Ubuntu deps	2026-04-20T07:19:48.4424065Z Get:41 http://azure.archive.ubuntu.com/ubuntu noble-security/restricted Translation-en [658 kB]
tauri-driver smoke · Ubuntu 24.04	Install Ubuntu deps	2026-04-20T07:19:48.4491600Z Get:42 http://azure.archive.ubuntu.com/ubuntu noble-security/restricted amd64 Components [212 B]
tauri-driver smoke · Ubuntu 24.04	Install Ubuntu deps	2026-04-20T07:19:48.4512891Z Get:43 http://azure.archive.ubuntu.com/ubuntu noble-security/multiverse Translation-en [7204 B]
tauri-driver smoke · Ubuntu 24.04	Install Ubuntu deps	2026-04-20T07:19:48.4532766Z Get:44 http://azure.archive.ubuntu.com/ubuntu noble-security/multiverse amd64 Components [212 B]
tauri-driver smoke · Ubuntu 24.04	Install Ubuntu deps	2026-04-20T07:19:48.4712738Z Get:45 https://dl.google.com/linux/chrome-stable/deb stable/main amd64 Packages [1221 B]
tauri-driver smoke · Ubuntu 24.04	Install Ubuntu deps	2026-04-20T07:19:56.7433636Z Fetched 16.0 MB in 2s (7155 kB/s)
tauri-driver smoke · Ubuntu 24.04	Install Ubuntu deps	2026-04-20T07:19:57.4785715Z Reading package lists...
tauri-driver smoke · Ubuntu 24.04	Install Ubuntu deps	2026-04-20T07:19:57.5098904Z Reading package lists...
tauri-driver smoke · Ubuntu 24.04	Install Ubuntu deps	2026-04-20T07:19:57.6639713Z Building dependency tree...
tauri-driver smoke · Ubuntu 24.04	Install Ubuntu deps	2026-04-20T07:19:57.6648247Z Reading state information...
tauri-driver smoke · Ubuntu 24.04	Install Ubuntu deps	2026-04-20T07:19:57.8112615Z patchelf is already the newest version (0.18.0-1.1build1).
tauri-driver smoke · Ubuntu 24.04	Install Ubuntu deps	2026-04-20T07:19:57.8113803Z xvfb is already the newest version (2:21.1.12-1ubuntu1.5).
tauri-driver smoke · Ubuntu 24.04	Install Ubuntu deps	2026-04-20T07:19:57.8114859Z The following additional packages will be installed:
tauri-driver smoke · Ubuntu 24.04	Install Ubuntu deps	2026-04-20T07:19:57.8115967Z   bubblewrap build-essential bzip2-doc gir1.2-atk-1.0 gir1.2-atspi-2.0
tauri-driver smoke · Ubuntu 24.04	Install Ubuntu deps	2026-04-20T07:19:57.8116930Z   gir1.2-ayatanaappindicator3-0.1 gir1.2-ayatanaido3-0.4
tauri-driver smoke · Ubuntu 24.04	Install Ubuntu deps	2026-04-20T07:19:57.8118052Z   gir1.2-dbusmenu-glib-0.4 gir1.2-freedesktop gir1.2-freedesktop-dev
tauri-driver smoke · Ubuntu 24.04	Install Ubuntu deps	2026-04-20T07:19:57.8119056Z   gir1.2-gdkpixbuf-2.0 gir1.2-girepository-2.0-dev gir1.2-glib-2.0-dev
tauri-driver smoke · Ubuntu 24.04	Install Ubuntu deps	2026-04-20T07:19:57.8120052Z   gir1.2-gtk-3.0 gir1.2-harfbuzz-0.0 gir1.2-javascriptcoregtk-4.1
tauri-driver smoke · Ubuntu 24.04	Install Ubuntu deps	2026-04-20T07:19:57.8121043Z   gir1.2-pango-1.0 gir1.2-rsvg-2.0 gir1.2-soup-3.0 gir1.2-webkit2-4.1
tauri-driver smoke · Ubuntu 24.04	Install Ubuntu deps	2026-04-20T07:19:57.8122224Z   glib-networking glib-networking-common glib-networking-services
tauri-driver smoke · Ubuntu 24.04	Install Ubuntu deps	2026-04-20T07:19:57.8123292Z   gobject-introspection gobject-introspection-bin gsettings-desktop-schemas
tauri-driver smoke · Ubuntu 24.04	Install Ubuntu deps	2026-04-20T07:19:57.8124407Z   gstreamer1.0-gl gstreamer1.0-plugins-base gstreamer1.0-plugins-good
tauri-driver smoke · Ubuntu 24.04	Install Ubuntu deps	2026-04-20T07:19:57.8125598Z   gstreamer1.0-x libaa1 libasyncns0 libatk-bridge2.0-dev libatk1.0-dev
tauri-driver smoke · Ubuntu 24.04	Install Ubuntu deps	2026-04-20T07:19:57.8126556Z   libatspi2.0-dev libavc1394-0 libayatana-appindicator3-1
tauri-driver smoke · Ubuntu 24.04	Install Ubuntu deps	2026-04-20T07:19:57.8127907Z   libayatana-ido3-0.4-0 libayatana-ido3-dev libayatana-indicator3-7
tauri-driver smoke · Ubuntu 24.04	Install Ubuntu deps	2026-04-20T07:19:57.8128945Z   libayatana-indicator3-dev libblkid-dev libbrotli-dev libbz2-dev libcaca0
tauri-driver smoke · Ubuntu 24.04	Install Ubuntu deps	2026-04-20T07:19:57.8129982Z   libcairo-script-interpreter2 libcairo2-dev libcdparanoia0 libdatrie-dev
tauri-driver smoke · Ubuntu 24.04	Install Ubuntu deps	2026-04-20T07:19:57.8131553Z   libdbus-1-dev libdbusmenu-glib-dev libdeflate-dev libdv4t64 libegl-dev
tauri-driver smoke · Ubuntu 24.04	Install Ubuntu deps	2026-04-20T07:19:57.8132963Z   libegl-mesa0 libegl1 libegl1-mesa-dev libepoxy-dev libflac12t64
tauri-driver smoke · Ubuntu 24.04	Install Ubuntu deps	2026-04-20T07:19:57.8134056Z   libfontconfig-dev libfreetype-dev libfribidi-dev libgdk-pixbuf-2.0-dev
tauri-driver smoke · Ubuntu 24.04	Install Ubuntu deps	2026-04-20T07:19:57.8135223Z   libgdk-pixbuf2.0-bin libgirepository-1.0-dev libgirepository-2.0-0
tauri-driver smoke · Ubuntu 24.04	Install Ubuntu deps	2026-04-20T07:19:57.8136333Z   libgirepository1.0-dev libgl-dev libgles-dev libgles1 libgles2
tauri-driver smoke · Ubuntu 24.04	Install Ubuntu deps	2026-04-20T07:19:57.8137496Z   libglib2.0-dev libglib2.0-dev-bin libglvnd-core-dev libglvnd-dev libglx-dev
tauri-driver smoke · Ubuntu 24.04	Install Ubuntu deps	2026-04-20T07:19:57.8138578Z   libgraphene-1.0-0 libgraphite2-dev libgstreamer-gl1.0-0
tauri-driver smoke · Ubuntu 24.04	Install Ubuntu deps	2026-04-20T07:19:57.8139615Z   libgstreamer-plugins-base1.0-0 libgstreamer-plugins-good1.0-0
tauri-driver smoke · Ubuntu 24.04	Install Ubuntu deps	2026-04-20T07:19:57.8140759Z   libharfbuzz-cairo0 libharfbuzz-dev libharfbuzz-gobject0 libharfbuzz-icu0
tauri-driver smoke · Ubuntu 24.04	Install Ubuntu deps	2026-04-20T07:19:57.8141967Z   libharfbuzz-subset0 libhyphen0 libice-dev libiec61883-0
tauri-driver smoke · Ubuntu 24.04	Install Ubuntu deps	2026-04-20T07:19:57.8142932Z   libjavascriptcoregtk-4.1-0 libjavascriptcoregtk-4.1-dev libjbig-dev
tauri-driver smoke · Ubuntu 24.04	Install Ubuntu deps	2026-04-20T07:19:57.8143977Z   libjpeg-dev libjpeg-turbo8-dev libjpeg8-dev liblerc-dev liblzma-dev
tauri-driver smoke · Ubuntu 24.04	Install Ubuntu deps	2026-04-20T07:19:57.8145027Z   libmanette-0.2-0 libmount-dev libmp3lame0 libmpg123-0t64 libnghttp2-dev
tauri-driver smoke · Ubuntu 24.04	Install Ubuntu deps	2026-04-20T07:19:57.8146081Z   libopengl-dev libopengl0 libopus0 liborc-0.4-0t64 libpango1.0-dev
tauri-driver smoke · Ubuntu 24.04	Install Ubuntu deps	2026-04-20T07:19:57.8147038Z   libpangoxft-1.0-0 libpipewire-0.3-0t64 libpipewire-0.3-common
tauri-driver smoke · Ubuntu 24.04	Install Ubuntu deps	2026-04-20T07:19:57.8147987Z   libpixman-1-dev libpng-dev libpng-tools libproxy1v5 libpsl-dev
tauri-driver smoke · Ubuntu 24.04	Install Ubuntu deps	2026-04-20T07:19:57.8149020Z   libpthread-stubs0-dev libpulse0 libraw1394-11 librsvg2-2 librsvg2-common
tauri-driver smoke · Ubuntu 24.04	Install Ubuntu deps	2026-04-20T07:19:57.8150157Z   libsecret-1-0 libsecret-common libselinux1-dev libsepol-dev libsharpyuv-dev
tauri-driver smoke · Ubuntu 24.04	Install Ubuntu deps	2026-04-20T07:19:57.8151183Z   libshout3 libsm-dev libsndfile1 libsoup-3.0-0 libsoup-3.0-common
tauri-driver smoke · Ubuntu 24.04	Install Ubuntu deps	2026-04-20T07:19:57.8152373Z   libspa-0.2-modules libspeex1 libsysprof-capture-4-dev libtag1v5
tauri-driver smoke · Ubuntu 24.04	Install Ubuntu deps	2026-04-20T07:19:57.8153418Z   libtag1v5-vanilla libthai-dev libtheora0 libtiff-dev libtiffxx6 libtwolame0
tauri-driver smoke · Ubuntu 24.04	Install Ubuntu deps	2026-04-20T07:19:57.8154523Z   libv4l-0t64 libv4lconvert0t64 libvisual-0.4-0 libvorbisenc2 libvpx9
tauri-driver smoke · Ubuntu 24.04	Install Ubuntu deps	2026-04-20T07:19:57.8155518Z   libwavpack1 libwayland-bin libwayland-dev libwayland-server0
tauri-driver smoke · Ubuntu 24.04	Install Ubuntu deps	2026-04-20T07:19:57.8156562Z   libwebkit2gtk-4.1-0 libwebp-dev libwebpdecoder3 libwebrtc-audio-processing1
tauri-driver smoke · Ubuntu 24.04	Install Ubuntu deps	2026-04-20T07:19:57.8158075Z   libwoff1 libx11-dev libxau-dev libxcb-render0-dev libxcb-shm0-dev
tauri-driver smoke · Ubuntu 24.04	Install Ubuntu deps	2026-04-20T07:19:57.8159267Z   libxcb1-dev libxcomposite-dev libxcursor-dev libxdamage-dev libxdmcp-dev
tauri-driver smoke · Ubuntu 24.04	Install Ubuntu deps	2026-04-20T07:19:57.8160372Z   libxext-dev libxfixes-dev libxft-dev libxi-dev libxinerama-dev
tauri-driver smoke · Ubuntu 24.04	Install Ubuntu deps	2026-04-20T07:19:57.8161381Z   libxkbcommon-dev libxrandr-dev libxrender-dev libxtst-dev libxv1
tauri-driver smoke · Ubuntu 24.04	Install Ubuntu deps	2026-04-20T07:19:57.8162875Z   pango1.0-tools python3-mako python3-markdown session-migration uuid-dev
tauri-driver smoke · Ubuntu 24.04	Install Ubuntu deps	2026-04-20T07:19:57.8163745Z   wayland-protocols x11proto-dev xdg-dbus-proxy xdg-desktop-portal
tauri-driver smoke · Ubuntu 24.04	Install Ubuntu deps	2026-04-20T07:19:57.8164473Z   xdg-desktop-portal-gtk xorg-sgml-doctools xtrans-dev
tauri-driver smoke · Ubuntu 24.04	Install Ubuntu deps	2026-04-20T07:19:57.8164996Z Suggested packages:
tauri-driver smoke · Ubuntu 24.04	Install Ubuntu deps	2026-04-20T07:19:57.8165577Z   gvfs libcairo2-doc libdatrie-doc libdv-bin oss-compat freetype2-doc
tauri-driver smoke · Ubuntu 24.04	Install Ubuntu deps	2026-04-20T07:19:57.8166564Z   libgirepository1.0-doc libglib2.0-doc libxml2-utils libgraphite2-utils
tauri-driver smoke · Ubuntu 24.04	Install Ubuntu deps	2026-04-20T07:19:57.8167515Z   libvisual-0.4-plugins libgtk-3-doc libice-doc liblzma-doc libnghttp2-doc
tauri-driver smoke · Ubuntu 24.04	Install Ubuntu deps	2026-04-20T07:19:57.8168471Z   opus-tools libpango1.0-doc pipewire pulseaudio libraw1394-doc librsvg2-bin
tauri-driver smoke · Ubuntu 24.04	Install Ubuntu deps	2026-04-20T07:19:57.8169421Z   librsvg2-doc libsm-doc libsoup-3.0-doc speex libthai-doc libwayland-doc
tauri-driver smoke · Ubuntu 24.04	Install Ubuntu deps	2026-04-20T07:19:57.8170342Z   gstreamer1.0-libav gstreamer1.0-plugins-bad gstreamer1.0-alsa libx11-doc
tauri-driver smoke · Ubuntu 24.04	Install Ubuntu deps	2026-04-20T07:19:57.8171259Z   libxcb-doc libxext-doc graphicsmagick python-mako-doc python3-beaker
tauri-driver smoke · Ubuntu 24.04	Install Ubuntu deps	2026-04-20T07:19:57.8172378Z   python-markdown-doc accountsservice evince xdg-desktop-portal-gnome
tauri-driver smoke · Ubuntu 24.04	Install Ubuntu deps	2026-04-20T07:19:57.9085875Z The following NEW packages will be installed:
tauri-driver smoke · Ubuntu 24.04	Install Ubuntu deps	2026-04-20T07:19:57.9087050Z   bubblewrap build-essential bzip2-doc gir1.2-atk-1.0 gir1.2-atspi-2.0
tauri-driver smoke · Ubuntu 24.04	Install Ubuntu deps	2026-04-20T07:19:57.9090174Z   gir1.2-ayatanaappindicator3-0.1 gir1.2-ayatanaido3-0.4
tauri-driver smoke · Ubuntu 24.04	Install Ubuntu deps	2026-04-20T07:19:57.9091128Z   gir1.2-dbusmenu-glib-0.4 gir1.2-freedesktop gir1.2-freedesktop-dev
tauri-driver smoke · Ubuntu 24.04	Install Ubuntu deps	2026-04-20T07:19:57.9092316Z   gir1.2-gdkpixbuf-2.0 gir1.2-girepository-2.0-dev gir1.2-glib-2.0-dev
tauri-driver smoke · Ubuntu 24.04	Install Ubuntu deps	2026-04-20T07:19:57.9093204Z   gir1.2-gtk-3.0 gir1.2-harfbuzz-0.0 gir1.2-javascriptcoregtk-4.1
tauri-driver smoke · Ubuntu 24.04	Install Ubuntu deps	2026-04-20T07:19:57.9094025Z   gir1.2-pango-1.0 gir1.2-rsvg-2.0 gir1.2-soup-3.0 gir1.2-webkit2-4.1
tauri-driver smoke · Ubuntu 24.04	Install Ubuntu deps	2026-04-20T07:19:57.9094869Z   glib-networking glib-networking-common glib-networking-services
tauri-driver smoke · Ubuntu 24.04	Install Ubuntu deps	2026-04-20T07:19:57.9095925Z   gobject-introspection gobject-introspection-bin gsettings-desktop-schemas
tauri-driver smoke · Ubuntu 24.04	Install Ubuntu deps	2026-04-20T07:19:57.9096896Z   gstreamer1.0-gl gstreamer1.0-plugins-base gstreamer1.0-plugins-good
tauri-driver smoke · Ubuntu 24.04	Install Ubuntu deps	2026-04-20T07:19:57.9097788Z   gstreamer1.0-x libaa1 libasyncns0 libatk-bridge2.0-dev libatk1.0-dev
tauri-driver smoke · Ubuntu 24.04	Install Ubuntu deps	2026-04-20T07:19:57.9098590Z   libatspi2.0-dev libavc1394-0 libayatana-appindicator3-1
tauri-driver smoke · Ubuntu 24.04	Install Ubuntu deps	2026-04-20T07:19:57.9099415Z   libayatana-appindicator3-dev libayatana-ido3-0.4-0 libayatana-ido3-dev
tauri-driver smoke · Ubuntu 24.04	Install Ubuntu deps	2026-04-20T07:19:57.9100400Z   libayatana-indicator3-7 libayatana-indicator3-dev libblkid-dev libbrotli-dev
tauri-driver smoke · Ubuntu 24.04	Install Ubuntu deps	2026-04-20T07:19:57.9101291Z   libbz2-dev libcaca0 libcairo-script-interpreter2 libcairo2-dev
tauri-driver smoke · Ubuntu 24.04	Install Ubuntu deps	2026-04-20T07:19:57.9102274Z   libcdparanoia0 libdatrie-dev libdbus-1-dev libdbusmenu-glib-dev
tauri-driver smoke · Ubuntu 24.04	Install Ubuntu deps	2026-04-20T07:19:57.9103298Z   libdeflate-dev libdv4t64 libegl-dev libegl-mesa0 libegl1 libegl1-mesa-dev
tauri-driver smoke · Ubuntu 24.04	Install Ubuntu deps	2026-04-20T07:19:57.9104296Z   libepoxy-dev libflac12t64 libfontconfig-dev libfreetype-dev libfribidi-dev
tauri-driver smoke · Ubuntu 24.04	Install Ubuntu deps	2026-04-20T07:19:57.9105310Z   libgdk-pixbuf-2.0-dev libgdk-pixbuf2.0-bin libgirepository-1.0-dev
tauri-driver smoke · Ubuntu 24.04	Install Ubuntu deps	2026-04-20T07:19:57.9106209Z   libgirepository-2.0-0 libgirepository1.0-dev libgl-dev libgles-dev libgles1
tauri-driver smoke · Ubuntu 24.04	Install Ubuntu deps	2026-04-20T07:19:57.9107143Z   libgles2 libglib2.0-dev libglib2.0-dev-bin libglvnd-core-dev libglvnd-dev
tauri-driver smoke · Ubuntu 24.04	Install Ubuntu deps	2026-04-20T07:19:57.9108038Z   libglx-dev libgraphene-1.0-0 libgraphite2-dev libgstreamer-gl1.0-0
tauri-driver smoke · Ubuntu 24.04	Install Ubuntu deps	2026-04-20T07:19:57.9108959Z   libgstreamer-plugins-base1.0-0 libgstreamer-plugins-good1.0-0 libgtk-3-dev
tauri-driver smoke · Ubuntu 24.04	Install Ubuntu deps	2026-04-20T07:19:57.9110157Z   libharfbuzz-cairo0 libharfbuzz-dev libharfbuzz-gobject0 libharfbuzz-icu0
tauri-driver smoke · Ubuntu 24.04	Install Ubuntu deps	2026-04-20T07:19:57.9111004Z   libharfbuzz-subset0 libhyphen0 libice-dev libiec61883-0
tauri-driver smoke · Ubuntu 24.04	Install Ubuntu deps	2026-04-20T07:19:57.9112221Z   libjavascriptcoregtk-4.1-0 libjavascriptcoregtk-4.1-dev libjbig-dev
tauri-driver smoke · Ubuntu 24.04	Install Ubuntu deps	2026-04-20T07:19:57.9113330Z   libjpeg-dev libjpeg-turbo8-dev libjpeg8-dev liblerc-dev liblzma-dev
tauri-driver smoke · Ubuntu 24.04	Install Ubuntu deps	2026-04-20T07:19:57.9114205Z   libmanette-0.2-0 libmount-dev libmp3lame0 libmpg123-0t64 libnghttp2-dev
tauri-driver smoke · Ubuntu 24.04	Install Ubuntu deps	2026-04-20T07:19:57.9115083Z   libopengl-dev libopengl0 libopus0 liborc-0.4-0t64 libpango1.0-dev
tauri-driver smoke · Ubuntu 24.04	Install Ubuntu deps	2026-04-20T07:19:57.9115906Z   libpangoxft-1.0-0 libpipewire-0.3-0t64 libpipewire-0.3-common
tauri-driver smoke · Ubuntu 24.04	Install Ubuntu deps	2026-04-20T07:19:57.9116736Z   libpixman-1-dev libpng-dev libpng-tools libproxy1v5 libpsl-dev
tauri-driver smoke · Ubuntu 24.04	Install Ubuntu deps	2026-04-20T07:19:57.9117606Z   libpthread-stubs0-dev libpulse0 libraw1394-11 librsvg2-2 librsvg2-common
tauri-driver smoke · Ubuntu 24.04	Install Ubuntu deps	2026-04-20T07:19:57.9119118Z   librsvg2-dev libsecret-1-0 libsecret-common libselinux1-dev libsepol-dev
tauri-driver smoke · Ubuntu 24.04	Install Ubuntu deps	2026-04-20T07:19:57.9120337Z   libsharpyuv-dev libshout3 libsm-dev libsndfile1 libsoup-3.0-0
tauri-driver smoke · Ubuntu 24.04	Install Ubuntu deps	2026-04-20T07:19:57.9121611Z   libsoup-3.0-common libsoup-3.0-dev libspa-0.2-modules libspeex1
tauri-driver smoke · Ubuntu 24.04	Install Ubuntu deps	2026-04-20T07:19:57.9123083Z   libsysprof-capture-4-dev libtag1v5 libtag1v5-vanilla libthai-dev libtheora0
tauri-driver smoke · Ubuntu 24.04	Install Ubuntu deps	2026-04-20T07:19:57.9124544Z   libtiff-dev libtiffxx6 libtwolame0 libv4l-0t64 libv4lconvert0t64
tauri-driver smoke · Ubuntu 24.04	Install Ubuntu deps	2026-04-20T07:19:57.9125666Z   libvisual-0.4-0 libvorbisenc2 libvpx9 libwavpack1 libwayland-bin
tauri-driver smoke · Ubuntu 24.04	Install Ubuntu deps	2026-04-20T07:19:57.9127037Z   libwayland-dev libwayland-server0 libwebkit2gtk-4.1-0 libwebkit2gtk-4.1-dev
tauri-driver smoke · Ubuntu 24.04	Install Ubuntu deps	2026-04-20T07:19:57.9129760Z   libwebp-dev libwebpdecoder3 libwebrtc-audio-processing1 libwoff1 libx11-dev
tauri-driver smoke · Ubuntu 24.04	Install Ubuntu deps	2026-04-20T07:19:57.9130715Z   libxau-dev libxcb-render0-dev libxcb-shm0-dev libxcb1-dev libxcomposite-dev
tauri-driver smoke · Ubuntu 24.04	Install Ubuntu deps	2026-04-20T07:19:57.9131614Z   libxcursor-dev libxdamage-dev libxdmcp-dev libxext-dev libxfixes-dev
tauri-driver smoke · Ubuntu 24.04	Install Ubuntu deps	2026-04-20T07:19:57.9132630Z   libxft-dev libxi-dev libxinerama-dev libxkbcommon-dev libxrandr-dev
tauri-driver smoke · Ubuntu 24.04	Install Ubuntu deps	2026-04-20T07:19:57.9133370Z   libxrender-dev libxtst-dev libxv1 pango1.0-tools python3-mako
tauri-driver smoke · Ubuntu 24.04	Install Ubuntu deps	2026-04-20T07:19:57.9134438Z   python3-markdown session-migration uuid-dev wayland-protocols x11proto-dev
tauri-driver smoke · Ubuntu 24.04	Install Ubuntu deps	2026-04-20T07:19:57.9135337Z   xdg-dbus-proxy xdg-desktop-portal xdg-desktop-portal-gtk xorg-sgml-doctools
tauri-driver smoke · Ubuntu 24.04	Install Ubuntu deps	2026-04-20T07:19:57.9136017Z   xtrans-dev
tauri-driver smoke · Ubuntu 24.04	Install Ubuntu deps	2026-04-20T07:19:57.9357061Z 0 upgraded, 190 newly installed, 0 to remove and 19 not upgraded.
tauri-driver smoke · Ubuntu 24.04	Install Ubuntu deps	2026-04-20T07:19:57.9358586Z Need to get 60.3 MB of archives.
tauri-driver smoke · Ubuntu 24.04	Install Ubuntu deps	2026-04-20T07:19:57.9377148Z After this operation, 263 MB of additional disk space will be used.
tauri-driver smoke · Ubuntu 24.04	Install Ubuntu deps	2026-04-20T07:19:57.9378146Z Get:1 file:/etc/apt/apt-mirrors.txt Mirrorlist [144 B]
tauri-driver smoke · Ubuntu 24.04	Install Ubuntu deps	2026-04-20T07:19:57.9575591Z Get:2 http://azure.archive.ubuntu.com/ubuntu noble-updates/main amd64 bubblewrap amd64 0.9.0-1ubuntu0.1 [50.2 kB]
tauri-driver smoke · Ubuntu 24.04	Install Ubuntu deps	2026-04-20T07:19:57.9654315Z Get:3 http://azure.archive.ubuntu.com/ubuntu noble/main amd64 build-essential amd64 12.10ubuntu1 [4928 B]
tauri-driver smoke · Ubuntu 24.04	Install Ubuntu deps	2026-04-20T07:19:57.9677312Z Get:4 http://azure.archive.ubuntu.com/ubuntu noble-updates/main amd64 bzip2-doc all 1.0.8-5.1build0.1 [499 kB]
tauri-driver smoke · Ubuntu 24.04	Install Ubuntu deps	2026-04-20T07:19:57.9732611Z Get:5 http://azure.archive.ubuntu.com/ubuntu noble/main amd64 gir1.2-atk-1.0 amd64 2.52.0-1build1 [23.1 kB]
tauri-driver smoke · Ubuntu 24.04	Install Ubuntu deps	2026-04-20T07:19:57.9756511Z Get:6 http://azure.archive.ubuntu.com/ubuntu noble/main amd64 gir1.2-freedesktop amd64 1.80.1-1 [49.7 kB]
tauri-driver smoke · Ubuntu 24.04	Install Ubuntu deps	2026-04-20T07:19:57.9778576Z Get:7 http://azure.archive.ubuntu.com/ubuntu noble/main amd64 gir1.2-atspi-2.0 amd64 2.52.0-1build1 [19.8 kB]
tauri-driver smoke · Ubuntu 24.04	Install Ubuntu deps	2026-04-20T07:19:57.9799269Z Get:8 http://azure.archive.ubuntu.com/ubuntu noble-updates/main amd64 gir1.2-gdkpixbuf-2.0 amd64 2.42.10+dfsg-3ubuntu3.3 [9482 B]
tauri-driver smoke · Ubuntu 24.04	Install Ubuntu deps	2026-04-20T07:19:57.9818980Z Get:9 http://azure.archive.ubuntu.com/ubuntu noble/main amd64 libharfbuzz-gobject0 amd64 8.3.0-2build2 [34.3 kB]
tauri-driver smoke · Ubuntu 24.04	Install Ubuntu deps	2026-04-20T07:19:57.9840444Z Get:10 http://azure.archive.ubuntu.com/ubuntu noble/main amd64 gir1.2-harfbuzz-0.0 amd64 8.3.0-2build2 [44.5 kB]
tauri-driver smoke · Ubuntu 24.04	Install Ubuntu deps	2026-04-20T07:19:57.9862773Z Get:11 http://azure.archive.ubuntu.com/ubuntu noble/main amd64 libpangoxft-1.0-0 amd64 1.52.1+ds-1build1 [20.3 kB]
tauri-driver smoke · Ubuntu 24.04	Install Ubuntu deps	2026-04-20T07:19:57.9884656Z Get:12 http://azure.archive.ubuntu.com/ubuntu noble/main amd64 gir1.2-pango-1.0 amd64 1.52.1+ds-1build1 [34.8 kB]
tauri-driver smoke · Ubuntu 24.04	Install Ubuntu deps	2026-04-20T07:19:57.9911089Z Get:13 http://azure.archive.ubuntu.com/ubuntu noble-updates/main amd64 gir1.2-gtk-3.0 amd64 3.24.41-4ubuntu1.3 [245 kB]
tauri-driver smoke · Ubuntu 24.04	Install Ubuntu deps	2026-04-20T07:19:57.9948818Z Get:14 http://azure.archive.ubuntu.com/ubuntu noble/main amd64 libayatana-ido3-0.4-0 amd64 0.10.1-1build2 [56.6 kB]
tauri-driver smoke · Ubuntu 24.04	Install Ubuntu deps	2026-04-20T07:19:57.9973482Z Get:15 http://azure.archive.ubuntu.com/ubuntu noble/main amd64 libayatana-indicator3-7 amd64 0.9.4-1build1 [31.7 kB]
tauri-driver smoke · Ubuntu 24.04	Install Ubuntu deps	2026-04-20T07:19:57.9995485Z Get:16 http://azure.archive.ubuntu.com/ubuntu noble/main amd64 libayatana-appindicator3-1 amd64 0.5.93-1build3 [24.7 kB]
tauri-driver smoke · Ubuntu 24.04	Install Ubuntu deps	2026-04-20T07:19:58.0017105Z Get:17 http://azure.archive.ubuntu.com/ubuntu noble/main amd64 gir1.2-ayatanaappindicator3-0.1 amd64 0.5.93-1build3 [5838 B]
tauri-driver smoke · Ubuntu 24.04	Install Ubuntu deps	2026-04-20T07:19:58.0036088Z Get:18 http://azure.archive.ubuntu.com/ubuntu noble/main amd64 gir1.2-ayatanaido3-0.4 amd64 0.10.1-1build2 [6410 B]
tauri-driver smoke · Ubuntu 24.04	Install Ubuntu deps	2026-04-20T07:19:58.0511272Z Get:19 http://azure.archive.ubuntu.com/ubuntu noble/main amd64 gir1.2-dbusmenu-glib-0.4 amd64 18.10.20180917~bzr492+repack1-3.1ubuntu5 [7088 B]
tauri-driver smoke · Ubuntu 24.04	Install Ubuntu deps	2026-04-20T07:19:58.0537145Z Get:20 http://azure.archive.ubuntu.com/ubuntu noble-updates/main amd64 gir1.2-glib-2.0-dev amd64 2.80.0-6ubuntu3.8 [848 kB]
tauri-driver smoke · Ubuntu 24.04	Install Ubuntu deps	2026-04-20T07:19:58.0640265Z Get:21 http://azure.archive.ubuntu.com/ubuntu noble/main amd64 gir1.2-freedesktop-dev amd64 1.80.1-1 [28.8 kB]
tauri-driver smoke · Ubuntu 24.04	Install Ubuntu deps	2026-04-20T07:19:58.0662503Z Get:22 http://azure.archive.ubuntu.com/ubuntu noble/main amd64 gir1.2-girepository-2.0-dev amd64 1.80.1-1 [41.5 kB]
tauri-driver smoke · Ubuntu 24.04	Install Ubuntu deps	2026-04-20T07:19:58.0684968Z Get:23 http://azure.archive.ubuntu.com/ubuntu noble-updates/main amd64 libjavascriptcoregtk-4.1-0 amd64 2.50.4-0ubuntu0.24.04.1 [7934 kB]
tauri-driver smoke · Ubuntu 24.04	Install Ubuntu deps	2026-04-20T07:19:58.1223143Z Get:24 http://azure.archive.ubuntu.com/ubuntu noble-updates/main amd64 gir1.2-javascriptcoregtk-4.1 amd64 2.50.4-0ubuntu0.24.04.1 [38.6 kB]
tauri-driver smoke · Ubuntu 24.04	Install Ubuntu deps	2026-04-20T07:19:58.1239835Z Get:25 http://azure.archive.ubuntu.com/ubuntu noble/main amd64 librsvg2-2 amd64 2.58.0+dfsg-1build1 [2135 kB]
tauri-driver smoke · Ubuntu 24.04	Install Ubuntu deps	2026-04-20T07:19:58.1395188Z Get:26 http://azure.archive.ubuntu.com/ubuntu noble/main amd64 gir1.2-rsvg-2.0 amd64 2.58.0+dfsg-1build1 [11.1 kB]
tauri-driver smoke · Ubuntu 24.04	Install Ubuntu deps	2026-04-20T07:19:58.1410778Z Get:27 http://azure.archive.ubuntu.com/ubuntu noble/main amd64 libproxy1v5 amd64 0.5.4-4build1 [26.5 kB]
tauri-driver smoke · Ubuntu 24.04	Install Ubuntu deps	2026-04-20T07:19:58.1429574Z Get:28 http://azure.archive.ubuntu.com/ubuntu noble/main amd64 glib-networking-common all 2.80.0-1build1 [6702 B]
tauri-driver smoke · Ubuntu 24.04	Install Ubuntu deps	2026-04-20T07:19:58.1445769Z Get:29 http://azure.archive.ubuntu.com/ubuntu noble/main amd64 glib-networking-services amd64 2.80.0-1build1 [12.8 kB]
tauri-driver smoke · Ubuntu 24.04	Install Ubuntu deps	2026-04-20T07:19:58.1461297Z Get:30 http://azure.archive.ubuntu.com/ubuntu noble/main amd64 session-migration amd64 0.3.9build1 [9034 B]
tauri-driver smoke · Ubuntu 24.04	Install Ubuntu deps	2026-04-20T07:19:58.1481909Z Get:31 http://azure.archive.ubuntu.com/ubuntu noble-updates/main amd64 gsettings-desktop-schemas all 46.1-0ubuntu1 [35.6 kB]
tauri-driver smoke · Ubuntu 24.04	Install Ubuntu deps	2026-04-20T07:19:58.1504331Z Get:32 http://azure.archive.ubuntu.com/ubuntu noble/main amd64 glib-networking amd64 2.80.0-1build1 [64.1 kB]
tauri-driver smoke · Ubuntu 24.04	Install Ubuntu deps	2026-04-20T07:19:58.1527996Z Get:33 http://azure.archive.ubuntu.com/ubuntu noble-updates/main amd64 libsoup-3.0-common all 3.4.4-5ubuntu0.7 [11.6 kB]
tauri-driver smoke · Ubuntu 24.04	Install Ubuntu deps	2026-04-20T07:19:58.1542935Z Get:34 http://azure.archive.ubuntu.com/ubuntu noble-updates/main amd64 libsoup-3.0-0 amd64 3.4.4-5ubuntu0.7 [292 kB]
tauri-driver smoke · Ubuntu 24.04	Install Ubuntu deps	2026-04-20T07:19:58.1580352Z Get:35 http://azure.archive.ubuntu.com/ubuntu noble-updates/main amd64 gir1.2-soup-3.0 amd64 3.4.4-5ubuntu0.7 [22.5 kB]
tauri-driver smoke · Ubuntu 24.04	Install Ubuntu deps	2026-04-20T07:19:58.1597639Z Get:36 http://azure.archive.ubuntu.com/ubuntu noble/main amd64 libcdparanoia0 amd64 3.10.2+debian-14build3 [48.5 kB]
tauri-driver smoke · Ubuntu 24.04	Install Ubuntu deps	2026-04-20T07:19:58.2066453Z Get:37 http://azure.archive.ubuntu.com/ubuntu noble-updates/main amd64 liborc-0.4-0t64 amd64 1:0.4.38-1ubuntu0.1 [207 kB]
tauri-driver smoke · Ubuntu 24.04	Install Ubuntu deps	2026-04-20T07:19:58.2108809Z Get:38 http://azure.archive.ubuntu.com/ubuntu noble-updates/main amd64 libgstreamer-plugins-base1.0-0 amd64 1.24.2-1ubuntu0.4 [862 kB]
tauri-driver smoke · Ubuntu 24.04	Install Ubuntu deps	2026-04-20T07:19:58.2201123Z Get:39 http://azure.archive.ubuntu.com/ubuntu noble/main amd64 libopus0 amd64 1.4-1build1 [208 kB]
tauri-driver smoke · Ubuntu 24.04	Install Ubuntu deps	2026-04-20T07:19:58.2237642Z Get:40 http://azure.archive.ubuntu.com/ubuntu noble/main amd64 libtheora0 amd64 1.1.1+dfsg.1-16.1build3 [211 kB]
tauri-driver smoke · Ubuntu 24.04	Install Ubuntu deps	2026-04-20T07:19:58.2277013Z Get:41 http://azure.archive.ubuntu.com/ubuntu noble/main amd64 libvisual-0.4-0 amd64 0.4.2-2build1 [115 kB]
tauri-driver smoke · Ubuntu 24.04	Install Ubuntu deps	2026-04-20T07:19:58.2309157Z Get:42 http://azure.archive.ubuntu.com/ubuntu noble/main amd64 libvorbisenc2 amd64 1.3.7-1build3 [80.8 kB]
tauri-driver smoke · Ubuntu 24.04	Install Ubuntu deps	2026-04-20T07:19:58.2337592Z Get:43 http://azure.archive.ubuntu.com/ubuntu noble-updates/main amd64 gstreamer1.0-plugins-base amd64 1.24.2-1ubuntu0.4 [721 kB]
tauri-driver smoke · Ubuntu 24.04	Install Ubuntu deps	2026-04-20T07:19:58.2453052Z Get:44 http://azure.archive.ubuntu.com/ubuntu noble/main amd64 libaa1 amd64 1.4p5-51.1 [49.9 kB]
tauri-driver smoke · Ubuntu 24.04	Install Ubuntu deps	2026-04-20T07:19:58.2465284Z Get:45 http://azure.archive.ubuntu.com/ubuntu noble/main amd64 libraw1394-11 amd64 2.1.2-2build3 [26.2 kB]
tauri-driver smoke · Ubuntu 24.04	Install Ubuntu deps	2026-04-20T07:19:58.2483025Z Get:46 http://azure.archive.ubuntu.com/ubuntu noble/main amd64 libavc1394-0 amd64 0.5.4-5build3 [15.4 kB]
tauri-driver smoke · Ubuntu 24.04	Install Ubuntu deps	2026-04-20T07:19:58.2504520Z Get:47 http://azure.archive.ubuntu.com/ubuntu noble-updates/main amd64 libcaca0 amd64 0.99.beta20-4ubuntu0.1 [209 kB]
tauri-driver smoke · Ubuntu 24.04	Install Ubuntu deps	2026-04-20T07:19:58.2538079Z Get:48 http://azure.archive.ubuntu.com/ubuntu noble/main amd64 libdv4t64 amd64 1.0.0-17.1build1 [63.2 kB]
tauri-driver smoke · Ubuntu 24.04	Install Ubuntu deps	2026-04-20T07:19:58.2568064Z Get:49 http://azure.archive.ubuntu.com/ubuntu noble/main amd64 libflac12t64 amd64 1.4.3+ds-2.1ubuntu2 [197 kB]
tauri-driver smoke · Ubuntu 24.04	Install Ubuntu deps	2026-04-20T07:19:58.2593404Z Get:50 http://azure.archive.ubuntu.com/ubuntu noble-updates/main amd64 libgstreamer-plugins-good1.0-0 amd64 1.24.2-1ubuntu1.3 [33.1 kB]
tauri-driver smoke · Ubuntu 24.04	Install Ubuntu deps	2026-04-20T07:19:58.2614333Z Get:51 http://azure.archive.ubuntu.com/ubuntu noble/main amd64 libiec61883-0 amd64 1.2.0-6build1 [24.5 kB]
tauri-driver smoke · Ubuntu 24.04	Install Ubuntu deps	2026-04-20T07:19:58.2635652Z Get:52 http://azure.archive.ubuntu.com/ubuntu noble/main amd64 libmp3lame0 amd64 3.100-6build1 [142 kB]
tauri-driver smoke · Ubuntu 24.04	Install Ubuntu deps	2026-04-20T07:19:58.2664727Z Get:53 http://azure.archive.ubuntu.com/ubuntu noble-updates/main amd64 libmpg123-0t64 amd64 1.32.5-1ubuntu1.1 [169 kB]
tauri-driver smoke · Ubuntu 24.04	Install Ubuntu deps	2026-04-20T07:19:58.2694340Z Get:54 http://azure.archive.ubuntu.com/ubuntu noble/main amd64 libasyncns0 amd64 0.8-6build4 [11.3 kB]
tauri-driver smoke · Ubuntu 24.04	Install Ubuntu deps	2026-04-20T07:19:58.2715678Z Get:55 http://azure.archive.ubuntu.com/ubuntu noble-updates/main amd64 libsndfile1 amd64 1.2.2-1ubuntu5.24.04.1 [209 kB]
tauri-driver smoke · Ubuntu 24.04	Install Ubuntu deps	2026-04-20T07:19:58.3179351Z Get:56 http://azure.archive.ubuntu.com/ubuntu noble-updates/main amd64 libpulse0 amd64 1:16.1+dfsg1-2ubuntu10.1 [292 kB]
tauri-driver smoke · Ubuntu 24.04	Install Ubuntu deps	2026-04-20T07:19:58.3228366Z Get:57 http://azure.archive.ubuntu.com/ubuntu noble-updates/main amd64 libspeex1 amd64 1.2.1-2ubuntu2.24.04.1 [59.6 kB]
tauri-driver smoke · Ubuntu 24.04	Install Ubuntu deps	2026-04-20T07:19:58.3252459Z Get:58 http://azure.archive.ubuntu.com/ubuntu noble/main amd64 libshout3 amd64 2.4.6-1build2 [50.3 kB]
tauri-driver smoke · Ubuntu 24.04	Install Ubuntu deps	2026-04-20T07:19:58.3274906Z Get:59 http://azure.archive.ubuntu.com/ubuntu noble/main amd64 libtag1v5-vanilla amd64 1.13.1-1build1 [326 kB]
tauri-driver smoke · Ubuntu 24.04	Install Ubuntu deps	2026-04-20T07:19:58.3315393Z Get:60 http://azure.archive.ubuntu.com/ubuntu noble/main amd64 libtag1v5 amd64 1.13.1-1build1 [11.7 kB]
tauri-driver smoke · Ubuntu 24.04	Install Ubuntu deps	2026-04-20T07:19:58.3333247Z Get:61 http://azure.archive.ubuntu.com/ubuntu noble/main amd64 libtwolame0 amd64 0.4.0-2build3 [52.3 kB]
tauri-driver smoke · Ubuntu 24.04	Install Ubuntu deps	2026-04-20T07:19:58.3353334Z Get:62 http://azure.archive.ubuntu.com/ubuntu noble/main amd64 libv4lconvert0t64 amd64 1.26.1-4build3 [87.6 kB]
tauri-driver smoke · Ubuntu 24.04	Install Ubuntu deps	2026-04-20T07:19:58.3374842Z Get:63 http://azure.archive.ubuntu.com/ubuntu noble/main amd64 libv4l-0t64 amd64 1.26.1-4build3 [46.9 kB]
tauri-driver smoke · Ubuntu 24.04	Install Ubuntu deps	2026-04-20T07:19:58.3396085Z Get:64 http://azure.archive.ubuntu.com/ubuntu noble-updates/main amd64 libvpx9 amd64 1.14.0-1ubuntu2.3 [1143 kB]
tauri-driver smoke · Ubuntu 24.04	Install Ubuntu deps	2026-04-20T07:19:58.3511491Z Get:65 http://azure.archive.ubuntu.com/ubuntu noble/main amd64 libwavpack1 amd64 5.6.0-1build1 [84.6 kB]
tauri-driver smoke · Ubuntu 24.04	Install Ubuntu deps	2026-04-20T07:19:58.3550287Z Get:66 http://azure.archive.ubuntu.com/ubuntu noble-updates/main amd64 gstreamer1.0-plugins-good amd64 1.24.2-1ubuntu1.3 [2236 kB]
tauri-driver smoke · Ubuntu 24.04	Install Ubuntu deps	2026-04-20T07:19:58.3759863Z Get:67 http://azure.archive.ubuntu.com/ubuntu noble/main amd64 libgles2 amd64 1.7.0-1build1 [17.1 kB]
tauri-driver smoke · Ubuntu 24.04	Install Ubuntu deps	2026-04-20T07:19:58.3780399Z Get:68 http://azure.archive.ubuntu.com/ubuntu noble-updates/main amd64 xdg-dbus-proxy amd64 0.1.5-1ubuntu0.2 [26.4 kB]
tauri-driver smoke · Ubuntu 24.04	Install Ubuntu deps	2026-04-20T07:19:58.3809473Z Get:69 http://azure.archive.ubuntu.com/ubuntu noble-updates/main amd64 libegl-mesa0 amd64 25.2.8-0ubuntu0.24.04.1 [117 kB]
tauri-driver smoke · Ubuntu 24.04	Install Ubuntu deps	2026-04-20T07:19:58.3838640Z Get:70 http://azure.archive.ubuntu.com/ubuntu noble/main amd64 libegl1 amd64 1.7.0-1build1 [28.7 kB]
tauri-driver smoke · Ubuntu 24.04	Install Ubuntu deps	2026-04-20T07:19:58.3864550Z Get:71 http://azure.archive.ubuntu.com/ubuntu noble-updates/main amd64 libgstreamer-gl1.0-0 amd64 1.24.2-1ubuntu0.4 [214 kB]
tauri-driver smoke · Ubuntu 24.04	Install Ubuntu deps	2026-04-20T07:19:58.3904278Z Get:72 http://azure.archive.ubuntu.com/ubuntu noble/main amd64 libharfbuzz-icu0 amd64 8.3.0-2build2 [13.3 kB]
tauri-driver smoke · Ubuntu 24.04	Install Ubuntu deps	2026-04-20T07:19:58.3925103Z Get:73 http://azure.archive.ubuntu.com/ubuntu noble/main amd64 libhyphen0 amd64 2.8.8-7build3 [26.5 kB]
tauri-driver smoke · Ubuntu 24.04	Install Ubuntu deps	2026-04-20T07:19:58.4381457Z Get:74 http://azure.archive.ubuntu.com/ubuntu noble/main amd64 libmanette-0.2-0 amd64 0.2.7-1build2 [30.6 kB]
tauri-driver smoke · Ubuntu 24.04	Install Ubuntu deps	2026-04-20T07:19:58.4405517Z Get:75 http://azure.archive.ubuntu.com/ubuntu noble/main amd64 libsecret-common all 0.21.4-1build3 [4962 B]
tauri-driver smoke · Ubuntu 24.04	Install Ubuntu deps	2026-04-20T07:19:58.4434245Z Get:76 http://azure.archive.ubuntu.com/ubuntu noble/main amd64 libsecret-1-0 amd64 0.21.4-1build3 [116 kB]
tauri-driver smoke · Ubuntu 24.04	Install Ubuntu deps	2026-04-20T07:19:58.4461504Z Get:77 http://azure.archive.ubuntu.com/ubuntu noble/main amd64 libwayland-server0 amd64 1.22.0-2.1build1 [33.9 kB]
tauri-driver smoke · Ubuntu 24.04	Install Ubuntu deps	2026-04-20T07:19:58.4482801Z Get:78 http://azure.archive.ubuntu.com/ubuntu noble/main amd64 libwoff1 amd64 1.0.2-2build1 [45.3 kB]
tauri-driver smoke · Ubuntu 24.04	Install Ubuntu deps	2026-04-20T07:19:58.4519041Z Get:79 http://azure.archive.ubuntu.com/ubuntu noble-updates/main amd64 libwebkit2gtk-4.1-0 amd64 2.50.4-0ubuntu0.24.04.1 [24.1 MB]
tauri-driver smoke · Ubuntu 24.04	Install Ubuntu deps	2026-04-20T07:19:58.5961476Z Get:80 http://azure.archive.ubuntu.com/ubuntu noble-updates/main amd64 gir1.2-webkit2-4.1 amd64 2.50.4-0ubuntu0.24.04.1 [105 kB]
tauri-driver smoke · Ubuntu 24.04	Install Ubuntu deps	2026-04-20T07:19:58.5988550Z Get:81 http://azure.archive.ubuntu.com/ubuntu noble/main amd64 python3-mako all 1.3.2-1 [63.3 kB]
tauri-driver smoke · Ubuntu 24.04	Install Ubuntu deps	2026-04-20T07:19:58.6004266Z Get:82 http://azure.archive.ubuntu.com/ubuntu noble/main amd64 python3-markdown all 3.5.2-1 [72.0 kB]
tauri-driver smoke · Ubuntu 24.04	Install Ubuntu deps	2026-04-20T07:19:58.6027174Z Get:83 http://azure.archive.ubuntu.com/ubuntu noble/main amd64 gobject-introspection-bin amd64 1.80.1-1 [254 kB]
tauri-driver smoke · Ubuntu 24.04	Install Ubuntu deps	2026-04-20T07:19:58.6059563Z Get:84 http://azure.archive.ubuntu.com/ubuntu noble-updates/main amd64 libglib2.0-dev-bin amd64 2.80.0-6ubuntu3.8 [138 kB]
tauri-driver smoke · Ubuntu 24.04	Install Ubuntu deps	2026-04-20T07:19:58.6089927Z Get:85 http://azure.archive.ubuntu.com/ubuntu noble-updates/main amd64 uuid-dev amd64 2.39.3-9ubuntu6.5 [33.5 kB]
tauri-driver smoke · Ubuntu 24.04	Install Ubuntu deps	2026-04-20T07:19:58.6107807Z Get:86 http://azure.archive.ubuntu.com/ubuntu noble-updates/main amd64 libblkid-dev amd64 2.39.3-9ubuntu6.5 [204 kB]
tauri-driver smoke · Ubuntu 24.04	Install Ubuntu deps	2026-04-20T07:19:58.6134374Z Get:87 http://azure.archive.ubuntu.com/ubuntu noble/main amd64 libsepol-dev amd64 3.5-2build1 [384 kB]
tauri-driver smoke · Ubuntu 24.04	Install Ubuntu deps	2026-04-20T07:19:58.6181036Z Get:88 http://azure.archive.ubuntu.com/ubuntu noble-updates/main amd64 libselinux1-dev amd64 3.5-2ubuntu2.1 [164 kB]
tauri-driver smoke · Ubuntu 24.04	Install Ubuntu deps	2026-04-20T07:19:58.6208382Z Get:89 http://azure.archive.ubuntu.com/ubuntu noble-updates/main amd64 libmount-dev amd64 2.39.3-9ubuntu6.5 [14.9 kB]
tauri-driver smoke · Ubuntu 24.04	Install Ubuntu deps	2026-04-20T07:19:58.6225795Z Get:90 http://azure.archive.ubuntu.com/ubuntu noble-updates/main amd64 libgirepository-2.0-0 amd64 2.80.0-6ubuntu3.8 [73.6 kB]
tauri-driver smoke · Ubuntu 24.04	Install Ubuntu deps	2026-04-20T07:19:58.6253167Z Get:91 http://azure.archive.ubuntu.com/ubuntu noble-updates/main amd64 libglib2.0-dev amd64 2.80.0-6ubuntu3.8 [1860 kB]
tauri-driver smoke · Ubuntu 24.04	Install Ubuntu deps	2026-04-20T07:19:58.6385923Z Get:92 http://azure.archive.ubuntu.com/ubuntu noble/main amd64 gobject-introspection amd64 1.80.1-1 [105 kB]
tauri-driver smoke · Ubuntu 24.04	Install Ubuntu deps	2026-04-20T07:19:58.6865159Z Get:93 http://azure.archive.ubuntu.com/ubuntu noble/main amd64 libgraphene-1.0-0 amd64 1.10.8-3build2 [46.2 kB]
tauri-driver smoke · Ubuntu 24.04	Install Ubuntu deps	2026-04-20T07:19:58.6895600Z Get:94 http://azure.archive.ubuntu.com/ubuntu noble-updates/main amd64 gstreamer1.0-gl amd64 1.24.2-1ubuntu0.4 [116 kB]
tauri-driver smoke · Ubuntu 24.04	Install Ubuntu deps	2026-04-20T07:19:58.6923517Z Get:95 http://azure.archive.ubuntu.com/ubuntu noble/main amd64 libxv1 amd64 2:1.0.11-1.1build1 [10.7 kB]
tauri-driver smoke · Ubuntu 24.04	Install Ubuntu deps	2026-04-20T07:19:58.6945929Z Get:96 http://azure.archive.ubuntu.com/ubuntu noble-updates/main amd64 gstreamer1.0-x amd64 1.24.2-1ubuntu0.4 [85.0 kB]
tauri-driver smoke · Ubuntu 24.04	Install Ubuntu deps	2026-04-20T07:19:58.6972195Z Get:97 http://azure.archive.ubuntu.com/ubuntu noble/main amd64 libatk1.0-dev amd64 2.52.0-1build1 [100 kB]
tauri-driver smoke · Ubuntu 24.04	Install Ubuntu deps	2026-04-20T07:19:58.7003702Z Get:98 http://azure.archive.ubuntu.com/ubuntu noble-updates/main amd64 libdbus-1-dev amd64 1.14.10-4ubuntu4.1 [190 kB]
tauri-driver smoke · Ubuntu 24.04	Install Ubuntu deps	2026-04-20T07:19:58.7033945Z Get:99 http://azure.archive.ubuntu.com/ubuntu noble/main amd64 xorg-sgml-doctools all 1:1.11-1.1 [10.9 kB]
tauri-driver smoke · Ubuntu 24.04	Install Ubuntu deps	2026-04-20T07:19:58.7057693Z Get:100 http://azure.archive.ubuntu.com/ubuntu noble/main amd64 x11proto-dev all 2023.2-1 [602 kB]
tauri-driver smoke · Ubuntu 24.04	Install Ubuntu deps	2026-04-20T07:19:58.7135145Z Get:101 http://azure.archive.ubuntu.com/ubuntu noble/main amd64 libxau-dev amd64 1:1.0.9-1build6 [9570 B]
tauri-driver smoke · Ubuntu 24.04	Install Ubuntu deps	2026-04-20T07:19:58.7155473Z Get:102 http://azure.archive.ubuntu.com/ubuntu noble/main amd64 libxdmcp-dev amd64 1:1.1.3-0ubuntu6 [26.5 kB]
tauri-driver smoke · Ubuntu 24.04	Install Ubuntu deps	2026-04-20T07:19:58.7216721Z Get:103 http://azure.archive.ubuntu.com/ubuntu noble/main amd64 xtrans-dev all 1.4.0-1 [68.9 kB]
tauri-driver smoke · Ubuntu 24.04	Install Ubuntu deps	2026-04-20T07:19:58.7278181Z Get:104 http://azure.archive.ubuntu.com/ubuntu noble/main amd64 libpthread-stubs0-dev amd64 0.4-1build3 [4746 B]
tauri-driver smoke · Ubuntu 24.04	Install Ubuntu deps	2026-04-20T07:19:58.7306036Z Get:105 http://azure.archive.ubuntu.com/ubuntu noble/main amd64 libxcb1-dev amd64 1.15-1ubuntu2 [85.8 kB]
tauri-driver smoke · Ubuntu 24.04	Install Ubuntu deps	2026-04-20T07:19:58.7376448Z Get:106 http://azure.archive.ubuntu.com/ubuntu noble/main amd64 libx11-dev amd64 2:1.8.7-1build1 [732 kB]
tauri-driver smoke · Ubuntu 24.04	Install Ubuntu deps	2026-04-20T07:19:58.7735672Z Get:107 http://azure.archive.ubuntu.com/ubuntu noble/main amd64 libxext-dev amd64 2:1.3.4-1build2 [83.5 kB]
tauri-driver smoke · Ubuntu 24.04	Install Ubuntu deps	2026-04-20T07:19:58.7800381Z Get:108 http://azure.archive.ubuntu.com/ubuntu noble/main amd64 libxfixes-dev amd64 1:6.0.0-2build1 [12.1 kB]
tauri-driver smoke · Ubuntu 24.04	Install Ubuntu deps	2026-04-20T07:19:58.7836664Z Get:109 http://azure.archive.ubuntu.com/ubuntu noble/main amd64 libxi-dev amd64 2:1.8.1-1build1 [194 kB]
tauri-driver smoke · Ubuntu 24.04	Install Ubuntu deps	2026-04-20T07:19:58.7943620Z Get:110 http://azure.archive.ubuntu.com/ubuntu noble/main amd64 libxtst-dev amd64 2:1.2.3-1.1build1 [15.9 kB]
tauri-driver smoke · Ubuntu 24.04	Install Ubuntu deps	2026-04-20T07:19:58.7983825Z Get:111 http://azure.archive.ubuntu.com/ubuntu noble/main amd64 libatspi2.0-dev amd64 2.52.0-1build1 [76.2 kB]
tauri-driver smoke · Ubuntu 24.04	Install Ubuntu deps	2026-04-20T07:19:58.8044220Z Get:112 http://azure.archive.ubuntu.com/ubuntu noble/main amd64 libatk-bridge2.0-dev amd64 2.52.0-1build1 [4284 B]
tauri-driver smoke · Ubuntu 24.04	Install Ubuntu deps	2026-04-20T07:19:58.8116689Z Get:113 http://azure.archive.ubuntu.com/ubuntu noble/main amd64 libcairo-script-interpreter2 amd64 1.18.0-3build1 [60.3 kB]
tauri-driver smoke · Ubuntu 24.04	Install Ubuntu deps	2026-04-20T07:19:58.8165420Z Get:114 http://azure.archive.ubuntu.com/ubuntu noble/main amd64 libbrotli-dev amd64 1.1.0-2build2 [353 kB]
tauri-driver smoke · Ubuntu 24.04	Install Ubuntu deps	2026-04-20T07:19:58.8360153Z Get:115 http://azure.archive.ubuntu.com/ubuntu noble-updates/main amd64 libbz2-dev amd64 1.0.8-5.1build0.1 [33.6 kB]
tauri-driver smoke · Ubuntu 24.04	Install Ubuntu deps	2026-04-20T07:19:58.8394664Z Get:116 http://azure.archive.ubuntu.com/ubuntu noble-updates/main amd64 libpng-dev amd64 1.6.43-5ubuntu0.5 [265 kB]
tauri-driver smoke · Ubuntu 24.04	Install Ubuntu deps	2026-04-20T07:19:58.8544770Z Get:117 http://azure.archive.ubuntu.com/ubuntu noble-updates/main amd64 libfreetype-dev amd64 2.13.2+dfsg-1ubuntu0.1 [575 kB]
tauri-driver smoke · Ubuntu 24.04	Install Ubuntu deps	2026-04-20T07:19:58.8826083Z Get:118 http://azure.archive.ubuntu.com/ubuntu noble/main amd64 libfontconfig-dev amd64 2.15.0-1.1ubuntu2 [161 kB]
tauri-driver smoke · Ubuntu 24.04	Install Ubuntu deps	2026-04-20T07:19:58.8904743Z Get:119 http://azure.archive.ubuntu.com/ubuntu noble/main amd64 libpixman-1-dev amd64 0.42.2-1build1 [296 kB]
tauri-driver smoke · Ubuntu 24.04	Install Ubuntu deps	2026-04-20T07:19:58.9032406Z Get:120 http://azure.archive.ubuntu.com/ubuntu noble/main amd64 libice-dev amd64 2:1.0.10-1build3 [51.0 kB]
tauri-driver smoke · Ubuntu 24.04	Install Ubuntu deps	2026-04-20T07:19:58.9508283Z Get:121 http://azure.archive.ubuntu.com/ubuntu noble/main amd64 libsm-dev amd64 2:1.2.3-1build3 [17.8 kB]
tauri-driver smoke · Ubuntu 24.04	Install Ubuntu deps	2026-04-20T07:19:58.9539019Z Get:122 http://azure.archive.ubuntu.com/ubuntu noble/main amd64 libxcb-render0-dev amd64 1.15-1ubuntu2 [19.6 kB]
tauri-driver smoke · Ubuntu 24.04	Install Ubuntu deps	2026-04-20T07:19:58.9569938Z Get:123 http://azure.archive.ubuntu.com/ubuntu noble/main amd64 libxcb-shm0-dev amd64 1.15-1ubuntu2 [8246 B]
tauri-driver smoke · Ubuntu 24.04	Install Ubuntu deps	2026-04-20T07:19:58.9602955Z Get:124 http://azure.archive.ubuntu.com/ubuntu noble/main amd64 libxrender-dev amd64 1:0.9.10-1.1build1 [26.3 kB]
tauri-driver smoke · Ubuntu 24.04	Install Ubuntu deps	2026-04-20T07:19:58.9714789Z Get:125 http://azure.archive.ubuntu.com/ubuntu noble/main amd64 libcairo2-dev amd64 1.18.0-3build1 [41.1 kB]
tauri-driver smoke · Ubuntu 24.04	Install Ubuntu deps	2026-04-20T07:19:58.9994292Z Get:126 http://azure.archive.ubuntu.com/ubuntu noble/main amd64 libglx-dev amd64 1.7.0-1build1 [14.2 kB]
tauri-driver smoke · Ubuntu 24.04	Install Ubuntu deps	2026-04-20T07:19:59.0084373Z Get:127 http://azure.archive.ubuntu.com/ubuntu noble/main amd64 libgl-dev amd64 1.7.0-1build1 [102 kB]
tauri-driver smoke · Ubuntu 24.04	Install Ubuntu deps	2026-04-20T07:19:59.0157914Z Get:128 http://azure.archive.ubuntu.com/ubuntu noble/main amd64 libegl-dev amd64 1.7.0-1build1 [18.2 kB]
tauri-driver smoke · Ubuntu 24.04	Install Ubuntu deps	2026-04-20T07:19:59.0188187Z Get:129 http://azure.archive.ubuntu.com/ubuntu noble/main amd64 libglvnd-core-dev amd64 1.7.0-1build1 [13.6 kB]
tauri-driver smoke · Ubuntu 24.04	Install Ubuntu deps	2026-04-20T07:19:59.0219736Z Get:130 http://azure.archive.ubuntu.com/ubuntu noble/main amd64 libgles1 amd64 1.7.0-1build1 [11.6 kB]
tauri-driver smoke · Ubuntu 24.04	Install Ubuntu deps	2026-04-20T07:19:59.0250223Z Get:131 http://azure.archive.ubuntu.com/ubuntu noble/main amd64 libgles-dev amd64 1.7.0-1build1 [50.5 kB]
tauri-driver smoke · Ubuntu 24.04	Install Ubuntu deps	2026-04-20T07:19:59.0296448Z Get:132 http://azure.archive.ubuntu.com/ubuntu noble/main amd64 libopengl0 amd64 1.7.0-1build1 [32.8 kB]
tauri-driver smoke · Ubuntu 24.04	Install Ubuntu deps	2026-04-20T07:19:59.0375165Z Get:133 http://azure.archive.ubuntu.com/ubuntu noble/main amd64 libopengl-dev amd64 1.7.0-1build1 [3454 B]
tauri-driver smoke · Ubuntu 24.04	Install Ubuntu deps	2026-04-20T07:19:59.0402286Z Get:134 http://azure.archive.ubuntu.com/ubuntu noble/main amd64 libglvnd-dev amd64 1.7.0-1build1 [3198 B]
tauri-driver smoke · Ubuntu 24.04	Install Ubuntu deps	2026-04-20T07:19:59.0426002Z Get:135 http://azure.archive.ubuntu.com/ubuntu noble-updates/main amd64 libegl1-mesa-dev amd64 25.2.8-0ubuntu0.24.04.1 [26.4 kB]
tauri-driver smoke · Ubuntu 24.04	Install Ubuntu deps	2026-04-20T07:19:59.0459581Z Get:136 http://azure.archive.ubuntu.com/ubuntu noble/main amd64 libepoxy-dev amd64 1.5.10-1build1 [132 kB]
tauri-driver smoke · Ubuntu 24.04	Install Ubuntu deps	2026-04-20T07:19:59.0545942Z Get:137 http://azure.archive.ubuntu.com/ubuntu noble/main amd64 libfribidi-dev amd64 1.0.13-3build1 [64.8 kB]
tauri-driver smoke · Ubuntu 24.04	Install Ubuntu deps	2026-04-20T07:19:59.0608917Z Get:138 http://azure.archive.ubuntu.com/ubuntu noble-updates/main amd64 libgdk-pixbuf2.0-bin amd64 2.42.10+dfsg-3ubuntu3.3 [13.9 kB]
tauri-driver smoke · Ubuntu 24.04	Install Ubuntu deps	2026-04-20T07:19:59.0637075Z Get:139 http://azure.archive.ubuntu.com/ubuntu noble/main amd64 libjpeg-turbo8-dev amd64 2.1.5-2ubuntu2 [295 kB]
tauri-driver smoke · Ubuntu 24.04	Install Ubuntu deps	2026-04-20T07:19:59.1230261Z Get:140 http://azure.archive.ubuntu.com/ubuntu noble/main amd64 libjpeg8-dev amd64 8c-2ubuntu11 [1484 B]
tauri-driver smoke · Ubuntu 24.04	Install Ubuntu deps	2026-04-20T07:19:59.1252123Z Get:141 http://azure.archive.ubuntu.com/ubuntu noble/main amd64 libjpeg-dev amd64 8c-2ubuntu11 [1482 B]
tauri-driver smoke · Ubuntu 24.04	Install Ubuntu deps	2026-04-20T07:19:59.1274333Z Get:142 http://azure.archive.ubuntu.com/ubuntu noble/main amd64 libjbig-dev amd64 2.1-6.1ubuntu2 [27.9 kB]
tauri-driver smoke · Ubuntu 24.04	Install Ubuntu deps	2026-04-20T07:19:59.1309208Z Get:143 http://azure.archive.ubuntu.com/ubuntu noble-updates/main amd64 liblzma-dev amd64 5.6.1+really5.4.5-1ubuntu0.2 [176 kB]
tauri-driver smoke · Ubuntu 24.04	Install Ubuntu deps	2026-04-20T07:19:59.1415527Z Get:144 http://azure.archive.ubuntu.com/ubuntu noble/main amd64 libwebpdecoder3 amd64 1.3.2-0.4build3 [114 kB]
tauri-driver smoke · Ubuntu 24.04	Install Ubuntu deps	2026-04-20T07:19:59.1529954Z Get:145 http://azure.archive.ubuntu.com/ubuntu noble/main amd64 libsharpyuv-dev amd64 1.3.2-0.4build3 [16.0 kB]
tauri-driver smoke · Ubuntu 24.04	Install Ubuntu deps	2026-04-20T07:19:59.1560405Z Get:146 http://azure.archive.ubuntu.com/ubuntu noble/main amd64 libwebp-dev amd64 1.3.2-0.4build3 [367 kB]
tauri-driver smoke · Ubuntu 24.04	Install Ubuntu deps	2026-04-20T07:19:59.1717518Z Get:147 http://azure.archive.ubuntu.com/ubuntu noble-updates/main amd64 libtiffxx6 amd64 4.5.1+git230720-4ubuntu2.5 [5642 B]
tauri-driver smoke · Ubuntu 24.04	Install Ubuntu deps	2026-04-20T07:19:59.1747695Z Get:148 http://azure.archive.ubuntu.com/ubuntu noble-updates/main amd64 libdeflate-dev amd64 1.19-1build1.1 [50.9 kB]
tauri-driver smoke · Ubuntu 24.04	Install Ubuntu deps	2026-04-20T07:19:59.1789874Z Get:149 http://azure.archive.ubuntu.com/ubuntu noble/main amd64 liblerc-dev amd64 4.0.0+ds-4ubuntu2 [182 kB]
tauri-driver smoke · Ubuntu 24.04	Install Ubuntu deps	2026-04-20T07:19:59.1893446Z Get:150 http://azure.archive.ubuntu.com/ubuntu noble-updates/main amd64 libtiff-dev amd64 4.5.1+git230720-4ubuntu2.5 [338 kB]
tauri-driver smoke · Ubuntu 24.04	Install Ubuntu deps	2026-04-20T07:19:59.2035909Z Get:151 http://azure.archive.ubuntu.com/ubuntu noble-updates/main amd64 libgdk-pixbuf-2.0-dev amd64 2.42.10+dfsg-3ubuntu3.3 [47.9 kB]
tauri-driver smoke · Ubuntu 24.04	Install Ubuntu deps	2026-04-20T07:19:59.2082473Z Get:152 http://azure.archive.ubuntu.com/ubuntu noble/main amd64 libharfbuzz-subset0 amd64 8.3.0-2build2 [448 kB]
tauri-driver smoke · Ubuntu 24.04	Install Ubuntu deps	2026-04-20T07:19:59.2278986Z Get:153 http://azure.archive.ubuntu.com/ubuntu noble/main amd64 libharfbuzz-cairo0 amd64 8.3.0-2build2 [26.2 kB]
tauri-driver smoke · Ubuntu 24.04	Install Ubuntu deps	2026-04-20T07:19:59.2314398Z Get:154 http://azure.archive.ubuntu.com/ubuntu noble/main amd64 libgraphite2-dev amd64 1.3.14-2build1 [14.7 kB]
tauri-driver smoke · Ubuntu 24.04	Install Ubuntu deps	2026-04-20T07:19:59.2344568Z Get:155 http://azure.archive.ubuntu.com/ubuntu noble/main amd64 libharfbuzz-dev amd64 8.3.0-2build2 [142 kB]
tauri-driver smoke · Ubuntu 24.04	Install Ubuntu deps	2026-04-20T07:19:59.2422355Z Get:156 http://azure.archive.ubuntu.com/ubuntu noble/main amd64 libdatrie-dev amd64 0.2.13-3build1 [19.4 kB]
tauri-driver smoke · Ubuntu 24.04	Install Ubuntu deps	2026-04-20T07:19:59.2459833Z Get:157 http://azure.archive.ubuntu.com/ubuntu noble/main amd64 libthai-dev amd64 0.1.29-2build1 [26.6 kB]
tauri-driver smoke · Ubuntu 24.04	Install Ubuntu deps	2026-04-20T07:19:59.2491263Z Get:158 http://azure.archive.ubuntu.com/ubuntu noble/main amd64 libxft-dev amd64 2.3.6-1build1 [64.3 kB]
tauri-driver smoke · Ubuntu 24.04	Install Ubuntu deps	2026-04-20T07:19:59.2950891Z Get:159 http://azure.archive.ubuntu.com/ubuntu noble/main amd64 pango1.0-tools amd64 1.52.1+ds-1build1 [36.7 kB]
tauri-driver smoke · Ubuntu 24.04	Install Ubuntu deps	2026-04-20T07:19:59.2993465Z Get:160 http://azure.archive.ubuntu.com/ubuntu noble/main amd64 libpango1.0-dev amd64 1.52.1+ds-1build1 [147 kB]
tauri-driver smoke · Ubuntu 24.04	Install Ubuntu deps	2026-04-20T07:19:59.3090641Z Get:161 http://azure.archive.ubuntu.com/ubuntu noble/main amd64 libwayland-bin amd64 1.22.0-2.1build1 [20.6 kB]
tauri-driver smoke · Ubuntu 24.04	Install Ubuntu deps	2026-04-20T07:19:59.3124676Z Get:162 http://azure.archive.ubuntu.com/ubuntu noble/main amd64 libwayland-dev amd64 1.22.0-2.1build1 [71.3 kB]
tauri-driver smoke · Ubuntu 24.04	Install Ubuntu deps	2026-04-20T07:19:59.3175989Z Get:163 http://azure.archive.ubuntu.com/ubuntu noble/main amd64 libxcomposite-dev amd64 1:0.4.5-1build3 [9374 B]
tauri-driver smoke · Ubuntu 24.04	Install Ubuntu deps	2026-04-20T07:19:59.3205483Z Get:164 http://azure.archive.ubuntu.com/ubuntu noble/main amd64 libxcursor-dev amd64 1:1.2.1-1build1 [31.8 kB]
tauri-driver smoke · Ubuntu 24.04	Install Ubuntu deps	2026-04-20T07:19:59.3239898Z Get:165 http://azure.archive.ubuntu.com/ubuntu noble/main amd64 libxdamage-dev amd64 1:1.1.6-1build1 [5270 B]
tauri-driver smoke · Ubuntu 24.04	Install Ubuntu deps	2026-04-20T07:19:59.3266962Z Get:166 http://azure.archive.ubuntu.com/ubuntu noble/main amd64 libxinerama-dev amd64 2:1.1.4-3build1 [7988 B]
tauri-driver smoke · Ubuntu 24.04	Install Ubuntu deps	2026-04-20T07:19:59.3295100Z Get:167 http://azure.archive.ubuntu.com/ubuntu noble/main amd64 libxkbcommon-dev amd64 1.6.0-1build1 [56.3 kB]
tauri-driver smoke · Ubuntu 24.04	Install Ubuntu deps	2026-04-20T07:19:59.3339065Z Get:168 http://azure.archive.ubuntu.com/ubuntu noble/main amd64 libxrandr-dev amd64 2:1.5.2-2build1 [26.4 kB]
tauri-driver smoke · Ubuntu 24.04	Install Ubuntu deps	2026-04-20T07:19:59.3376779Z Get:169 http://azure.archive.ubuntu.com/ubuntu noble-updates/main amd64 wayland-protocols all 1.45-1~ubuntu0.24.04.1 [114 kB]
tauri-driver smoke · Ubuntu 24.04	Install Ubuntu deps	2026-04-20T07:19:59.3452894Z Get:170 http://azure.archive.ubuntu.com/ubuntu noble-updates/main amd64 libgtk-3-dev amd64 3.24.41-4ubuntu1.3 [1096 kB]
tauri-driver smoke · Ubuntu 24.04	Install Ubuntu deps	2026-04-20T07:19:59.3928783Z Get:171 http://azure.archive.ubuntu.com/ubuntu noble/main amd64 libayatana-ido3-dev amd64 0.10.1-1build2 [14.2 kB]
tauri-driver smoke · Ubuntu 24.04	Install Ubuntu deps	2026-04-20T07:19:59.3954320Z Get:172 http://azure.archive.ubuntu.com/ubuntu noble/main amd64 libayatana-indicator3-dev amd64 0.9.4-1build1 [6956 B]
tauri-driver smoke · Ubuntu 24.04	Install Ubuntu deps	2026-04-20T07:19:59.3980988Z Get:173 http://azure.archive.ubuntu.com/ubuntu noble/main amd64 libdbusmenu-glib-dev amd64 18.10.20180917~bzr492+repack1-3.1ubuntu5 [70.6 kB]
tauri-driver smoke · Ubuntu 24.04	Install Ubuntu deps	2026-04-20T07:19:59.4039140Z Get:174 http://azure.archive.ubuntu.com/ubuntu noble/main amd64 libayatana-appindicator3-dev amd64 0.5.93-1build3 [14.9 kB]
tauri-driver smoke · Ubuntu 24.04	Install Ubuntu deps	2026-04-20T07:19:59.4068688Z Get:175 http://azure.archive.ubuntu.com/ubuntu noble/main amd64 libgirepository-1.0-dev amd64 1.80.1-1 [28.5 kB]
tauri-driver smoke · Ubuntu 24.04	Install Ubuntu deps	2026-04-20T07:19:59.4511996Z Get:176 http://azure.archive.ubuntu.com/ubuntu noble/main amd64 libgirepository1.0-dev amd64 1.80.1-1 [17.0 kB]
tauri-driver smoke · Ubuntu 24.04	Install Ubuntu deps	2026-04-20T07:19:59.4539396Z Get:177 http://azure.archive.ubuntu.com/ubuntu noble-updates/universe amd64 libjavascriptcoregtk-4.1-dev amd64 2.50.4-0ubuntu0.24.04.1 [69.8 kB]
tauri-driver smoke · Ubuntu 24.04	Install Ubuntu deps	2026-04-20T07:19:59.4592021Z Get:178 http://azure.archive.ubuntu.com/ubuntu noble-updates/main amd64 libnghttp2-dev amd64 1.59.0-1ubuntu0.2 [116 kB]
tauri-driver smoke · Ubuntu 24.04	Install Ubuntu deps	2026-04-20T07:19:59.4662578Z Get:179 http://azure.archive.ubuntu.com/ubuntu noble/main amd64 libwebrtc-audio-processing1 amd64 0.3.1-0ubuntu6 [290 kB]
tauri-driver smoke · Ubuntu 24.04	Install Ubuntu deps	2026-04-20T07:19:59.4803603Z Get:180 http://azure.archive.ubuntu.com/ubuntu noble-updates/main amd64 libspa-0.2-modules amd64 1.0.5-1ubuntu3.2 [627 kB]
tauri-driver smoke · Ubuntu 24.04	Install Ubuntu deps	2026-04-20T07:19:59.5083519Z Get:181 http://azure.archive.ubuntu.com/ubuntu noble-updates/main amd64 libpipewire-0.3-0t64 amd64 1.0.5-1ubuntu3.2 [252 kB]
tauri-driver smoke · Ubuntu 24.04	Install Ubuntu deps	2026-04-20T07:19:59.5215279Z Get:182 http://azure.archive.ubuntu.com/ubuntu noble-updates/main amd64 libpipewire-0.3-common all 1.0.5-1ubuntu3.2 [19.1 kB]
tauri-driver smoke · Ubuntu 24.04	Install Ubuntu deps	2026-04-20T07:19:59.5266744Z Get:183 http://azure.archive.ubuntu.com/ubuntu noble-updates/main amd64 libpng-tools amd64 1.6.43-5ubuntu0.5 [28.5 kB]
tauri-driver smoke · Ubuntu 24.04	Install Ubuntu deps	2026-04-20T07:19:59.5304028Z Get:184 http://azure.archive.ubuntu.com/ubuntu noble/main amd64 libpsl-dev amd64 0.21.2-1.1build1 [76.4 kB]
tauri-driver smoke · Ubuntu 24.04	Install Ubuntu deps	2026-04-20T07:19:59.5358174Z Get:185 http://azure.archive.ubuntu.com/ubuntu noble/main amd64 librsvg2-common amd64 2.58.0+dfsg-1build1 [11.8 kB]
tauri-driver smoke · Ubuntu 24.04	Install Ubuntu deps	2026-04-20T07:19:59.5390052Z Get:186 http://azure.archive.ubuntu.com/ubuntu noble/universe amd64 librsvg2-dev amd64 2.58.0+dfsg-1build1 [38.0 kB]
tauri-driver smoke · Ubuntu 24.04	Install Ubuntu deps	2026-04-20T07:19:59.5429047Z Get:187 http://azure.archive.ubuntu.com/ubuntu noble/universe amd64 libsysprof-capture-4-dev amd64 46.0-1build1 [51.0 kB]
tauri-driver smoke · Ubuntu 24.04	Install Ubuntu deps	2026-04-20T07:19:59.5478091Z Get:188 http://azure.archive.ubuntu.com/ubuntu noble-updates/universe amd64 libsoup-3.0-dev amd64 3.4.4-5ubuntu0.7 [105 kB]
tauri-driver smoke · Ubuntu 24.04	Install Ubuntu deps	2026-04-20T07:19:59.5537083Z Get:189 http://azure.archive.ubuntu.com/ubuntu noble-updates/universe amd64 libwebkit2gtk-4.1-dev amd64 2.50.4-0ubuntu0.24.04.1 [289 kB]
tauri-driver smoke · Ubuntu 24.04	Install Ubuntu deps	2026-04-20T07:19:59.5674388Z Get:190 http://azure.archive.ubuntu.com/ubuntu noble-updates/main amd64 xdg-desktop-portal amd64 1.18.4-1ubuntu2.24.04.1 [298 kB]
tauri-driver smoke · Ubuntu 24.04	Install Ubuntu deps	2026-04-20T07:19:59.5804118Z Get:191 http://azure.archive.ubuntu.com/ubuntu noble/main amd64 xdg-desktop-portal-gtk amd64 1.15.1-1build2 [80.3 kB]
tauri-driver smoke · Ubuntu 24.04	Install Ubuntu deps	2026-04-20T07:19:59.9860940Z Fetched 60.3 MB in 2s (36.3 MB/s)
tauri-driver smoke · Ubuntu 24.04	Install Ubuntu deps	2026-04-20T07:20:00.0132120Z Selecting previously unselected package bubblewrap.
tauri-driver smoke · Ubuntu 24.04	Install Ubuntu deps	2026-04-20T07:20:00.0478524Z (Reading database ... 
tauri-driver smoke · Ubuntu 24.04	Install Ubuntu deps	2026-04-20T07:20:00.0479219Z (Reading database ... 5%
tauri-driver smoke · Ubuntu 24.04	Install Ubuntu deps	2026-04-20T07:20:00.0480129Z (Reading database ... 10%
tauri-driver smoke · Ubuntu 24.04	Install Ubuntu deps	2026-04-20T07:20:00.0481317Z (Reading database ... 15%
tauri-driver smoke · Ubuntu 24.04	Install Ubuntu deps	2026-04-20T07:20:00.0482095Z (Reading database ... 20%
tauri-driver smoke · Ubuntu 24.04	Install Ubuntu deps	2026-04-20T07:20:00.0483239Z (Reading database ... 25%
tauri-driver smoke · Ubuntu 24.04	Install Ubuntu deps	2026-04-20T07:20:00.0483881Z (Reading database ... 30%
tauri-driver smoke · Ubuntu 24.04	Install Ubuntu deps	2026-04-20T07:20:00.0484979Z (Reading database ... 35%
tauri-driver smoke · Ubuntu 24.04	Install Ubuntu deps	2026-04-20T07:20:00.0485668Z (Reading database ... 40%
tauri-driver smoke · Ubuntu 24.04	Install Ubuntu deps	2026-04-20T07:20:00.0486610Z (Reading database ... 45%
tauri-driver smoke · Ubuntu 24.04	Install Ubuntu deps	2026-04-20T07:20:00.0487353Z (Reading database ... 50%
tauri-driver smoke · Ubuntu 24.04	Install Ubuntu deps	2026-04-20T07:20:00.0594593Z (Reading database ... 55%
tauri-driver smoke · Ubuntu 24.04	Install Ubuntu deps	2026-04-20T07:20:00.1458084Z (Reading database ... 60%
tauri-driver smoke · Ubuntu 24.04	Install Ubuntu deps	2026-04-20T07:20:00.3344781Z (Reading database ... 65%
tauri-driver smoke · Ubuntu 24.04	Install Ubuntu deps	2026-04-20T07:20:00.5359137Z (Reading database ... 70%
tauri-driver smoke · Ubuntu 24.04	Install Ubuntu deps	2026-04-20T07:20:00.6925251Z (Reading database ... 75%
tauri-driver smoke · Ubuntu 24.04	Install Ubuntu deps	2026-04-20T07:20:00.8842954Z (Reading database ... 80%
tauri-driver smoke · Ubuntu 24.04	Install Ubuntu deps	2026-04-20T07:20:01.0405700Z (Reading database ... 85%
tauri-driver smoke · Ubuntu 24.04	Install Ubuntu deps	2026-04-20T07:20:01.1441327Z (Reading database ... 90%
tauri-driver smoke · Ubuntu 24.04	Install Ubuntu deps	2026-04-20T07:20:01.2422476Z (Reading database ... 95%
tauri-driver smoke · Ubuntu 24.04	Install Ubuntu deps	2026-04-20T07:20:01.2423240Z (Reading database ... 100%
tauri-driver smoke · Ubuntu 24.04	Install Ubuntu deps	2026-04-20T07:20:01.2424127Z (Reading database ... 220764 files and directories currently installed.)
tauri-driver smoke · Ubuntu 24.04	Install Ubuntu deps	2026-04-20T07:20:01.2465973Z Preparing to unpack .../000-bubblewrap_0.9.0-1ubuntu0.1_amd64.deb ...
tauri-driver smoke · Ubuntu 24.04	Install Ubuntu deps	2026-04-20T07:20:01.2494598Z Unpacking bubblewrap (0.9.0-1ubuntu0.1) ...
tauri-driver smoke · Ubuntu 24.04	Install Ubuntu deps	2026-04-20T07:20:01.2828234Z Selecting previously unselected package build-essential.
tauri-driver smoke · Ubuntu 24.04	Install Ubuntu deps	2026-04-20T07:20:01.2960694Z Preparing to unpack .../001-build-essential_12.10ubuntu1_amd64.deb ...
tauri-driver smoke · Ubuntu 24.04	Install Ubuntu deps	2026-04-20T07:20:01.2973602Z Unpacking build-essential (12.10ubuntu1) ...
tauri-driver smoke · Ubuntu 24.04	Install Ubuntu deps	2026-04-20T07:20:01.3192598Z Selecting previously unselected package bzip2-doc.
tauri-driver smoke · Ubuntu 24.04	Install Ubuntu deps	2026-04-20T07:20:01.3323923Z Preparing to unpack .../002-bzip2-doc_1.0.8-5.1build0.1_all.deb ...
tauri-driver smoke · Ubuntu 24.04	Install Ubuntu deps	2026-04-20T07:20:01.3335650Z Unpacking bzip2-doc (1.0.8-5.1build0.1) ...
tauri-driver smoke · Ubuntu 24.04	Install Ubuntu deps	2026-04-20T07:20:01.3603054Z Selecting previously unselected package gir1.2-atk-1.0:amd64.
tauri-driver smoke · Ubuntu 24.04	Install Ubuntu deps	2026-04-20T07:20:01.3734440Z Preparing to unpack .../003-gir1.2-atk-1.0_2.52.0-1build1_amd64.deb ...
tauri-driver smoke · Ubuntu 24.04	Install Ubuntu deps	2026-04-20T07:20:01.3744312Z Unpacking gir1.2-atk-1.0:amd64 (2.52.0-1build1) ...
tauri-driver smoke · Ubuntu 24.04	Install Ubuntu deps	2026-04-20T07:20:01.3977422Z Selecting previously unselected package gir1.2-freedesktop:amd64.
tauri-driver smoke · Ubuntu 24.04	Install Ubuntu deps	2026-04-20T07:20:01.4109775Z Preparing to unpack .../004-gir1.2-freedesktop_1.80.1-1_amd64.deb ...
tauri-driver smoke · Ubuntu 24.04	Install Ubuntu deps	2026-04-20T07:20:01.4127034Z Unpacking gir1.2-freedesktop:amd64 (1.80.1-1) ...
tauri-driver smoke · Ubuntu 24.04	Install Ubuntu deps	2026-04-20T07:20:01.4372856Z Selecting previously unselected package gir1.2-atspi-2.0:amd64.
tauri-driver smoke · Ubuntu 24.04	Install Ubuntu deps	2026-04-20T07:20:01.4488895Z Preparing to unpack .../005-gir1.2-atspi-2.0_2.52.0-1build1_amd64.deb ...
tauri-driver smoke · Ubuntu 24.04	Install Ubuntu deps	2026-04-20T07:20:01.4505277Z Unpacking gir1.2-atspi-2.0:amd64 (2.52.0-1build1) ...
tauri-driver smoke · Ubuntu 24.04	Install Ubuntu deps	2026-04-20T07:20:01.4706820Z Selecting previously unselected package gir1.2-gdkpixbuf-2.0:amd64.
tauri-driver smoke · Ubuntu 24.04	Install Ubuntu deps	2026-04-20T07:20:01.4837776Z Preparing to unpack .../006-gir1.2-gdkpixbuf-2.0_2.42.10+dfsg-3ubuntu3.3_amd64.deb ...
tauri-driver smoke · Ubuntu 24.04	Install Ubuntu deps	2026-04-20T07:20:01.4849198Z Unpacking gir1.2-gdkpixbuf-2.0:amd64 (2.42.10+dfsg-3ubuntu3.3) ...
tauri-driver smoke · Ubuntu 24.04	Install Ubuntu deps	2026-04-20T07:20:01.5102600Z Selecting previously unselected package libharfbuzz-gobject0:amd64.
tauri-driver smoke · Ubuntu 24.04	Install Ubuntu deps	2026-04-20T07:20:01.5201904Z Preparing to unpack .../007-libharfbuzz-gobject0_8.3.0-2build2_amd64.deb ...
tauri-driver smoke · Ubuntu 24.04	Install Ubuntu deps	2026-04-20T07:20:01.5235572Z Unpacking libharfbuzz-gobject0:amd64 (8.3.0-2build2) ...
tauri-driver smoke · Ubuntu 24.04	Install Ubuntu deps	2026-04-20T07:20:01.5453261Z Selecting previously unselected package gir1.2-harfbuzz-0.0:amd64.
tauri-driver smoke · Ubuntu 24.04	Install Ubuntu deps	2026-04-20T07:20:01.5578283Z Preparing to unpack .../008-gir1.2-harfbuzz-0.0_8.3.0-2build2_amd64.deb ...
tauri-driver smoke · Ubuntu 24.04	Install Ubuntu deps	2026-04-20T07:20:01.5590312Z Unpacking gir1.2-harfbuzz-0.0:amd64 (8.3.0-2build2) ...
tauri-driver smoke · Ubuntu 24.04	Install Ubuntu deps	2026-04-20T07:20:01.5832378Z Selecting previously unselected package libpangoxft-1.0-0:amd64.
tauri-driver smoke · Ubuntu 24.04	Install Ubuntu deps	2026-04-20T07:20:01.5947299Z Preparing to unpack .../009-libpangoxft-1.0-0_1.52.1+ds-1build1_amd64.deb ...
tauri-driver smoke · Ubuntu 24.04	Install Ubuntu deps	2026-04-20T07:20:01.5972247Z Unpacking libpangoxft-1.0-0:amd64 (1.52.1+ds-1build1) ...
tauri-driver smoke · Ubuntu 24.04	Install Ubuntu deps	2026-04-20T07:20:01.6183340Z Selecting previously unselected package gir1.2-pango-1.0:amd64.
tauri-driver smoke · Ubuntu 24.04	Install Ubuntu deps	2026-04-20T07:20:01.6310731Z Preparing to unpack .../010-gir1.2-pango-1.0_1.52.1+ds-1build1_amd64.deb ...
tauri-driver smoke · Ubuntu 24.04	Install Ubuntu deps	2026-04-20T07:20:01.6321143Z Unpacking gir1.2-pango-1.0:amd64 (1.52.1+ds-1build1) ...
tauri-driver smoke · Ubuntu 24.04	Install Ubuntu deps	2026-04-20T07:20:01.6547113Z Selecting previously unselected package gir1.2-gtk-3.0:amd64.
tauri-driver smoke · Ubuntu 24.04	Install Ubuntu deps	2026-04-20T07:20:01.6673373Z Preparing to unpack .../011-gir1.2-gtk-3.0_3.24.41-4ubuntu1.3_amd64.deb ...
tauri-driver smoke · Ubuntu 24.04	Install Ubuntu deps	2026-04-20T07:20:01.6684735Z Unpacking gir1.2-gtk-3.0:amd64 (3.24.41-4ubuntu1.3) ...
tauri-driver smoke · Ubuntu 24.04	Install Ubuntu deps	2026-04-20T07:20:01.6953093Z Selecting previously unselected package libayatana-ido3-0.4-0:amd64.
tauri-driver smoke · Ubuntu 24.04	Install Ubuntu deps	2026-04-20T07:20:01.7080034Z Preparing to unpack .../012-libayatana-ido3-0.4-0_0.10.1-1build2_amd64.deb ...
tauri-driver smoke · Ubuntu 24.04	Install Ubuntu deps	2026-04-20T07:20:01.7091049Z Unpacking libayatana-ido3-0.4-0:amd64 (0.10.1-1build2) ...
tauri-driver smoke · Ubuntu 24.04	Install Ubuntu deps	2026-04-20T07:20:01.7316349Z Selecting previously unselected package libayatana-indicator3-7:amd64.
tauri-driver smoke · Ubuntu 24.04	Install Ubuntu deps	2026-04-20T07:20:01.7442847Z Preparing to unpack .../013-libayatana-indicator3-7_0.9.4-1build1_amd64.deb ...
tauri-driver smoke · Ubuntu 24.04	Install Ubuntu deps	2026-04-20T07:20:01.7453469Z Unpacking libayatana-indicator3-7:amd64 (0.9.4-1build1) ...
tauri-driver smoke · Ubuntu 24.04	Install Ubuntu deps	2026-04-20T07:20:01.7682121Z Selecting previously unselected package libayatana-appindicator3-1.
tauri-driver smoke · Ubuntu 24.04	Install Ubuntu deps	2026-04-20T07:20:01.7807955Z Preparing to unpack .../014-libayatana-appindicator3-1_0.5.93-1build3_amd64.deb ...
tauri-driver smoke · Ubuntu 24.04	Install Ubuntu deps	2026-04-20T07:20:01.7821403Z Unpacking libayatana-appindicator3-1 (0.5.93-1build3) ...
tauri-driver smoke · Ubuntu 24.04	Install Ubuntu deps	2026-04-20T07:20:01.8033220Z Selecting previously unselected package gir1.2-ayatanaappindicator3-0.1.
tauri-driver smoke · Ubuntu 24.04	Install Ubuntu deps	2026-04-20T07:20:01.8159631Z Preparing to unpack .../015-gir1.2-ayatanaappindicator3-0.1_0.5.93-1build3_amd64.deb ...
tauri-driver smoke · Ubuntu 24.04	Install Ubuntu deps	2026-04-20T07:20:01.8170444Z Unpacking gir1.2-ayatanaappindicator3-0.1 (0.5.93-1build3) ...
tauri-driver smoke · Ubuntu 24.04	Install Ubuntu deps	2026-04-20T07:20:01.8374570Z Selecting previously unselected package gir1.2-ayatanaido3-0.4:amd64.
tauri-driver smoke · Ubuntu 24.04	Install Ubuntu deps	2026-04-20T07:20:01.8502139Z Preparing to unpack .../016-gir1.2-ayatanaido3-0.4_0.10.1-1build2_amd64.deb ...
tauri-driver smoke · Ubuntu 24.04	Install Ubuntu deps	2026-04-20T07:20:01.8514746Z Unpacking gir1.2-ayatanaido3-0.4:amd64 (0.10.1-1build2) ...
tauri-driver smoke · Ubuntu 24.04	Install Ubuntu deps	2026-04-20T07:20:01.8755869Z Selecting previously unselected package gir1.2-dbusmenu-glib-0.4:amd64.
tauri-driver smoke · Ubuntu 24.04	Install Ubuntu deps	2026-04-20T07:20:01.8884030Z Preparing to unpack .../017-gir1.2-dbusmenu-glib-0.4_18.10.20180917~bzr492+repack1-3.1ubuntu5_amd64.deb ...
tauri-driver smoke · Ubuntu 24.04	Install Ubuntu deps	2026-04-20T07:20:01.8893951Z Unpacking gir1.2-dbusmenu-glib-0.4:amd64 (18.10.20180917~bzr492+repack1-3.1ubuntu5) ...
tauri-driver smoke · Ubuntu 24.04	Install Ubuntu deps	2026-04-20T07:20:01.9094752Z Selecting previously unselected package gir1.2-glib-2.0-dev:amd64.
tauri-driver smoke · Ubuntu 24.04	Install Ubuntu deps	2026-04-20T07:20:01.9221527Z Preparing to unpack .../018-gir1.2-glib-2.0-dev_2.80.0-6ubuntu3.8_amd64.deb ...
tauri-driver smoke · Ubuntu 24.04	Install Ubuntu deps	2026-04-20T07:20:01.9233752Z Unpacking gir1.2-glib-2.0-dev:amd64 (2.80.0-6ubuntu3.8) ...
tauri-driver smoke · Ubuntu 24.04	Install Ubuntu deps	2026-04-20T07:20:01.9790783Z Selecting previously unselected package gir1.2-freedesktop-dev:amd64.
tauri-driver smoke · Ubuntu 24.04	Install Ubuntu deps	2026-04-20T07:20:01.9930998Z Preparing to unpack .../019-gir1.2-freedesktop-dev_1.80.1-1_amd64.deb ...
tauri-driver smoke · Ubuntu 24.04	Install Ubuntu deps	2026-04-20T07:20:01.9942574Z Unpacking gir1.2-freedesktop-dev:amd64 (1.80.1-1) ...
tauri-driver smoke · Ubuntu 24.04	Install Ubuntu deps	2026-04-20T07:20:02.0169127Z Selecting previously unselected package gir1.2-girepository-2.0-dev:amd64.
tauri-driver smoke · Ubuntu 24.04	Install Ubuntu deps	2026-04-20T07:20:02.0308806Z Preparing to unpack .../020-gir1.2-girepository-2.0-dev_1.80.1-1_amd64.deb ...
tauri-driver smoke · Ubuntu 24.04	Install Ubuntu deps	2026-04-20T07:20:02.0319723Z Unpacking gir1.2-girepository-2.0-dev:amd64 (1.80.1-1) ...
tauri-driver smoke · Ubuntu 24.04	Install Ubuntu deps	2026-04-20T07:20:02.0547600Z Selecting previously unselected package libjavascriptcoregtk-4.1-0:amd64.
tauri-driver smoke · Ubuntu 24.04	Install Ubuntu deps	2026-04-20T07:20:02.0684715Z Preparing to unpack .../021-libjavascriptcoregtk-4.1-0_2.50.4-0ubuntu0.24.04.1_amd64.deb ...
tauri-driver smoke · Ubuntu 24.04	Install Ubuntu deps	2026-04-20T07:20:02.0703495Z Unpacking libjavascriptcoregtk-4.1-0:amd64 (2.50.4-0ubuntu0.24.04.1) ...
tauri-driver smoke · Ubuntu 24.04	Install Ubuntu deps	2026-04-20T07:20:02.2085084Z Selecting previously unselected package gir1.2-javascriptcoregtk-4.1:amd64.
tauri-driver smoke · Ubuntu 24.04	Install Ubuntu deps	2026-04-20T07:20:02.2221122Z Preparing to unpack .../022-gir1.2-javascriptcoregtk-4.1_2.50.4-0ubuntu0.24.04.1_amd64.deb ...
tauri-driver smoke · Ubuntu 24.04	Install Ubuntu deps	2026-04-20T07:20:02.2232168Z Unpacking gir1.2-javascriptcoregtk-4.1:amd64 (2.50.4-0ubuntu0.24.04.1) ...
tauri-driver smoke · Ubuntu 24.04	Install Ubuntu deps	2026-04-20T07:20:02.2482611Z Selecting previously unselected package librsvg2-2:amd64.
tauri-driver smoke · Ubuntu 24.04	Install Ubuntu deps	2026-04-20T07:20:02.2602081Z Preparing to unpack .../023-librsvg2-2_2.58.0+dfsg-1build1_amd64.deb ...
tauri-driver smoke · Ubuntu 24.04	Install Ubuntu deps	2026-04-20T07:20:02.2615426Z Unpacking librsvg2-2:amd64 (2.58.0+dfsg-1build1) ...
tauri-driver smoke · Ubuntu 24.04	Install Ubuntu deps	2026-04-20T07:20:02.3095164Z Selecting previously unselected package gir1.2-rsvg-2.0:amd64.
tauri-driver smoke · Ubuntu 24.04	Install Ubuntu deps	2026-04-20T07:20:02.3232467Z Preparing to unpack .../024-gir1.2-rsvg-2.0_2.58.0+dfsg-1build1_amd64.deb ...
tauri-driver smoke · Ubuntu 24.04	Install Ubuntu deps	2026-04-20T07:20:02.3242723Z Unpacking gir1.2-rsvg-2.0:amd64 (2.58.0+dfsg-1build1) ...
tauri-driver smoke · Ubuntu 24.04	Install Ubuntu deps	2026-04-20T07:20:02.3462738Z Selecting previously unselected package libproxy1v5:amd64.
tauri-driver smoke · Ubuntu 24.04	Install Ubuntu deps	2026-04-20T07:20:02.3597155Z Preparing to unpack .../025-libproxy1v5_0.5.4-4build1_amd64.deb ...
tauri-driver smoke · Ubuntu 24.04	Install Ubuntu deps	2026-04-20T07:20:02.3607748Z Unpacking libproxy1v5:amd64 (0.5.4-4build1) ...
tauri-driver smoke · Ubuntu 24.04	Install Ubuntu deps	2026-04-20T07:20:02.3852565Z Selecting previously unselected package glib-networking-common.
tauri-driver smoke · Ubuntu 24.04	Install Ubuntu deps	2026-04-20T07:20:02.3969888Z Preparing to unpack .../026-glib-networking-common_2.80.0-1build1_all.deb ...
tauri-driver smoke · Ubuntu 24.04	Install Ubuntu deps	2026-04-20T07:20:02.3981570Z Unpacking glib-networking-common (2.80.0-1build1) ...
tauri-driver smoke · Ubuntu 24.04	Install Ubuntu deps	2026-04-20T07:20:02.4185575Z Selecting previously unselected package glib-networking-services.
tauri-driver smoke · Ubuntu 24.04	Install Ubuntu deps	2026-04-20T07:20:02.4321187Z Preparing to unpack .../027-glib-networking-services_2.80.0-1build1_amd64.deb ...
tauri-driver smoke · Ubuntu 24.04	Install Ubuntu deps	2026-04-20T07:20:02.4334929Z Unpacking glib-networking-services (2.80.0-1build1) ...
tauri-driver smoke · Ubuntu 24.04	Install Ubuntu deps	2026-04-20T07:20:02.4559577Z Selecting previously unselected package session-migration.
tauri-driver smoke · Ubuntu 24.04	Install Ubuntu deps	2026-04-20T07:20:02.4695051Z Preparing to unpack .../028-session-migration_0.3.9build1_amd64.deb ...
tauri-driver smoke · Ubuntu 24.04	Install Ubuntu deps	2026-04-20T07:20:02.4705669Z Unpacking session-migration (0.3.9build1) ...
tauri-driver smoke · Ubuntu 24.04	Install Ubuntu deps	2026-04-20T07:20:02.4946397Z Selecting previously unselected package gsettings-desktop-schemas.
tauri-driver smoke · Ubuntu 24.04	Install Ubuntu deps	2026-04-20T07:20:02.5077843Z Preparing to unpack .../029-gsettings-desktop-schemas_46.1-0ubuntu1_all.deb ...
tauri-driver smoke · Ubuntu 24.04	Install Ubuntu deps	2026-04-20T07:20:02.5088767Z Unpacking gsettings-desktop-schemas (46.1-0ubuntu1) ...
tauri-driver smoke · Ubuntu 24.04	Install Ubuntu deps	2026-04-20T07:20:02.5493182Z Selecting previously unselected package glib-networking:amd64.
tauri-driver smoke · Ubuntu 24.04	Install Ubuntu deps	2026-04-20T07:20:02.5610169Z Preparing to unpack .../030-glib-networking_2.80.0-1build1_amd64.deb ...
tauri-driver smoke · Ubuntu 24.04	Install Ubuntu deps	2026-04-20T07:20:02.5619700Z Unpacking glib-networking:amd64 (2.80.0-1build1) ...
tauri-driver smoke · Ubuntu 24.04	Install Ubuntu deps	2026-04-20T07:20:02.5847742Z Selecting previously unselected package libsoup-3.0-common.
tauri-driver smoke · Ubuntu 24.04	Install Ubuntu deps	2026-04-20T07:20:02.5979156Z Preparing to unpack .../031-libsoup-3.0-common_3.4.4-5ubuntu0.7_all.deb ...
tauri-driver smoke · Ubuntu 24.04	Install Ubuntu deps	2026-04-20T07:20:02.5990772Z Unpacking libsoup-3.0-common (3.4.4-5ubuntu0.7) ...
tauri-driver smoke · Ubuntu 24.04	Install Ubuntu deps	2026-04-20T07:20:02.6209103Z Selecting previously unselected package libsoup-3.0-0:amd64.
tauri-driver smoke · Ubuntu 24.04	Install Ubuntu deps	2026-04-20T07:20:02.6338698Z Preparing to unpack .../032-libsoup-3.0-0_3.4.4-5ubuntu0.7_amd64.deb ...
tauri-driver smoke · Ubuntu 24.04	Install Ubuntu deps	2026-04-20T07:20:02.6350518Z Unpacking libsoup-3.0-0:amd64 (3.4.4-5ubuntu0.7) ...
tauri-driver smoke · Ubuntu 24.04	Install Ubuntu deps	2026-04-20T07:20:02.6594837Z Selecting previously unselected package gir1.2-soup-3.0:amd64.
tauri-driver smoke · Ubuntu 24.04	Install Ubuntu deps	2026-04-20T07:20:02.6724805Z Preparing to unpack .../033-gir1.2-soup-3.0_3.4.4-5ubuntu0.7_amd64.deb ...
tauri-driver smoke · Ubuntu 24.04	Install Ubuntu deps	2026-04-20T07:20:02.6735358Z Unpacking gir1.2-soup-3.0:amd64 (3.4.4-5ubuntu0.7) ...
tauri-driver smoke · Ubuntu 24.04	Install Ubuntu deps	2026-04-20T07:20:02.6969890Z Selecting previously unselected package libcdparanoia0:amd64.
tauri-driver smoke · Ubuntu 24.04	Install Ubuntu deps	2026-04-20T07:20:02.7101358Z Preparing to unpack .../034-libcdparanoia0_3.10.2+debian-14build3_amd64.deb ...
tauri-driver smoke · Ubuntu 24.04	Install Ubuntu deps	2026-04-20T07:20:02.7112333Z Unpacking libcdparanoia0:amd64 (3.10.2+debian-14build3) ...
tauri-driver smoke · Ubuntu 24.04	Install Ubuntu deps	2026-04-20T07:20:02.7346520Z Selecting previously unselected package liborc-0.4-0t64:amd64.
tauri-driver smoke · Ubuntu 24.04	Install Ubuntu deps	2026-04-20T07:20:02.7476511Z Preparing to unpack .../035-liborc-0.4-0t64_1%3a0.4.38-1ubuntu0.1_amd64.deb ...
tauri-driver smoke · Ubuntu 24.04	Install Ubuntu deps	2026-04-20T07:20:02.7488415Z Unpacking liborc-0.4-0t64:amd64 (1:0.4.38-1ubuntu0.1) ...
tauri-driver smoke · Ubuntu 24.04	Install Ubuntu deps	2026-04-20T07:20:02.7755354Z Selecting previously unselected package libgstreamer-plugins-base1.0-0:amd64.
tauri-driver smoke · Ubuntu 24.04	Install Ubuntu deps	2026-04-20T07:20:02.7884968Z Preparing to unpack .../036-libgstreamer-plugins-base1.0-0_1.24.2-1ubuntu0.4_amd64.deb ...
tauri-driver smoke · Ubuntu 24.04	Install Ubuntu deps	2026-04-20T07:20:02.7895050Z Unpacking libgstreamer-plugins-base1.0-0:amd64 (1.24.2-1ubuntu0.4) ...
tauri-driver smoke · Ubuntu 24.04	Install Ubuntu deps	2026-04-20T07:20:02.8256227Z Selecting previously unselected package libopus0:amd64.
tauri-driver smoke · Ubuntu 24.04	Install Ubuntu deps	2026-04-20T07:20:02.8388417Z Preparing to unpack .../037-libopus0_1.4-1build1_amd64.deb ...
tauri-driver smoke · Ubuntu 24.04	Install Ubuntu deps	2026-04-20T07:20:02.8400043Z Unpacking libopus0:amd64 (1.4-1build1) ...
tauri-driver smoke · Ubuntu 24.04	Install Ubuntu deps	2026-04-20T07:20:02.8634692Z Selecting previously unselected package libtheora0:amd64.
tauri-driver smoke · Ubuntu 24.04	Install Ubuntu deps	2026-04-20T07:20:02.8766824Z Preparing to unpack .../038-libtheora0_1.1.1+dfsg.1-16.1build3_amd64.deb ...
tauri-driver smoke · Ubuntu 24.04	Install Ubuntu deps	2026-04-20T07:20:02.8779994Z Unpacking libtheora0:amd64 (1.1.1+dfsg.1-16.1build3) ...
tauri-driver smoke · Ubuntu 24.04	Install Ubuntu deps	2026-04-20T07:20:02.9032692Z Selecting previously unselected package libvisual-0.4-0:amd64.
tauri-driver smoke · Ubuntu 24.04	Install Ubuntu deps	2026-04-20T07:20:02.9151025Z Preparing to unpack .../039-libvisual-0.4-0_0.4.2-2build1_amd64.deb ...
tauri-driver smoke · Ubuntu 24.04	Install Ubuntu deps	2026-04-20T07:20:02.9160082Z Unpacking libvisual-0.4-0:amd64 (0.4.2-2build1) ...
tauri-driver smoke · Ubuntu 24.04	Install Ubuntu deps	2026-04-20T07:20:02.9399811Z Selecting previously unselected package libvorbisenc2:amd64.
tauri-driver smoke · Ubuntu 24.04	Install Ubuntu deps	2026-04-20T07:20:02.9532488Z Preparing to unpack .../040-libvorbisenc2_1.3.7-1build3_amd64.deb ...
tauri-driver smoke · Ubuntu 24.04	Install Ubuntu deps	2026-04-20T07:20:02.9543031Z Unpacking libvorbisenc2:amd64 (1.3.7-1build3) ...
tauri-driver smoke · Ubuntu 24.04	Install Ubuntu deps	2026-04-20T07:20:02.9772593Z Selecting previously unselected package gstreamer1.0-plugins-base:amd64.
tauri-driver smoke · Ubuntu 24.04	Install Ubuntu deps	2026-04-20T07:20:02.9890742Z Preparing to unpack .../041-gstreamer1.0-plugins-base_1.24.2-1ubuntu0.4_amd64.deb ...
tauri-driver smoke · Ubuntu 24.04	Install Ubuntu deps	2026-04-20T07:20:02.9903321Z Unpacking gstreamer1.0-plugins-base:amd64 (1.24.2-1ubuntu0.4) ...
tauri-driver smoke · Ubuntu 24.04	Install Ubuntu deps	2026-04-20T07:20:03.0243047Z Selecting previously unselected package libaa1:amd64.
tauri-driver smoke · Ubuntu 24.04	Install Ubuntu deps	2026-04-20T07:20:03.0376699Z Preparing to unpack .../042-libaa1_1.4p5-51.1_amd64.deb ...
tauri-driver smoke · Ubuntu 24.04	Install Ubuntu deps	2026-04-20T07:20:03.0386443Z Unpacking libaa1:amd64 (1.4p5-51.1) ...
tauri-driver smoke · Ubuntu 24.04	Install Ubuntu deps	2026-04-20T07:20:03.0606839Z Selecting previously unselected package libraw1394-11:amd64.
tauri-driver smoke · Ubuntu 24.04	Install Ubuntu deps	2026-04-20T07:20:03.0738753Z Preparing to unpack .../043-libraw1394-11_2.1.2-2build3_amd64.deb ...
tauri-driver smoke · Ubuntu 24.04	Install Ubuntu deps	2026-04-20T07:20:03.0753714Z Unpacking libraw1394-11:amd64 (2.1.2-2build3) ...
tauri-driver smoke · Ubuntu 24.04	Install Ubuntu deps	2026-04-20T07:20:03.0982814Z Selecting previously unselected package libavc1394-0:amd64.
tauri-driver smoke · Ubuntu 24.04	Install Ubuntu deps	2026-04-20T07:20:03.1094598Z Preparing to unpack .../044-libavc1394-0_0.5.4-5build3_amd64.deb ...
tauri-driver smoke · Ubuntu 24.04	Install Ubuntu deps	2026-04-20T07:20:03.1102655Z Unpacking libavc1394-0:amd64 (0.5.4-5build3) ...
tauri-driver smoke · Ubuntu 24.04	Install Ubuntu deps	2026-04-20T07:20:03.1305643Z Selecting previously unselected package libcaca0:amd64.
tauri-driver smoke · Ubuntu 24.04	Install Ubuntu deps	2026-04-20T07:20:03.1435854Z Preparing to unpack .../045-libcaca0_0.99.beta20-4ubuntu0.1_amd64.deb ...
tauri-driver smoke · Ubuntu 24.04	Install Ubuntu deps	2026-04-20T07:20:03.1449052Z Unpacking libcaca0:amd64 (0.99.beta20-4ubuntu0.1) ...
tauri-driver smoke · Ubuntu 24.04	Install Ubuntu deps	2026-04-20T07:20:03.1704941Z Selecting previously unselected package libdv4t64:amd64.
tauri-driver smoke · Ubuntu 24.04	Install Ubuntu deps	2026-04-20T07:20:03.1829055Z Preparing to unpack .../046-libdv4t64_1.0.0-17.1build1_amd64.deb ...
tauri-driver smoke · Ubuntu 24.04	Install Ubuntu deps	2026-04-20T07:20:03.1843954Z Unpacking libdv4t64:amd64 (1.0.0-17.1build1) ...
tauri-driver smoke · Ubuntu 24.04	Install Ubuntu deps	2026-04-20T07:20:03.2075520Z Selecting previously unselected package libflac12t64:amd64.
tauri-driver smoke · Ubuntu 24.04	Install Ubuntu deps	2026-04-20T07:20:03.2195570Z Preparing to unpack .../047-libflac12t64_1.4.3+ds-2.1ubuntu2_amd64.deb ...
tauri-driver smoke · Ubuntu 24.04	Install Ubuntu deps	2026-04-20T07:20:03.2204488Z Unpacking libflac12t64:amd64 (1.4.3+ds-2.1ubuntu2) ...
tauri-driver smoke · Ubuntu 24.04	Install Ubuntu deps	2026-04-20T07:20:03.2430463Z Selecting previously unselected package libgstreamer-plugins-good1.0-0:amd64.
tauri-driver smoke · Ubuntu 24.04	Install Ubuntu deps	2026-04-20T07:20:03.2560063Z Preparing to unpack .../048-libgstreamer-plugins-good1.0-0_1.24.2-1ubuntu1.3_amd64.deb ...
tauri-driver smoke · Ubuntu 24.04	Install Ubuntu deps	2026-04-20T07:20:03.2574420Z Unpacking libgstreamer-plugins-good1.0-0:amd64 (1.24.2-1ubuntu1.3) ...
tauri-driver smoke · Ubuntu 24.04	Install Ubuntu deps	2026-04-20T07:20:03.2792683Z Selecting previously unselected package libiec61883-0:amd64.
tauri-driver smoke · Ubuntu 24.04	Install Ubuntu deps	2026-04-20T07:20:03.2910573Z Preparing to unpack .../049-libiec61883-0_1.2.0-6build1_amd64.deb ...
tauri-driver smoke · Ubuntu 24.04	Install Ubuntu deps	2026-04-20T07:20:03.2922622Z Unpacking libiec61883-0:amd64 (1.2.0-6build1) ...
tauri-driver smoke · Ubuntu 24.04	Install Ubuntu deps	2026-04-20T07:20:03.3131312Z Selecting previously unselected package libmp3lame0:amd64.
tauri-driver smoke · Ubuntu 24.04	Install Ubuntu deps	2026-04-20T07:20:03.3263873Z Preparing to unpack .../050-libmp3lame0_3.100-6build1_amd64.deb ...
tauri-driver smoke · Ubuntu 24.04	Install Ubuntu deps	2026-04-20T07:20:03.3272660Z Unpacking libmp3lame0:amd64 (3.100-6build1) ...
tauri-driver smoke · Ubuntu 24.04	Install Ubuntu deps	2026-04-20T07:20:03.3504180Z Selecting previously unselected package libmpg123-0t64:amd64.
tauri-driver smoke · Ubuntu 24.04	Install Ubuntu deps	2026-04-20T07:20:03.3634622Z Preparing to unpack .../051-libmpg123-0t64_1.32.5-1ubuntu1.1_amd64.deb ...
tauri-driver smoke · Ubuntu 24.04	Install Ubuntu deps	2026-04-20T07:20:03.3642697Z Unpacking libmpg123-0t64:amd64 (1.32.5-1ubuntu1.1) ...
tauri-driver smoke · Ubuntu 24.04	Install Ubuntu deps	2026-04-20T07:20:03.3869939Z Selecting previously unselected package libasyncns0:amd64.
tauri-driver smoke · Ubuntu 24.04	Install Ubuntu deps	2026-04-20T07:20:03.4000796Z Preparing to unpack .../052-libasyncns0_0.8-6build4_amd64.deb ...
tauri-driver smoke · Ubuntu 24.04	Install Ubuntu deps	2026-04-20T07:20:03.4012500Z Unpacking libasyncns0:amd64 (0.8-6build4) ...
tauri-driver smoke · Ubuntu 24.04	Install Ubuntu deps	2026-04-20T07:20:03.4213899Z Selecting previously unselected package libsndfile1:amd64.
tauri-driver smoke · Ubuntu 24.04	Install Ubuntu deps	2026-04-20T07:20:03.4344925Z Preparing to unpack .../053-libsndfile1_1.2.2-1ubuntu5.24.04.1_amd64.deb ...
tauri-driver smoke · Ubuntu 24.04	Install Ubuntu deps	2026-04-20T07:20:03.4359285Z Unpacking libsndfile1:amd64 (1.2.2-1ubuntu5.24.04.1) ...
tauri-driver smoke · Ubuntu 24.04	Install Ubuntu deps	2026-04-20T07:20:03.4614206Z Selecting previously unselected package libpulse0:amd64.
tauri-driver smoke · Ubuntu 24.04	Install Ubuntu deps	2026-04-20T07:20:03.4743898Z Preparing to unpack .../054-libpulse0_1%3a16.1+dfsg1-2ubuntu10.1_amd64.deb ...
tauri-driver smoke · Ubuntu 24.04	Install Ubuntu deps	2026-04-20T07:20:03.4816401Z Unpacking libpulse0:amd64 (1:16.1+dfsg1-2ubuntu10.1) ...
tauri-driver smoke · Ubuntu 24.04	Install Ubuntu deps	2026-04-20T07:20:03.5084180Z Selecting previously unselected package libspeex1:amd64.
tauri-driver smoke · Ubuntu 24.04	Install Ubuntu deps	2026-04-20T07:20:03.5216446Z Preparing to unpack .../055-libspeex1_1.2.1-2ubuntu2.24.04.1_amd64.deb ...
tauri-driver smoke · Ubuntu 24.04	Install Ubuntu deps	2026-04-20T07:20:03.5232332Z Unpacking libspeex1:amd64 (1.2.1-2ubuntu2.24.04.1) ...
tauri-driver smoke · Ubuntu 24.04	Install Ubuntu deps	2026-04-20T07:20:03.5462834Z Selecting previously unselected package libshout3:amd64.
tauri-driver smoke · Ubuntu 24.04	Install Ubuntu deps	2026-04-20T07:20:03.5575234Z Preparing to unpack .../056-libshout3_2.4.6-1build2_amd64.deb ...
tauri-driver smoke · Ubuntu 24.04	Install Ubuntu deps	2026-04-20T07:20:03.5583767Z Unpacking libshout3:amd64 (2.4.6-1build2) ...
tauri-driver smoke · Ubuntu 24.04	Install Ubuntu deps	2026-04-20T07:20:03.5802902Z Selecting previously unselected package libtag1v5-vanilla:amd64.
tauri-driver smoke · Ubuntu 24.04	Install Ubuntu deps	2026-04-20T07:20:03.5931359Z Preparing to unpack .../057-libtag1v5-vanilla_1.13.1-1build1_amd64.deb ...
tauri-driver smoke · Ubuntu 24.04	Install Ubuntu deps	2026-04-20T07:20:03.5940363Z Unpacking libtag1v5-vanilla:amd64 (1.13.1-1build1) ...
tauri-driver smoke · Ubuntu 24.04	Install Ubuntu deps	2026-04-20T07:20:03.6237821Z Selecting previously unselected package libtag1v5:amd64.
tauri-driver smoke · Ubuntu 24.04	Install Ubuntu deps	2026-04-20T07:20:03.6371237Z Preparing to unpack .../058-libtag1v5_1.13.1-1build1_amd64.deb ...
tauri-driver smoke · Ubuntu 24.04	Install Ubuntu deps	2026-04-20T07:20:03.6379677Z Unpacking libtag1v5:amd64 (1.13.1-1build1) ...
tauri-driver smoke · Ubuntu 24.04	Install Ubuntu deps	2026-04-20T07:20:03.6586296Z Selecting previously unselected package libtwolame0:amd64.
tauri-driver smoke · Ubuntu 24.04	Install Ubuntu deps	2026-04-20T07:20:03.6717287Z Preparing to unpack .../059-libtwolame0_0.4.0-2build3_amd64.deb ...
tauri-driver smoke · Ubuntu 24.04	Install Ubuntu deps	2026-04-20T07:20:03.6726291Z Unpacking libtwolame0:amd64 (0.4.0-2build3) ...
tauri-driver smoke · Ubuntu 24.04	Install Ubuntu deps	2026-04-20T07:20:03.6942845Z Selecting previously unselected package libv4lconvert0t64:amd64.
tauri-driver smoke · Ubuntu 24.04	Install Ubuntu deps	2026-04-20T07:20:03.7069696Z Preparing to unpack .../060-libv4lconvert0t64_1.26.1-4build3_amd64.deb ...
tauri-driver smoke · Ubuntu 24.04	Install Ubuntu deps	2026-04-20T07:20:03.7078002Z Unpacking libv4lconvert0t64:amd64 (1.26.1-4build3) ...
tauri-driver smoke · Ubuntu 24.04	Install Ubuntu deps	2026-04-20T07:20:03.7307397Z Selecting previously unselected package libv4l-0t64:amd64.
tauri-driver smoke · Ubuntu 24.04	Install Ubuntu deps	2026-04-20T07:20:03.7436228Z Preparing to unpack .../061-libv4l-0t64_1.26.1-4build3_amd64.deb ...
tauri-driver smoke · Ubuntu 24.04	Install Ubuntu deps	2026-04-20T07:20:03.7444638Z Unpacking libv4l-0t64:amd64 (1.26.1-4build3) ...
tauri-driver smoke · Ubuntu 24.04	Install Ubuntu deps	2026-04-20T07:20:03.7706774Z Selecting previously unselected package libvpx9:amd64.
tauri-driver smoke · Ubuntu 24.04	Install Ubuntu deps	2026-04-20T07:20:03.7834722Z Preparing to unpack .../062-libvpx9_1.14.0-1ubuntu2.3_amd64.deb ...
tauri-driver smoke · Ubuntu 24.04	Install Ubuntu deps	2026-04-20T07:20:03.7849086Z Unpacking libvpx9:amd64 (1.14.0-1ubuntu2.3) ...
tauri-driver smoke · Ubuntu 24.04	Install Ubuntu deps	2026-04-20T07:20:03.8201127Z Selecting previously unselected package libwavpack1:amd64.
tauri-driver smoke · Ubuntu 24.04	Install Ubuntu deps	2026-04-20T07:20:03.8330921Z Preparing to unpack .../063-libwavpack1_5.6.0-1build1_amd64.deb ...
tauri-driver smoke · Ubuntu 24.04	Install Ubuntu deps	2026-04-20T07:20:03.8338909Z Unpacking libwavpack1:amd64 (5.6.0-1build1) ...
tauri-driver smoke · Ubuntu 24.04	Install Ubuntu deps	2026-04-20T07:20:03.8553080Z Selecting previously unselected package gstreamer1.0-plugins-good:amd64.
tauri-driver smoke · Ubuntu 24.04	Install Ubuntu deps	2026-04-20T07:20:03.8674108Z Preparing to unpack .../064-gstreamer1.0-plugins-good_1.24.2-1ubuntu1.3_amd64.deb ...
tauri-driver smoke · Ubuntu 24.04	Install Ubuntu deps	2026-04-20T07:20:03.8682865Z Unpacking gstreamer1.0-plugins-good:amd64 (1.24.2-1ubuntu1.3) ...
tauri-driver smoke · Ubuntu 24.04	Install Ubuntu deps	2026-04-20T07:20:03.9301289Z Selecting previously unselected package libgles2:amd64.
tauri-driver smoke · Ubuntu 24.04	Install Ubuntu deps	2026-04-20T07:20:03.9436622Z Preparing to unpack .../065-libgles2_1.7.0-1build1_amd64.deb ...
tauri-driver smoke · Ubuntu 24.04	Install Ubuntu deps	2026-04-20T07:20:03.9445967Z Unpacking libgles2:amd64 (1.7.0-1build1) ...
tauri-driver smoke · Ubuntu 24.04	Install Ubuntu deps	2026-04-20T07:20:03.9652949Z Selecting previously unselected package xdg-dbus-proxy.
tauri-driver smoke · Ubuntu 24.04	Install Ubuntu deps	2026-04-20T07:20:03.9786408Z Preparing to unpack .../066-xdg-dbus-proxy_0.1.5-1ubuntu0.2_amd64.deb ...
tauri-driver smoke · Ubuntu 24.04	Install Ubuntu deps	2026-04-20T07:20:03.9805803Z Unpacking xdg-dbus-proxy (0.1.5-1ubuntu0.2) ...
tauri-driver smoke · Ubuntu 24.04	Install Ubuntu deps	2026-04-20T07:20:04.0052762Z Selecting previously unselected package libegl-mesa0:amd64.
tauri-driver smoke · Ubuntu 24.04	Install Ubuntu deps	2026-04-20T07:20:04.0163079Z Preparing to unpack .../067-libegl-mesa0_25.2.8-0ubuntu0.24.04.1_amd64.deb ...
tauri-driver smoke · Ubuntu 24.04	Install Ubuntu deps	2026-04-20T07:20:04.0172755Z Unpacking libegl-mesa0:amd64 (25.2.8-0ubuntu0.24.04.1) ...
tauri-driver smoke · Ubuntu 24.04	Install Ubuntu deps	2026-04-20T07:20:04.0431364Z Selecting previously unselected package libegl1:amd64.
tauri-driver smoke · Ubuntu 24.04	Install Ubuntu deps	2026-04-20T07:20:04.0565228Z Preparing to unpack .../068-libegl1_1.7.0-1build1_amd64.deb ...
tauri-driver smoke · Ubuntu 24.04	Install Ubuntu deps	2026-04-20T07:20:04.0579628Z Unpacking libegl1:amd64 (1.7.0-1build1) ...
tauri-driver smoke · Ubuntu 24.04	Install Ubuntu deps	2026-04-20T07:20:04.0797266Z Selecting previously unselected package libgstreamer-gl1.0-0:amd64.
tauri-driver smoke · Ubuntu 24.04	Install Ubuntu deps	2026-04-20T07:20:04.0930077Z Preparing to unpack .../069-libgstreamer-gl1.0-0_1.24.2-1ubuntu0.4_amd64.deb ...
tauri-driver smoke · Ubuntu 24.04	Install Ubuntu deps	2026-04-20T07:20:04.0938808Z Unpacking libgstreamer-gl1.0-0:amd64 (1.24.2-1ubuntu0.4) ...
tauri-driver smoke · Ubuntu 24.04	Install Ubuntu deps	2026-04-20T07:20:04.1182863Z Selecting previously unselected package libharfbuzz-icu0:amd64.
tauri-driver smoke · Ubuntu 24.04	Install Ubuntu deps	2026-04-20T07:20:04.1312745Z Preparing to unpack .../070-libharfbuzz-icu0_8.3.0-2build2_amd64.deb ...
tauri-driver smoke · Ubuntu 24.04	Install Ubuntu deps	2026-04-20T07:20:04.1322728Z Unpacking libharfbuzz-icu0:amd64 (8.3.0-2build2) ...
tauri-driver smoke · Ubuntu 24.04	Install Ubuntu deps	2026-04-20T07:20:04.1543603Z Selecting previously unselected package libhyphen0:amd64.
tauri-driver smoke · Ubuntu 24.04	Install Ubuntu deps	2026-04-20T07:20:04.1675448Z Preparing to unpack .../071-libhyphen0_2.8.8-7build3_amd64.deb ...
tauri-driver smoke · Ubuntu 24.04	Install Ubuntu deps	2026-04-20T07:20:04.1700124Z Unpacking libhyphen0:amd64 (2.8.8-7build3) ...
tauri-driver smoke · Ubuntu 24.04	Install Ubuntu deps	2026-04-20T07:20:04.1923211Z Selecting previously unselected package libmanette-0.2-0:amd64.
tauri-driver smoke · Ubuntu 24.04	Install Ubuntu deps	2026-04-20T07:20:04.2046477Z Preparing to unpack .../072-libmanette-0.2-0_0.2.7-1build2_amd64.deb ...
tauri-driver smoke · Ubuntu 24.04	Install Ubuntu deps	2026-04-20T07:20:04.2054773Z Unpacking libmanette-0.2-0:amd64 (0.2.7-1build2) ...
tauri-driver smoke · Ubuntu 24.04	Install Ubuntu deps	2026-04-20T07:20:04.2275051Z Selecting previously unselected package libsecret-common.
tauri-driver smoke · Ubuntu 24.04	Install Ubuntu deps	2026-04-20T07:20:04.2405514Z Preparing to unpack .../073-libsecret-common_0.21.4-1build3_all.deb ...
tauri-driver smoke · Ubuntu 24.04	Install Ubuntu deps	2026-04-20T07:20:04.2419657Z Unpacking libsecret-common (0.21.4-1build3) ...
tauri-driver smoke · Ubuntu 24.04	Install Ubuntu deps	2026-04-20T07:20:04.2617790Z Selecting previously unselected package libsecret-1-0:amd64.
tauri-driver smoke · Ubuntu 24.04	Install Ubuntu deps	2026-04-20T07:20:04.2746987Z Preparing to unpack .../074-libsecret-1-0_0.21.4-1build3_amd64.deb ...
tauri-driver smoke · Ubuntu 24.04	Install Ubuntu deps	2026-04-20T07:20:04.2757277Z Unpacking libsecret-1-0:amd64 (0.21.4-1build3) ...
tauri-driver smoke · Ubuntu 24.04	Install Ubuntu deps	2026-04-20T07:20:04.3011491Z Selecting previously unselected package libwayland-server0:amd64.
tauri-driver smoke · Ubuntu 24.04	Install Ubuntu deps	2026-04-20T07:20:04.3140398Z Preparing to unpack .../075-libwayland-server0_1.22.0-2.1build1_amd64.deb ...
tauri-driver smoke · Ubuntu 24.04	Install Ubuntu deps	2026-04-20T07:20:04.3149471Z Unpacking libwayland-server0:amd64 (1.22.0-2.1build1) ...
tauri-driver smoke · Ubuntu 24.04	Install Ubuntu deps	2026-04-20T07:20:04.3372912Z Selecting previously unselected package libwoff1:amd64.
tauri-driver smoke · Ubuntu 24.04	Install Ubuntu deps	2026-04-20T07:20:04.3490623Z Preparing to unpack .../076-libwoff1_1.0.2-2build1_amd64.deb ...
tauri-driver smoke · Ubuntu 24.04	Install Ubuntu deps	2026-04-20T07:20:04.3500155Z Unpacking libwoff1:amd64 (1.0.2-2build1) ...
tauri-driver smoke · Ubuntu 24.04	Install Ubuntu deps	2026-04-20T07:20:04.3730988Z Selecting previously unselected package libwebkit2gtk-4.1-0:amd64.
tauri-driver smoke · Ubuntu 24.04	Install Ubuntu deps	2026-04-20T07:20:04.3862011Z Preparing to unpack .../077-libwebkit2gtk-4.1-0_2.50.4-0ubuntu0.24.04.1_amd64.deb ...
tauri-driver smoke · Ubuntu 24.04	Install Ubuntu deps	2026-04-20T07:20:04.3898295Z Unpacking libwebkit2gtk-4.1-0:amd64 (2.50.4-0ubuntu0.24.04.1) ...
tauri-driver smoke · Ubuntu 24.04	Install Ubuntu deps	2026-04-20T07:20:04.8499323Z Selecting previously unselected package gir1.2-webkit2-4.1:amd64.
tauri-driver smoke · Ubuntu 24.04	Install Ubuntu deps	2026-04-20T07:20:04.8641447Z Preparing to unpack .../078-gir1.2-webkit2-4.1_2.50.4-0ubuntu0.24.04.1_amd64.deb ...
tauri-driver smoke · Ubuntu 24.04	Install Ubuntu deps	2026-04-20T07:20:04.8659323Z Unpacking gir1.2-webkit2-4.1:amd64 (2.50.4-0ubuntu0.24.04.1) ...
tauri-driver smoke · Ubuntu 24.04	Install Ubuntu deps	2026-04-20T07:20:04.8888239Z Selecting previously unselected package python3-mako.
tauri-driver smoke · Ubuntu 24.04	Install Ubuntu deps	2026-04-20T07:20:04.9023520Z Preparing to unpack .../079-python3-mako_1.3.2-1_all.deb ...
tauri-driver smoke · Ubuntu 24.04	Install Ubuntu deps	2026-04-20T07:20:04.9031794Z Unpacking python3-mako (1.3.2-1) ...
tauri-driver smoke · Ubuntu 24.04	Install Ubuntu deps	2026-04-20T07:20:04.9342946Z Selecting previously unselected package python3-markdown.
tauri-driver smoke · Ubuntu 24.04	Install Ubuntu deps	2026-04-20T07:20:04.9477652Z Preparing to unpack .../080-python3-markdown_3.5.2-1_all.deb ...
tauri-driver smoke · Ubuntu 24.04	Install Ubuntu deps	2026-04-20T07:20:04.9491383Z Unpacking python3-markdown (3.5.2-1) ...
tauri-driver smoke · Ubuntu 24.04	Install Ubuntu deps	2026-04-20T07:20:04.9794091Z Selecting previously unselected package gobject-introspection-bin.
tauri-driver smoke · Ubuntu 24.04	Install Ubuntu deps	2026-04-20T07:20:04.9931492Z Preparing to unpack .../081-gobject-introspection-bin_1.80.1-1_amd64.deb ...
tauri-driver smoke · Ubuntu 24.04	Install Ubuntu deps	2026-04-20T07:20:04.9941716Z Unpacking gobject-introspection-bin (1.80.1-1) ...
tauri-driver smoke · Ubuntu 24.04	Install Ubuntu deps	2026-04-20T07:20:05.0692649Z Selecting previously unselected package libglib2.0-dev-bin.
tauri-driver smoke · Ubuntu 24.04	Install Ubuntu deps	2026-04-20T07:20:05.0813935Z Preparing to unpack .../082-libglib2.0-dev-bin_2.80.0-6ubuntu3.8_amd64.deb ...
tauri-driver smoke · Ubuntu 24.04	Install Ubuntu deps	2026-04-20T07:20:05.0821077Z Unpacking libglib2.0-dev-bin (2.80.0-6ubuntu3.8) ...
tauri-driver smoke · Ubuntu 24.04	Install Ubuntu deps	2026-04-20T07:20:05.1204627Z Selecting previously unselected package uuid-dev:amd64.
tauri-driver smoke · Ubuntu 24.04	Install Ubuntu deps	2026-04-20T07:20:05.1341831Z Preparing to unpack .../083-uuid-dev_2.39.3-9ubuntu6.5_amd64.deb ...
tauri-driver smoke · Ubuntu 24.04	Install Ubuntu deps	2026-04-20T07:20:05.1350014Z Unpacking uuid-dev:amd64 (2.39.3-9ubuntu6.5) ...
tauri-driver smoke · Ubuntu 24.04	Install Ubuntu deps	2026-04-20T07:20:05.1632917Z Selecting previously unselected package libblkid-dev:amd64.
tauri-driver smoke · Ubuntu 24.04	Install Ubuntu deps	2026-04-20T07:20:05.1763199Z Preparing to unpack .../084-libblkid-dev_2.39.3-9ubuntu6.5_amd64.deb ...
tauri-driver smoke · Ubuntu 24.04	Install Ubuntu deps	2026-04-20T07:20:05.1772140Z Unpacking libblkid-dev:amd64 (2.39.3-9ubuntu6.5) ...
tauri-driver smoke · Ubuntu 24.04	Install Ubuntu deps	2026-04-20T07:20:05.2023110Z Selecting previously unselected package libsepol-dev:amd64.
tauri-driver smoke · Ubuntu 24.04	Install Ubuntu deps	2026-04-20T07:20:05.2161054Z Preparing to unpack .../085-libsepol-dev_3.5-2build1_amd64.deb ...
tauri-driver smoke · Ubuntu 24.04	Install Ubuntu deps	2026-04-20T07:20:05.2166143Z Unpacking libsepol-dev:amd64 (3.5-2build1) ...
tauri-driver smoke · Ubuntu 24.04	Install Ubuntu deps	2026-04-20T07:20:05.2493946Z Selecting previously unselected package libselinux1-dev:amd64.
tauri-driver smoke · Ubuntu 24.04	Install Ubuntu deps	2026-04-20T07:20:05.2629577Z Preparing to unpack .../086-libselinux1-dev_3.5-2ubuntu2.1_amd64.deb ...
tauri-driver smoke · Ubuntu 24.04	Install Ubuntu deps	2026-04-20T07:20:05.2639060Z Unpacking libselinux1-dev:amd64 (3.5-2ubuntu2.1) ...
tauri-driver smoke · Ubuntu 24.04	Install Ubuntu deps	2026-04-20T07:20:05.3089774Z Selecting previously unselected package libmount-dev:amd64.
tauri-driver smoke · Ubuntu 24.04	Install Ubuntu deps	2026-04-20T07:20:05.3224950Z Preparing to unpack .../087-libmount-dev_2.39.3-9ubuntu6.5_amd64.deb ...
tauri-driver smoke · Ubuntu 24.04	Install Ubuntu deps	2026-04-20T07:20:05.3232669Z Unpacking libmount-dev:amd64 (2.39.3-9ubuntu6.5) ...
tauri-driver smoke · Ubuntu 24.04	Install Ubuntu deps	2026-04-20T07:20:05.3445713Z Selecting previously unselected package libgirepository-2.0-0:amd64.
tauri-driver smoke · Ubuntu 24.04	Install Ubuntu deps	2026-04-20T07:20:05.3580420Z Preparing to unpack .../088-libgirepository-2.0-0_2.80.0-6ubuntu3.8_amd64.deb ...
tauri-driver smoke · Ubuntu 24.04	Install Ubuntu deps	2026-04-20T07:20:05.3589061Z Unpacking libgirepository-2.0-0:amd64 (2.80.0-6ubuntu3.8) ...
tauri-driver smoke · Ubuntu 24.04	Install Ubuntu deps	2026-04-20T07:20:05.3822961Z Selecting previously unselected package libglib2.0-dev:amd64.
tauri-driver smoke · Ubuntu 24.04	Install Ubuntu deps	2026-04-20T07:20:05.3938074Z Preparing to unpack .../089-libglib2.0-dev_2.80.0-6ubuntu3.8_amd64.deb ...
tauri-driver smoke · Ubuntu 24.04	Install Ubuntu deps	2026-04-20T07:20:05.3947198Z Unpacking libglib2.0-dev:amd64 (2.80.0-6ubuntu3.8) ...
tauri-driver smoke · Ubuntu 24.04	Install Ubuntu deps	2026-04-20T07:20:05.5077156Z Selecting previously unselected package gobject-introspection:amd64.
tauri-driver smoke · Ubuntu 24.04	Install Ubuntu deps	2026-04-20T07:20:05.5214730Z Preparing to unpack .../090-gobject-introspection_1.80.1-1_amd64.deb ...
tauri-driver smoke · Ubuntu 24.04	Install Ubuntu deps	2026-04-20T07:20:05.5222485Z Unpacking gobject-introspection:amd64 (1.80.1-1) ...
tauri-driver smoke · Ubuntu 24.04	Install Ubuntu deps	2026-04-20T07:20:05.5532968Z Selecting previously unselected package libgraphene-1.0-0:amd64.
tauri-driver smoke · Ubuntu 24.04	Install Ubuntu deps	2026-04-20T07:20:05.5652948Z Preparing to unpack .../091-libgraphene-1.0-0_1.10.8-3build2_amd64.deb ...
tauri-driver smoke · Ubuntu 24.04	Install Ubuntu deps	2026-04-20T07:20:05.5662621Z Unpacking libgraphene-1.0-0:amd64 (1.10.8-3build2) ...
tauri-driver smoke · Ubuntu 24.04	Install Ubuntu deps	2026-04-20T07:20:05.5882632Z Selecting previously unselected package gstreamer1.0-gl:amd64.
tauri-driver smoke · Ubuntu 24.04	Install Ubuntu deps	2026-04-20T07:20:05.5998689Z Preparing to unpack .../092-gstreamer1.0-gl_1.24.2-1ubuntu0.4_amd64.deb ...
tauri-driver smoke · Ubuntu 24.04	Install Ubuntu deps	2026-04-20T07:20:05.6006096Z Unpacking gstreamer1.0-gl:amd64 (1.24.2-1ubuntu0.4) ...
tauri-driver smoke · Ubuntu 24.04	Install Ubuntu deps	2026-04-20T07:20:05.6242578Z Selecting previously unselected package libxv1:amd64.
tauri-driver smoke · Ubuntu 24.04	Install Ubuntu deps	2026-04-20T07:20:05.6363873Z Preparing to unpack .../093-libxv1_2%3a1.0.11-1.1build1_amd64.deb ...
tauri-driver smoke · Ubuntu 24.04	Install Ubuntu deps	2026-04-20T07:20:05.6373573Z Unpacking libxv1:amd64 (2:1.0.11-1.1build1) ...
tauri-driver smoke · Ubuntu 24.04	Install Ubuntu deps	2026-04-20T07:20:05.6569143Z Selecting previously unselected package gstreamer1.0-x:amd64.
tauri-driver smoke · Ubuntu 24.04	Install Ubuntu deps	2026-04-20T07:20:05.6702329Z Preparing to unpack .../094-gstreamer1.0-x_1.24.2-1ubuntu0.4_amd64.deb ...
tauri-driver smoke · Ubuntu 24.04	Install Ubuntu deps	2026-04-20T07:20:05.6711079Z Unpacking gstreamer1.0-x:amd64 (1.24.2-1ubuntu0.4) ...
tauri-driver smoke · Ubuntu 24.04	Install Ubuntu deps	2026-04-20T07:20:05.6942643Z Selecting previously unselected package libatk1.0-dev:amd64.
tauri-driver smoke · Ubuntu 24.04	Install Ubuntu deps	2026-04-20T07:20:05.7063765Z Preparing to unpack .../095-libatk1.0-dev_2.52.0-1build1_amd64.deb ...
tauri-driver smoke · Ubuntu 24.04	Install Ubuntu deps	2026-04-20T07:20:05.7073037Z Unpacking libatk1.0-dev:amd64 (2.52.0-1build1) ...
tauri-driver smoke · Ubuntu 24.04	Install Ubuntu deps	2026-04-20T07:20:05.7380377Z Selecting previously unselected package libdbus-1-dev:amd64.
tauri-driver smoke · Ubuntu 24.04	Install Ubuntu deps	2026-04-20T07:20:05.7512567Z Preparing to unpack .../096-libdbus-1-dev_1.14.10-4ubuntu4.1_amd64.deb ...
tauri-driver smoke · Ubuntu 24.04	Install Ubuntu deps	2026-04-20T07:20:05.7522706Z Unpacking libdbus-1-dev:amd64 (1.14.10-4ubuntu4.1) ...
tauri-driver smoke · Ubuntu 24.04	Install Ubuntu deps	2026-04-20T07:20:05.7821043Z Selecting previously unselected package xorg-sgml-doctools.
tauri-driver smoke · Ubuntu 24.04	Install Ubuntu deps	2026-04-20T07:20:05.7955059Z Preparing to unpack .../097-xorg-sgml-doctools_1%3a1.11-1.1_all.deb ...
tauri-driver smoke · Ubuntu 24.04	Install Ubuntu deps	2026-04-20T07:20:05.7969449Z Unpacking xorg-sgml-doctools (1:1.11-1.1) ...
tauri-driver smoke · Ubuntu 24.04	Install Ubuntu deps	2026-04-20T07:20:05.8222437Z Selecting previously unselected package x11proto-dev.
tauri-driver smoke · Ubuntu 24.04	Install Ubuntu deps	2026-04-20T07:20:05.8340018Z Preparing to unpack .../098-x11proto-dev_2023.2-1_all.deb ...
tauri-driver smoke · Ubuntu 24.04	Install Ubuntu deps	2026-04-20T07:20:05.8353524Z Unpacking x11proto-dev (2023.2-1) ...
tauri-driver smoke · Ubuntu 24.04	Install Ubuntu deps	2026-04-20T07:20:05.8942710Z Selecting previously unselected package libxau-dev:amd64.
tauri-driver smoke · Ubuntu 24.04	Install Ubuntu deps	2026-04-20T07:20:05.9032524Z Preparing to unpack .../099-libxau-dev_1%3a1.0.9-1build6_amd64.deb ...
tauri-driver smoke · Ubuntu 24.04	Install Ubuntu deps	2026-04-20T07:20:05.9045971Z Unpacking libxau-dev:amd64 (1:1.0.9-1build6) ...
tauri-driver smoke · Ubuntu 24.04	Install Ubuntu deps	2026-04-20T07:20:05.9292454Z Selecting previously unselected package libxdmcp-dev:amd64.
tauri-driver smoke · Ubuntu 24.04	Install Ubuntu deps	2026-04-20T07:20:05.9387761Z Preparing to unpack .../100-libxdmcp-dev_1%3a1.1.3-0ubuntu6_amd64.deb ...
tauri-driver smoke · Ubuntu 24.04	Install Ubuntu deps	2026-04-20T07:20:05.9401154Z Unpacking libxdmcp-dev:amd64 (1:1.1.3-0ubuntu6) ...
tauri-driver smoke · Ubuntu 24.04	Install Ubuntu deps	2026-04-20T07:20:05.9642938Z Selecting previously unselected package xtrans-dev.
tauri-driver smoke · Ubuntu 24.04	Install Ubuntu deps	2026-04-20T07:20:05.9727952Z Preparing to unpack .../101-xtrans-dev_1.4.0-1_all.deb ...
tauri-driver smoke · Ubuntu 24.04	Install Ubuntu deps	2026-04-20T07:20:05.9740893Z Unpacking xtrans-dev (1.4.0-1) ...
tauri-driver smoke · Ubuntu 24.04	Install Ubuntu deps	2026-04-20T07:20:06.0035443Z Selecting previously unselected package libpthread-stubs0-dev:amd64.
tauri-driver smoke · Ubuntu 24.04	Install Ubuntu deps	2026-04-20T07:20:06.0139961Z Preparing to unpack .../102-libpthread-stubs0-dev_0.4-1build3_amd64.deb ...
tauri-driver smoke · Ubuntu 24.04	Install Ubuntu deps	2026-04-20T07:20:06.0146815Z Unpacking libpthread-stubs0-dev:amd64 (0.4-1build3) ...
tauri-driver smoke · Ubuntu 24.04	Install Ubuntu deps	2026-04-20T07:20:06.0337079Z Selecting previously unselected package libxcb1-dev:amd64.
tauri-driver smoke · Ubuntu 24.04	Install Ubuntu deps	2026-04-20T07:20:06.0471977Z Preparing to unpack .../103-libxcb1-dev_1.15-1ubuntu2_amd64.deb ...
tauri-driver smoke · Ubuntu 24.04	Install Ubuntu deps	2026-04-20T07:20:06.0486224Z Unpacking libxcb1-dev:amd64 (1.15-1ubuntu2) ...
tauri-driver smoke · Ubuntu 24.04	Install Ubuntu deps	2026-04-20T07:20:06.0712510Z Selecting previously unselected package libx11-dev:amd64.
tauri-driver smoke · Ubuntu 24.04	Install Ubuntu deps	2026-04-20T07:20:06.0845544Z Preparing to unpack .../104-libx11-dev_2%3a1.8.7-1build1_amd64.deb ...
tauri-driver smoke · Ubuntu 24.04	Install Ubuntu deps	2026-04-20T07:20:06.0859605Z Unpacking libx11-dev:amd64 (2:1.8.7-1build1) ...
tauri-driver smoke · Ubuntu 24.04	Install Ubuntu deps	2026-04-20T07:20:06.1202443Z Selecting previously unselected package libxext-dev:amd64.
tauri-driver smoke · Ubuntu 24.04	Install Ubuntu deps	2026-04-20T07:20:06.1297927Z Preparing to unpack .../105-libxext-dev_2%3a1.3.4-1build2_amd64.deb ...
tauri-driver smoke · Ubuntu 24.04	Install Ubuntu deps	2026-04-20T07:20:06.1309801Z Unpacking libxext-dev:amd64 (2:1.3.4-1build2) ...
tauri-driver smoke · Ubuntu 24.04	Install Ubuntu deps	2026-04-20T07:20:06.1632619Z Selecting previously unselected package libxfixes-dev:amd64.
tauri-driver smoke · Ubuntu 24.04	Install Ubuntu deps	2026-04-20T07:20:06.1744082Z Preparing to unpack .../106-libxfixes-dev_1%3a6.0.0-2build1_amd64.deb ...
tauri-driver smoke · Ubuntu 24.04	Install Ubuntu deps	2026-04-20T07:20:06.1751129Z Unpacking libxfixes-dev:amd64 (1:6.0.0-2build1) ...
tauri-driver smoke · Ubuntu 24.04	Install Ubuntu deps	2026-04-20T07:20:06.1962536Z Selecting previously unselected package libxi-dev:amd64.
tauri-driver smoke · Ubuntu 24.04	Install Ubuntu deps	2026-04-20T07:20:06.2078733Z Preparing to unpack .../107-libxi-dev_2%3a1.8.1-1build1_amd64.deb ...
tauri-driver smoke · Ubuntu 24.04	Install Ubuntu deps	2026-04-20T07:20:06.2085877Z Unpacking libxi-dev:amd64 (2:1.8.1-1build1) ...
tauri-driver smoke · Ubuntu 24.04	Install Ubuntu deps	2026-04-20T07:20:06.2422741Z Selecting previously unselected package libxtst-dev:amd64.
tauri-driver smoke · Ubuntu 24.04	Install Ubuntu deps	2026-04-20T07:20:06.2543754Z Preparing to unpack .../108-libxtst-dev_2%3a1.2.3-1.1build1_amd64.deb ...
tauri-driver smoke · Ubuntu 24.04	Install Ubuntu deps	2026-04-20T07:20:06.2549629Z Unpacking libxtst-dev:amd64 (2:1.2.3-1.1build1) ...
tauri-driver smoke · Ubuntu 24.04	Install Ubuntu deps	2026-04-20T07:20:06.2757521Z Selecting previously unselected package libatspi2.0-dev:amd64.
tauri-driver smoke · Ubuntu 24.04	Install Ubuntu deps	2026-04-20T07:20:06.2886550Z Preparing to unpack .../109-libatspi2.0-dev_2.52.0-1build1_amd64.deb ...
tauri-driver smoke · Ubuntu 24.04	Install Ubuntu deps	2026-04-20T07:20:06.2894956Z Unpacking libatspi2.0-dev:amd64 (2.52.0-1build1) ...
tauri-driver smoke · Ubuntu 24.04	Install Ubuntu deps	2026-04-20T07:20:06.3164402Z Selecting previously unselected package libatk-bridge2.0-dev:amd64.
tauri-driver smoke · Ubuntu 24.04	Install Ubuntu deps	2026-04-20T07:20:06.3293234Z Preparing to unpack .../110-libatk-bridge2.0-dev_2.52.0-1build1_amd64.deb ...
tauri-driver smoke · Ubuntu 24.04	Install Ubuntu deps	2026-04-20T07:20:06.3301690Z Unpacking libatk-bridge2.0-dev:amd64 (2.52.0-1build1) ...
tauri-driver smoke · Ubuntu 24.04	Install Ubuntu deps	2026-04-20T07:20:06.3518632Z Selecting previously unselected package libcairo-script-interpreter2:amd64.
tauri-driver smoke · Ubuntu 24.04	Install Ubuntu deps	2026-04-20T07:20:06.3646644Z Preparing to unpack .../111-libcairo-script-interpreter2_1.18.0-3build1_amd64.deb ...
tauri-driver smoke · Ubuntu 24.04	Install Ubuntu deps	2026-04-20T07:20:06.3654580Z Unpacking libcairo-script-interpreter2:amd64 (1.18.0-3build1) ...
tauri-driver smoke · Ubuntu 24.04	Install Ubuntu deps	2026-04-20T07:20:06.3853813Z Selecting previously unselected package libbrotli-dev:amd64.
tauri-driver smoke · Ubuntu 24.04	Install Ubuntu deps	2026-04-20T07:20:06.3985296Z Preparing to unpack .../112-libbrotli-dev_1.1.0-2build2_amd64.deb ...
tauri-driver smoke · Ubuntu 24.04	Install Ubuntu deps	2026-04-20T07:20:06.3998262Z Unpacking libbrotli-dev:amd64 (1.1.0-2build2) ...
tauri-driver smoke · Ubuntu 24.04	Install Ubuntu deps	2026-04-20T07:20:06.4250105Z Selecting previously unselected package libbz2-dev:amd64.
tauri-driver smoke · Ubuntu 24.04	Install Ubuntu deps	2026-04-20T07:20:06.4383080Z Preparing to unpack .../113-libbz2-dev_1.0.8-5.1build0.1_amd64.deb ...
tauri-driver smoke · Ubuntu 24.04	Install Ubuntu deps	2026-04-20T07:20:06.4390999Z Unpacking libbz2-dev:amd64 (1.0.8-5.1build0.1) ...
tauri-driver smoke · Ubuntu 24.04	Install Ubuntu deps	2026-04-20T07:20:06.4587566Z Selecting previously unselected package libpng-dev:amd64.
tauri-driver smoke · Ubuntu 24.04	Install Ubuntu deps	2026-04-20T07:20:06.4719246Z Preparing to unpack .../114-libpng-dev_1.6.43-5ubuntu0.5_amd64.deb ...
tauri-driver smoke · Ubuntu 24.04	Install Ubuntu deps	2026-04-20T07:20:06.4727002Z Unpacking libpng-dev:amd64 (1.6.43-5ubuntu0.5) ...
tauri-driver smoke · Ubuntu 24.04	Install Ubuntu deps	2026-04-20T07:20:06.5042341Z Selecting previously unselected package libfreetype-dev:amd64.
tauri-driver smoke · Ubuntu 24.04	Install Ubuntu deps	2026-04-20T07:20:06.5161579Z Preparing to unpack .../115-libfreetype-dev_2.13.2+dfsg-1ubuntu0.1_amd64.deb ...
tauri-driver smoke · Ubuntu 24.04	Install Ubuntu deps	2026-04-20T07:20:06.5174931Z Unpacking libfreetype-dev:amd64 (2.13.2+dfsg-1ubuntu0.1) ...
tauri-driver smoke · Ubuntu 24.04	Install Ubuntu deps	2026-04-20T07:20:06.5534004Z Selecting previously unselected package libfontconfig-dev:amd64.
tauri-driver smoke · Ubuntu 24.04	Install Ubuntu deps	2026-04-20T07:20:06.5666258Z Preparing to unpack .../116-libfontconfig-dev_2.15.0-1.1ubuntu2_amd64.deb ...
tauri-driver smoke · Ubuntu 24.04	Install Ubuntu deps	2026-04-20T07:20:06.5682147Z Unpacking libfontconfig-dev:amd64 (2.15.0-1.1ubuntu2) ...
tauri-driver smoke · Ubuntu 24.04	Install Ubuntu deps	2026-04-20T07:20:06.5905693Z Selecting previously unselected package libpixman-1-dev:amd64.
tauri-driver smoke · Ubuntu 24.04	Install Ubuntu deps	2026-04-20T07:20:06.6033738Z Preparing to unpack .../117-libpixman-1-dev_0.42.2-1build1_amd64.deb ...
tauri-driver smoke · Ubuntu 24.04	Install Ubuntu deps	2026-04-20T07:20:06.6042468Z Unpacking libpixman-1-dev:amd64 (0.42.2-1build1) ...
tauri-driver smoke · Ubuntu 24.04	Install Ubuntu deps	2026-04-20T07:20:06.6284553Z Selecting previously unselected package libice-dev:amd64.
tauri-driver smoke · Ubuntu 24.04	Install Ubuntu deps	2026-04-20T07:20:06.6412355Z Preparing to unpack .../118-libice-dev_2%3a1.0.10-1build3_amd64.deb ...
tauri-driver smoke · Ubuntu 24.04	Install Ubuntu deps	2026-04-20T07:20:06.6420147Z Unpacking libice-dev:amd64 (2:1.0.10-1build3) ...
tauri-driver smoke · Ubuntu 24.04	Install Ubuntu deps	2026-04-20T07:20:06.6639212Z Selecting previously unselected package libsm-dev:amd64.
tauri-driver smoke · Ubuntu 24.04	Install Ubuntu deps	2026-04-20T07:20:06.6767471Z Preparing to unpack .../119-libsm-dev_2%3a1.2.3-1build3_amd64.deb ...
tauri-driver smoke · Ubuntu 24.04	Install Ubuntu deps	2026-04-20T07:20:06.6777671Z Unpacking libsm-dev:amd64 (2:1.2.3-1build3) ...
tauri-driver smoke · Ubuntu 24.04	Install Ubuntu deps	2026-04-20T07:20:06.6993047Z Selecting previously unselected package libxcb-render0-dev:amd64.
tauri-driver smoke · Ubuntu 24.04	Install Ubuntu deps	2026-04-20T07:20:06.7104505Z Preparing to unpack .../120-libxcb-render0-dev_1.15-1ubuntu2_amd64.deb ...
tauri-driver smoke · Ubuntu 24.04	Install Ubuntu deps	2026-04-20T07:20:06.7122035Z Unpacking libxcb-render0-dev:amd64 (1.15-1ubuntu2) ...
tauri-driver smoke · Ubuntu 24.04	Install Ubuntu deps	2026-04-20T07:20:06.7342695Z Selecting previously unselected package libxcb-shm0-dev:amd64.
tauri-driver smoke · Ubuntu 24.04	Install Ubuntu deps	2026-04-20T07:20:06.7453690Z Preparing to unpack .../121-libxcb-shm0-dev_1.15-1ubuntu2_amd64.deb ...
tauri-driver smoke · Ubuntu 24.04	Install Ubuntu deps	2026-04-20T07:20:06.7460915Z Unpacking libxcb-shm0-dev:amd64 (1.15-1ubuntu2) ...
tauri-driver smoke · Ubuntu 24.04	Install Ubuntu deps	2026-04-20T07:20:06.7672889Z Selecting previously unselected package libxrender-dev:amd64.
tauri-driver smoke · Ubuntu 24.04	Install Ubuntu deps	2026-04-20T07:20:06.7792601Z Preparing to unpack .../122-libxrender-dev_1%3a0.9.10-1.1build1_amd64.deb ...
tauri-driver smoke · Ubuntu 24.04	Install Ubuntu deps	2026-04-20T07:20:06.7800486Z Unpacking libxrender-dev:amd64 (1:0.9.10-1.1build1) ...
tauri-driver smoke · Ubuntu 24.04	Install Ubuntu deps	2026-04-20T07:20:06.8022637Z Selecting previously unselected package libcairo2-dev:amd64.
tauri-driver smoke · Ubuntu 24.04	Install Ubuntu deps	2026-04-20T07:20:06.8140123Z Preparing to unpack .../123-libcairo2-dev_1.18.0-3build1_amd64.deb ...
tauri-driver smoke · Ubuntu 24.04	Install Ubuntu deps	2026-04-20T07:20:06.8147511Z Unpacking libcairo2-dev:amd64 (1.18.0-3build1) ...
tauri-driver smoke · Ubuntu 24.04	Install Ubuntu deps	2026-04-20T07:20:06.8411013Z Selecting previously unselected package libglx-dev:amd64.
tauri-driver smoke · Ubuntu 24.04	Install Ubuntu deps	2026-04-20T07:20:06.8540382Z Preparing to unpack .../124-libglx-dev_1.7.0-1build1_amd64.deb ...
tauri-driver smoke · Ubuntu 24.04	Install Ubuntu deps	2026-04-20T07:20:06.8548654Z Unpacking libglx-dev:amd64 (1.7.0-1build1) ...
tauri-driver smoke · Ubuntu 24.04	Install Ubuntu deps	2026-04-20T07:20:06.8754226Z Selecting previously unselected package libgl-dev:amd64.
tauri-driver smoke · Ubuntu 24.04	Install Ubuntu deps	2026-04-20T07:20:06.8884872Z Preparing to unpack .../125-libgl-dev_1.7.0-1build1_amd64.deb ...
tauri-driver smoke · Ubuntu 24.04	Install Ubuntu deps	2026-04-20T07:20:06.8893691Z Unpacking libgl-dev:amd64 (1.7.0-1build1) ...
tauri-driver smoke · Ubuntu 24.04	Install Ubuntu deps	2026-04-20T07:20:06.9136657Z Selecting previously unselected package libegl-dev:amd64.
tauri-driver smoke · Ubuntu 24.04	Install Ubuntu deps	2026-04-20T07:20:06.9267134Z Preparing to unpack .../126-libegl-dev_1.7.0-1build1_amd64.deb ...
tauri-driver smoke · Ubuntu 24.04	Install Ubuntu deps	2026-04-20T07:20:06.9275430Z Unpacking libegl-dev:amd64 (1.7.0-1build1) ...
tauri-driver smoke · Ubuntu 24.04	Install Ubuntu deps	2026-04-20T07:20:06.9493344Z Selecting previously unselected package libglvnd-core-dev:amd64.
tauri-driver smoke · Ubuntu 24.04	Install Ubuntu deps	2026-04-20T07:20:06.9623926Z Preparing to unpack .../127-libglvnd-core-dev_1.7.0-1build1_amd64.deb ...
tauri-driver smoke · Ubuntu 24.04	Install Ubuntu deps	2026-04-20T07:20:06.9634934Z Unpacking libglvnd-core-dev:amd64 (1.7.0-1build1) ...
tauri-driver smoke · Ubuntu 24.04	Install Ubuntu deps	2026-04-20T07:20:06.9854375Z Selecting previously unselected package libgles1:amd64.
tauri-driver smoke · Ubuntu 24.04	Install Ubuntu deps	2026-04-20T07:20:06.9985518Z Preparing to unpack .../128-libgles1_1.7.0-1build1_amd64.deb ...
tauri-driver smoke · Ubuntu 24.04	Install Ubuntu deps	2026-04-20T07:20:06.9993386Z Unpacking libgles1:amd64 (1.7.0-1build1) ...
tauri-driver smoke · Ubuntu 24.04	Install Ubuntu deps	2026-04-20T07:20:07.0196753Z Selecting previously unselected package libgles-dev:amd64.
tauri-driver smoke · Ubuntu 24.04	Install Ubuntu deps	2026-04-20T07:20:07.0326048Z Preparing to unpack .../129-libgles-dev_1.7.0-1build1_amd64.deb ...
tauri-driver smoke · Ubuntu 24.04	Install Ubuntu deps	2026-04-20T07:20:07.0333818Z Unpacking libgles-dev:amd64 (1.7.0-1build1) ...
tauri-driver smoke · Ubuntu 24.04	Install Ubuntu deps	2026-04-20T07:20:07.0616831Z Selecting previously unselected package libopengl0:amd64.
tauri-driver smoke · Ubuntu 24.04	Install Ubuntu deps	2026-04-20T07:20:07.0750702Z Preparing to unpack .../130-libopengl0_1.7.0-1build1_amd64.deb ...
tauri-driver smoke · Ubuntu 24.04	Install Ubuntu deps	2026-04-20T07:20:07.0765200Z Unpacking libopengl0:amd64 (1.7.0-1build1) ...
tauri-driver smoke · Ubuntu 24.04	Install Ubuntu deps	2026-04-20T07:20:07.0967076Z Selecting previously unselected package libopengl-dev:amd64.
tauri-driver smoke · Ubuntu 24.04	Install Ubuntu deps	2026-04-20T07:20:07.1099542Z Preparing to unpack .../131-libopengl-dev_1.7.0-1build1_amd64.deb ...
tauri-driver smoke · Ubuntu 24.04	Install Ubuntu deps	2026-04-20T07:20:07.1113239Z Unpacking libopengl-dev:amd64 (1.7.0-1build1) ...
tauri-driver smoke · Ubuntu 24.04	Install Ubuntu deps	2026-04-20T07:20:07.1305200Z Selecting previously unselected package libglvnd-dev:amd64.
tauri-driver smoke · Ubuntu 24.04	Install Ubuntu deps	2026-04-20T07:20:07.1435437Z Preparing to unpack .../132-libglvnd-dev_1.7.0-1build1_amd64.deb ...
tauri-driver smoke · Ubuntu 24.04	Install Ubuntu deps	2026-04-20T07:20:07.1449627Z Unpacking libglvnd-dev:amd64 (1.7.0-1build1) ...
tauri-driver smoke · Ubuntu 24.04	Install Ubuntu deps	2026-04-20T07:20:07.1653228Z Selecting previously unselected package libegl1-mesa-dev:amd64.
tauri-driver smoke · Ubuntu 24.04	Install Ubuntu deps	2026-04-20T07:20:07.1777911Z Preparing to unpack .../133-libegl1-mesa-dev_25.2.8-0ubuntu0.24.04.1_amd64.deb ...
tauri-driver smoke · Ubuntu 24.04	Install Ubuntu deps	2026-04-20T07:20:07.1792405Z Unpacking libegl1-mesa-dev:amd64 (25.2.8-0ubuntu0.24.04.1) ...
tauri-driver smoke · Ubuntu 24.04	Install Ubuntu deps	2026-04-20T07:20:07.2017221Z Selecting previously unselected package libepoxy-dev:amd64.
tauri-driver smoke · Ubuntu 24.04	Install Ubuntu deps	2026-04-20T07:20:07.2146095Z Preparing to unpack .../134-libepoxy-dev_1.5.10-1build1_amd64.deb ...
tauri-driver smoke · Ubuntu 24.04	Install Ubuntu deps	2026-04-20T07:20:07.2154898Z Unpacking libepoxy-dev:amd64 (1.5.10-1build1) ...
tauri-driver smoke · Ubuntu 24.04	Install Ubuntu deps	2026-04-20T07:20:07.2408914Z Selecting previously unselected package libfribidi-dev:amd64.
tauri-driver smoke · Ubuntu 24.04	Install Ubuntu deps	2026-04-20T07:20:07.2538793Z Preparing to unpack .../135-libfribidi-dev_1.0.13-3build1_amd64.deb ...
tauri-driver smoke · Ubuntu 24.04	Install Ubuntu deps	2026-04-20T07:20:07.2548744Z Unpacking libfribidi-dev:amd64 (1.0.13-3build1) ...
tauri-driver smoke · Ubuntu 24.04	Install Ubuntu deps	2026-04-20T07:20:07.2867091Z Selecting previously unselected package libgdk-pixbuf2.0-bin.
tauri-driver smoke · Ubuntu 24.04	Install Ubuntu deps	2026-04-20T07:20:07.2999896Z Preparing to unpack .../136-libgdk-pixbuf2.0-bin_2.42.10+dfsg-3ubuntu3.3_amd64.deb ...
tauri-driver smoke · Ubuntu 24.04	Install Ubuntu deps	2026-04-20T07:20:07.3009283Z Unpacking libgdk-pixbuf2.0-bin (2.42.10+dfsg-3ubuntu3.3) ...
tauri-driver smoke · Ubuntu 24.04	Install Ubuntu deps	2026-04-20T07:20:07.3256885Z Selecting previously unselected package libjpeg-turbo8-dev:amd64.
tauri-driver smoke · Ubuntu 24.04	Install Ubuntu deps	2026-04-20T07:20:07.3389064Z Preparing to unpack .../137-libjpeg-turbo8-dev_2.1.5-2ubuntu2_amd64.deb ...
tauri-driver smoke · Ubuntu 24.04	Install Ubuntu deps	2026-04-20T07:20:07.3396965Z Unpacking libjpeg-turbo8-dev:amd64 (2.1.5-2ubuntu2) ...
tauri-driver smoke · Ubuntu 24.04	Install Ubuntu deps	2026-04-20T07:20:07.3657483Z Selecting previously unselected package libjpeg8-dev:amd64.
tauri-driver smoke · Ubuntu 24.04	Install Ubuntu deps	2026-04-20T07:20:07.3789458Z Preparing to unpack .../138-libjpeg8-dev_8c-2ubuntu11_amd64.deb ...
tauri-driver smoke · Ubuntu 24.04	Install Ubuntu deps	2026-04-20T07:20:07.3797793Z Unpacking libjpeg8-dev:amd64 (8c-2ubuntu11) ...
tauri-driver smoke · Ubuntu 24.04	Install Ubuntu deps	2026-04-20T07:20:07.3985791Z Selecting previously unselected package libjpeg-dev:amd64.
tauri-driver smoke · Ubuntu 24.04	Install Ubuntu deps	2026-04-20T07:20:07.4116630Z Preparing to unpack .../139-libjpeg-dev_8c-2ubuntu11_amd64.deb ...
tauri-driver smoke · Ubuntu 24.04	Install Ubuntu deps	2026-04-20T07:20:07.4128598Z Unpacking libjpeg-dev:amd64 (8c-2ubuntu11) ...
tauri-driver smoke · Ubuntu 24.04	Install Ubuntu deps	2026-04-20T07:20:07.4367980Z Selecting previously unselected package libjbig-dev:amd64.
tauri-driver smoke · Ubuntu 24.04	Install Ubuntu deps	2026-04-20T07:20:07.4499684Z Preparing to unpack .../140-libjbig-dev_2.1-6.1ubuntu2_amd64.deb ...
tauri-driver smoke · Ubuntu 24.04	Install Ubuntu deps	2026-04-20T07:20:07.4512462Z Unpacking libjbig-dev:amd64 (2.1-6.1ubuntu2) ...
tauri-driver smoke · Ubuntu 24.04	Install Ubuntu deps	2026-04-20T07:20:07.4715898Z Selecting previously unselected package liblzma-dev:amd64.
tauri-driver smoke · Ubuntu 24.04	Install Ubuntu deps	2026-04-20T07:20:07.4845993Z Preparing to unpack .../141-liblzma-dev_5.6.1+really5.4.5-1ubuntu0.2_amd64.deb ...
tauri-driver smoke · Ubuntu 24.04	Install Ubuntu deps	2026-04-20T07:20:07.4854577Z Unpacking liblzma-dev:amd64 (5.6.1+really5.4.5-1ubuntu0.2) ...
tauri-driver smoke · Ubuntu 24.04	Install Ubuntu deps	2026-04-20T07:20:07.5142513Z Selecting previously unselected package libwebpdecoder3:amd64.
tauri-driver smoke · Ubuntu 24.04	Install Ubuntu deps	2026-04-20T07:20:07.5259983Z Preparing to unpack .../142-libwebpdecoder3_1.3.2-0.4build3_amd64.deb ...
tauri-driver smoke · Ubuntu 24.04	Install Ubuntu deps	2026-04-20T07:20:07.5275260Z Unpacking libwebpdecoder3:amd64 (1.3.2-0.4build3) ...
tauri-driver smoke · Ubuntu 24.04	Install Ubuntu deps	2026-04-20T07:20:07.5495751Z Selecting previously unselected package libsharpyuv-dev:amd64.
tauri-driver smoke · Ubuntu 24.04	Install Ubuntu deps	2026-04-20T07:20:07.5626492Z Preparing to unpack .../143-libsharpyuv-dev_1.3.2-0.4build3_amd64.deb ...
tauri-driver smoke · Ubuntu 24.04	Install Ubuntu deps	2026-04-20T07:20:07.5634605Z Unpacking libsharpyuv-dev:amd64 (1.3.2-0.4build3) ...
tauri-driver smoke · Ubuntu 24.04	Install Ubuntu deps	2026-04-20T07:20:07.5842995Z Selecting previously unselected package libwebp-dev:amd64.
tauri-driver smoke · Ubuntu 24.04	Install Ubuntu deps	2026-04-20T07:20:07.5978372Z Preparing to unpack .../144-libwebp-dev_1.3.2-0.4build3_amd64.deb ...
tauri-driver smoke · Ubuntu 24.04	Install Ubuntu deps	2026-04-20T07:20:07.5988687Z Unpacking libwebp-dev:amd64 (1.3.2-0.4build3) ...
tauri-driver smoke · Ubuntu 24.04	Install Ubuntu deps	2026-04-20T07:20:07.6313171Z Selecting previously unselected package libtiffxx6:amd64.
tauri-driver smoke · Ubuntu 24.04	Install Ubuntu deps	2026-04-20T07:20:07.6439701Z Preparing to unpack .../145-libtiffxx6_4.5.1+git230720-4ubuntu2.5_amd64.deb ...
tauri-driver smoke · Ubuntu 24.04	Install Ubuntu deps	2026-04-20T07:20:07.6448539Z Unpacking libtiffxx6:amd64 (4.5.1+git230720-4ubuntu2.5) ...
tauri-driver smoke · Ubuntu 24.04	Install Ubuntu deps	2026-04-20T07:20:07.6662831Z Selecting previously unselected package libdeflate-dev:amd64.
tauri-driver smoke · Ubuntu 24.04	Install Ubuntu deps	2026-04-20T07:20:07.6776068Z Preparing to unpack .../146-libdeflate-dev_1.19-1build1.1_amd64.deb ...
tauri-driver smoke · Ubuntu 24.04	Install Ubuntu deps	2026-04-20T07:20:07.6784639Z Unpacking libdeflate-dev:amd64 (1.19-1build1.1) ...
tauri-driver smoke · Ubuntu 24.04	Install Ubuntu deps	2026-04-20T07:20:07.7000704Z Selecting previously unselected package liblerc-dev:amd64.
tauri-driver smoke · Ubuntu 24.04	Install Ubuntu deps	2026-04-20T07:20:07.7130532Z Preparing to unpack .../147-liblerc-dev_4.0.0+ds-4ubuntu2_amd64.deb ...
tauri-driver smoke · Ubuntu 24.04	Install Ubuntu deps	2026-04-20T07:20:07.7139238Z Unpacking liblerc-dev:amd64 (4.0.0+ds-4ubuntu2) ...
tauri-driver smoke · Ubuntu 24.04	Install Ubuntu deps	2026-04-20T07:20:07.7378472Z Selecting previously unselected package libtiff-dev:amd64.
tauri-driver smoke · Ubuntu 24.04	Install Ubuntu deps	2026-04-20T07:20:07.7509075Z Preparing to unpack .../148-libtiff-dev_4.5.1+git230720-4ubuntu2.5_amd64.deb ...
tauri-driver smoke · Ubuntu 24.04	Install Ubuntu deps	2026-04-20T07:20:07.7522885Z Unpacking libtiff-dev:amd64 (4.5.1+git230720-4ubuntu2.5) ...
tauri-driver smoke · Ubuntu 24.04	Install Ubuntu deps	2026-04-20T07:20:07.7935276Z Selecting previously unselected package libgdk-pixbuf-2.0-dev:amd64.
tauri-driver smoke · Ubuntu 24.04	Install Ubuntu deps	2026-04-20T07:20:07.8014860Z Preparing to unpack .../149-libgdk-pixbuf-2.0-dev_2.42.10+dfsg-3ubuntu3.3_amd64.deb ...
tauri-driver smoke · Ubuntu 24.04	Install Ubuntu deps	2026-04-20T07:20:07.8028865Z Unpacking libgdk-pixbuf-2.0-dev:amd64 (2.42.10+dfsg-3ubuntu3.3) ...
tauri-driver smoke · Ubuntu 24.04	Install Ubuntu deps	2026-04-20T07:20:07.8282754Z Selecting previously unselected package libharfbuzz-subset0:amd64.
tauri-driver smoke · Ubuntu 24.04	Install Ubuntu deps	2026-04-20T07:20:07.8398742Z Preparing to unpack .../150-libharfbuzz-subset0_8.3.0-2build2_amd64.deb ...
tauri-driver smoke · Ubuntu 24.04	Install Ubuntu deps	2026-04-20T07:20:07.8412564Z Unpacking libharfbuzz-subset0:amd64 (8.3.0-2build2) ...
tauri-driver smoke · Ubuntu 24.04	Install Ubuntu deps	2026-04-20T07:20:07.8671966Z Selecting previously unselected package libharfbuzz-cairo0:amd64.
tauri-driver smoke · Ubuntu 24.04	Install Ubuntu deps	2026-04-20T07:20:07.8803356Z Preparing to unpack .../151-libharfbuzz-cairo0_8.3.0-2build2_amd64.deb ...
tauri-driver smoke · Ubuntu 24.04	Install Ubuntu deps	2026-04-20T07:20:07.8816177Z Unpacking libharfbuzz-cairo0:amd64 (8.3.0-2build2) ...
tauri-driver smoke · Ubuntu 24.04	Install Ubuntu deps	2026-04-20T07:20:07.9020243Z Selecting previously unselected package libgraphite2-dev:amd64.
tauri-driver smoke · Ubuntu 24.04	Install Ubuntu deps	2026-04-20T07:20:07.9150905Z Preparing to unpack .../152-libgraphite2-dev_1.3.14-2build1_amd64.deb ...
tauri-driver smoke · Ubuntu 24.04	Install Ubuntu deps	2026-04-20T07:20:07.9162529Z Unpacking libgraphite2-dev:amd64 (1.3.14-2build1) ...
tauri-driver smoke · Ubuntu 24.04	Install Ubuntu deps	2026-04-20T07:20:07.9365501Z Selecting previously unselected package libharfbuzz-dev:amd64.
tauri-driver smoke · Ubuntu 24.04	Install Ubuntu deps	2026-04-20T07:20:07.9495339Z Preparing to unpack .../153-libharfbuzz-dev_8.3.0-2build2_amd64.deb ...
tauri-driver smoke · Ubuntu 24.04	Install Ubuntu deps	2026-04-20T07:20:07.9509015Z Unpacking libharfbuzz-dev:amd64 (8.3.0-2build2) ...
tauri-driver smoke · Ubuntu 24.04	Install Ubuntu deps	2026-04-20T07:20:07.9825315Z Selecting previously unselected package libdatrie-dev:amd64.
tauri-driver smoke · Ubuntu 24.04	Install Ubuntu deps	2026-04-20T07:20:07.9959948Z Preparing to unpack .../154-libdatrie-dev_0.2.13-3build1_amd64.deb ...
tauri-driver smoke · Ubuntu 24.04	Install Ubuntu deps	2026-04-20T07:20:07.9965495Z Unpacking libdatrie-dev:amd64 (0.2.13-3build1) ...
tauri-driver smoke · Ubuntu 24.04	Install Ubuntu deps	2026-04-20T07:20:08.0198917Z Selecting previously unselected package libthai-dev:amd64.
tauri-driver smoke · Ubuntu 24.04	Install Ubuntu deps	2026-04-20T07:20:08.0330315Z Preparing to unpack .../155-libthai-dev_0.1.29-2build1_amd64.deb ...
tauri-driver smoke · Ubuntu 24.04	Install Ubuntu deps	2026-04-20T07:20:08.0338331Z Unpacking libthai-dev:amd64 (0.1.29-2build1) ...
tauri-driver smoke · Ubuntu 24.04	Install Ubuntu deps	2026-04-20T07:20:08.0594877Z Selecting previously unselected package libxft-dev:amd64.
tauri-driver smoke · Ubuntu 24.04	Install Ubuntu deps	2026-04-20T07:20:08.0710561Z Preparing to unpack .../156-libxft-dev_2.3.6-1build1_amd64.deb ...
tauri-driver smoke · Ubuntu 24.04	Install Ubuntu deps	2026-04-20T07:20:08.0719102Z Unpacking libxft-dev:amd64 (2.3.6-1build1) ...
tauri-driver smoke · Ubuntu 24.04	Install Ubuntu deps	2026-04-20T07:20:08.1032837Z Selecting previously unselected package pango1.0-tools.
tauri-driver smoke · Ubuntu 24.04	Install Ubuntu deps	2026-04-20T07:20:08.1152284Z Preparing to unpack .../157-pango1.0-tools_1.52.1+ds-1build1_amd64.deb ...
tauri-driver smoke · Ubuntu 24.04	Install Ubuntu deps	2026-04-20T07:20:08.1166485Z Unpacking pango1.0-tools (1.52.1+ds-1build1) ...
tauri-driver smoke · Ubuntu 24.04	Install Ubuntu deps	2026-04-20T07:20:08.1402730Z Selecting previously unselected package libpango1.0-dev:amd64.
tauri-driver smoke · Ubuntu 24.04	Install Ubuntu deps	2026-04-20T07:20:08.1525213Z Preparing to unpack .../158-libpango1.0-dev_1.52.1+ds-1build1_amd64.deb ...
tauri-driver smoke · Ubuntu 24.04	Install Ubuntu deps	2026-04-20T07:20:08.1539518Z Unpacking libpango1.0-dev:amd64 (1.52.1+ds-1build1) ...
tauri-driver smoke · Ubuntu 24.04	Install Ubuntu deps	2026-04-20T07:20:08.1873948Z Selecting previously unselected package libwayland-bin.
tauri-driver smoke · Ubuntu 24.04	Install Ubuntu deps	2026-04-20T07:20:08.2009484Z Preparing to unpack .../159-libwayland-bin_1.22.0-2.1build1_amd64.deb ...
tauri-driver smoke · Ubuntu 24.04	Install Ubuntu deps	2026-04-20T07:20:08.2023295Z Unpacking libwayland-bin (1.22.0-2.1build1) ...
tauri-driver smoke · Ubuntu 24.04	Install Ubuntu deps	2026-04-20T07:20:08.2232812Z Selecting previously unselected package libwayland-dev:amd64.
tauri-driver smoke · Ubuntu 24.04	Install Ubuntu deps	2026-04-20T07:20:08.2362990Z Preparing to unpack .../160-libwayland-dev_1.22.0-2.1build1_amd64.deb ...
tauri-driver smoke · Ubuntu 24.04	Install Ubuntu deps	2026-04-20T07:20:08.2372463Z Unpacking libwayland-dev:amd64 (1.22.0-2.1build1) ...
tauri-driver smoke · Ubuntu 24.04	Install Ubuntu deps	2026-04-20T07:20:08.2632849Z Selecting previously unselected package libxcomposite-dev:amd64.
tauri-driver smoke · Ubuntu 24.04	Install Ubuntu deps	2026-04-20T07:20:08.2759681Z Preparing to unpack .../161-libxcomposite-dev_1%3a0.4.5-1build3_amd64.deb ...
tauri-driver smoke · Ubuntu 24.04	Install Ubuntu deps	2026-04-20T07:20:08.2776872Z Unpacking libxcomposite-dev:amd64 (1:0.4.5-1build3) ...
tauri-driver smoke · Ubuntu 24.04	Install Ubuntu deps	2026-04-20T07:20:08.3032458Z Selecting previously unselected package libxcursor-dev:amd64.
tauri-driver smoke · Ubuntu 24.04	Install Ubuntu deps	2026-04-20T07:20:08.3135362Z Preparing to unpack .../162-libxcursor-dev_1%3a1.2.1-1build1_amd64.deb ...
tauri-driver smoke · Ubuntu 24.04	Install Ubuntu deps	2026-04-20T07:20:08.3143969Z Unpacking libxcursor-dev:amd64 (1:1.2.1-1build1) ...
tauri-driver smoke · Ubuntu 24.04	Install Ubuntu deps	2026-04-20T07:20:08.3442988Z Selecting previously unselected package libxdamage-dev:amd64.
tauri-driver smoke · Ubuntu 24.04	Install Ubuntu deps	2026-04-20T07:20:08.3538933Z Preparing to unpack .../163-libxdamage-dev_1%3a1.1.6-1build1_amd64.deb ...
tauri-driver smoke · Ubuntu 24.04	Install Ubuntu deps	2026-04-20T07:20:08.3554244Z Unpacking libxdamage-dev:amd64 (1:1.1.6-1build1) ...
tauri-driver smoke · Ubuntu 24.04	Install Ubuntu deps	2026-04-20T07:20:08.3943725Z Selecting previously unselected package libxinerama-dev:amd64.
tauri-driver smoke · Ubuntu 24.04	Install Ubuntu deps	2026-04-20T07:20:08.4077490Z Preparing to unpack .../164-libxinerama-dev_2%3a1.1.4-3build1_amd64.deb ...
tauri-driver smoke · Ubuntu 24.04	Install Ubuntu deps	2026-04-20T07:20:08.4085160Z Unpacking libxinerama-dev:amd64 (2:1.1.4-3build1) ...
tauri-driver smoke · Ubuntu 24.04	Install Ubuntu deps	2026-04-20T07:20:08.4300696Z Selecting previously unselected package libxkbcommon-dev:amd64.
tauri-driver smoke · Ubuntu 24.04	Install Ubuntu deps	2026-04-20T07:20:08.4434193Z Preparing to unpack .../165-libxkbcommon-dev_1.6.0-1build1_amd64.deb ...
tauri-driver smoke · Ubuntu 24.04	Install Ubuntu deps	2026-04-20T07:20:08.4440571Z Unpacking libxkbcommon-dev:amd64 (1.6.0-1build1) ...
tauri-driver smoke · Ubuntu 24.04	Install Ubuntu deps	2026-04-20T07:20:08.4665661Z Selecting previously unselected package libxrandr-dev:amd64.
tauri-driver smoke · Ubuntu 24.04	Install Ubuntu deps	2026-04-20T07:20:08.4797496Z Preparing to unpack .../166-libxrandr-dev_2%3a1.5.2-2build1_amd64.deb ...
tauri-driver smoke · Ubuntu 24.04	Install Ubuntu deps	2026-04-20T07:20:08.4852739Z Unpacking libxrandr-dev:amd64 (2:1.5.2-2build1) ...
tauri-driver smoke · Ubuntu 24.04	Install Ubuntu deps	2026-04-20T07:20:08.5061517Z Selecting previously unselected package wayland-protocols.
tauri-driver smoke · Ubuntu 24.04	Install Ubuntu deps	2026-04-20T07:20:08.5193693Z Preparing to unpack .../167-wayland-protocols_1.45-1~ubuntu0.24.04.1_all.deb ...
tauri-driver smoke · Ubuntu 24.04	Install Ubuntu deps	2026-04-20T07:20:08.5202563Z Unpacking wayland-protocols (1.45-1~ubuntu0.24.04.1) ...
tauri-driver smoke · Ubuntu 24.04	Install Ubuntu deps	2026-04-20T07:20:08.5603443Z Selecting previously unselected package libgtk-3-dev:amd64.
tauri-driver smoke · Ubuntu 24.04	Install Ubuntu deps	2026-04-20T07:20:08.5726877Z Preparing to unpack .../168-libgtk-3-dev_3.24.41-4ubuntu1.3_amd64.deb ...
tauri-driver smoke · Ubuntu 24.04	Install Ubuntu deps	2026-04-20T07:20:08.5734082Z Unpacking libgtk-3-dev:amd64 (3.24.41-4ubuntu1.3) ...
tauri-driver smoke · Ubuntu 24.04	Install Ubuntu deps	2026-04-20T07:20:08.7093459Z Selecting previously unselected package libayatana-ido3-dev.
tauri-driver smoke · Ubuntu 24.04	Install Ubuntu deps	2026-04-20T07:20:08.7197491Z Preparing to unpack .../169-libayatana-ido3-dev_0.10.1-1build2_amd64.deb ...
tauri-driver smoke · Ubuntu 24.04	Install Ubuntu deps	2026-04-20T07:20:08.7207405Z Unpacking libayatana-ido3-dev (0.10.1-1build2) ...
tauri-driver smoke · Ubuntu 24.04	Install Ubuntu deps	2026-04-20T07:20:08.7443825Z Selecting previously unselected package libayatana-indicator3-dev.
tauri-driver smoke · Ubuntu 24.04	Install Ubuntu deps	2026-04-20T07:20:08.7581837Z Preparing to unpack .../170-libayatana-indicator3-dev_0.9.4-1build1_amd64.deb ...
tauri-driver smoke · Ubuntu 24.04	Install Ubuntu deps	2026-04-20T07:20:08.7595834Z Unpacking libayatana-indicator3-dev (0.9.4-1build1) ...
tauri-driver smoke · Ubuntu 24.04	Install Ubuntu deps	2026-04-20T07:20:08.7823008Z Selecting previously unselected package libdbusmenu-glib-dev:amd64.
tauri-driver smoke · Ubuntu 24.04	Install Ubuntu deps	2026-04-20T07:20:08.7943013Z Preparing to unpack .../171-libdbusmenu-glib-dev_18.10.20180917~bzr492+repack1-3.1ubuntu5_amd64.deb ...
tauri-driver smoke · Ubuntu 24.04	Install Ubuntu deps	2026-04-20T07:20:08.7953258Z Unpacking libdbusmenu-glib-dev:amd64 (18.10.20180917~bzr492+repack1-3.1ubuntu5) ...
tauri-driver smoke · Ubuntu 24.04	Install Ubuntu deps	2026-04-20T07:20:08.8197609Z Selecting previously unselected package libayatana-appindicator3-dev.
tauri-driver smoke · Ubuntu 24.04	Install Ubuntu deps	2026-04-20T07:20:08.8337050Z Preparing to unpack .../172-libayatana-appindicator3-dev_0.5.93-1build3_amd64.deb ...
tauri-driver smoke · Ubuntu 24.04	Install Ubuntu deps	2026-04-20T07:20:08.8342230Z Unpacking libayatana-appindicator3-dev (0.5.93-1build3) ...
tauri-driver smoke · Ubuntu 24.04	Install Ubuntu deps	2026-04-20T07:20:08.8566330Z Selecting previously unselected package libgirepository-1.0-dev:amd64.
tauri-driver smoke · Ubuntu 24.04	Install Ubuntu deps	2026-04-20T07:20:08.8702011Z Preparing to unpack .../173-libgirepository-1.0-dev_1.80.1-1_amd64.deb ...
tauri-driver smoke · Ubuntu 24.04	Install Ubuntu deps	2026-04-20T07:20:08.8715247Z Unpacking libgirepository-1.0-dev:amd64 (1.80.1-1) ...
tauri-driver smoke · Ubuntu 24.04	Install Ubuntu deps	2026-04-20T07:20:08.8950752Z Selecting previously unselected package libgirepository1.0-dev.
tauri-driver smoke · Ubuntu 24.04	Install Ubuntu deps	2026-04-20T07:20:08.9085574Z Preparing to unpack .../174-libgirepository1.0-dev_1.80.1-1_amd64.deb ...
tauri-driver smoke · Ubuntu 24.04	Install Ubuntu deps	2026-04-20T07:20:08.9099126Z Unpacking libgirepository1.0-dev (1.80.1-1) ...
tauri-driver smoke · Ubuntu 24.04	Install Ubuntu deps	2026-04-20T07:20:08.9300125Z Selecting previously unselected package libjavascriptcoregtk-4.1-dev:amd64.
tauri-driver smoke · Ubuntu 24.04	Install Ubuntu deps	2026-04-20T07:20:08.9434554Z Preparing to unpack .../175-libjavascriptcoregtk-4.1-dev_2.50.4-0ubuntu0.24.04.1_amd64.deb ...
tauri-driver smoke · Ubuntu 24.04	Install Ubuntu deps	2026-04-20T07:20:08.9448474Z Unpacking libjavascriptcoregtk-4.1-dev:amd64 (2.50.4-0ubuntu0.24.04.1) ...
tauri-driver smoke · Ubuntu 24.04	Install Ubuntu deps	2026-04-20T07:20:08.9720401Z Selecting previously unselected package libnghttp2-dev:amd64.
tauri-driver smoke · Ubuntu 24.04	Install Ubuntu deps	2026-04-20T07:20:08.9852893Z Preparing to unpack .../176-libnghttp2-dev_1.59.0-1ubuntu0.2_amd64.deb ...
tauri-driver smoke · Ubuntu 24.04	Install Ubuntu deps	2026-04-20T07:20:08.9863445Z Unpacking libnghttp2-dev:amd64 (1.59.0-1ubuntu0.2) ...
tauri-driver smoke · Ubuntu 24.04	Install Ubuntu deps	2026-04-20T07:20:09.0104489Z Selecting previously unselected package libwebrtc-audio-processing1:amd64.
tauri-driver smoke · Ubuntu 24.04	Install Ubuntu deps	2026-04-20T07:20:09.0237550Z Preparing to unpack .../177-libwebrtc-audio-processing1_0.3.1-0ubuntu6_amd64.deb ...
tauri-driver smoke · Ubuntu 24.04	Install Ubuntu deps	2026-04-20T07:20:09.0265000Z Unpacking libwebrtc-audio-processing1:amd64 (0.3.1-0ubuntu6) ...
tauri-driver smoke · Ubuntu 24.04	Install Ubuntu deps	2026-04-20T07:20:09.0503925Z Selecting previously unselected package libspa-0.2-modules:amd64.
tauri-driver smoke · Ubuntu 24.04	Install Ubuntu deps	2026-04-20T07:20:09.0644463Z Preparing to unpack .../178-libspa-0.2-modules_1.0.5-1ubuntu3.2_amd64.deb ...
tauri-driver smoke · Ubuntu 24.04	Install Ubuntu deps	2026-04-20T07:20:09.0661110Z Unpacking libspa-0.2-modules:amd64 (1.0.5-1ubuntu3.2) ...
tauri-driver smoke · Ubuntu 24.04	Install Ubuntu deps	2026-04-20T07:20:09.1025495Z Selecting previously unselected package libpipewire-0.3-0t64:amd64.
tauri-driver smoke · Ubuntu 24.04	Install Ubuntu deps	2026-04-20T07:20:09.1149159Z Preparing to unpack .../179-libpipewire-0.3-0t64_1.0.5-1ubuntu3.2_amd64.deb ...
tauri-driver smoke · Ubuntu 24.04	Install Ubuntu deps	2026-04-20T07:20:09.1159556Z Unpacking libpipewire-0.3-0t64:amd64 (1.0.5-1ubuntu3.2) ...
tauri-driver smoke · Ubuntu 24.04	Install Ubuntu deps	2026-04-20T07:20:09.1412699Z Selecting previously unselected package libpipewire-0.3-common.
tauri-driver smoke · Ubuntu 24.04	Install Ubuntu deps	2026-04-20T07:20:09.1542076Z Preparing to unpack .../180-libpipewire-0.3-common_1.0.5-1ubuntu3.2_all.deb ...
tauri-driver smoke · Ubuntu 24.04	Install Ubuntu deps	2026-04-20T07:20:09.1552546Z Unpacking libpipewire-0.3-common (1.0.5-1ubuntu3.2) ...
tauri-driver smoke · Ubuntu 24.04	Install Ubuntu deps	2026-04-20T07:20:09.1755987Z Selecting previously unselected package libpng-tools.
tauri-driver smoke · Ubuntu 24.04	Install Ubuntu deps	2026-04-20T07:20:09.1893447Z Preparing to unpack .../181-libpng-tools_1.6.43-5ubuntu0.5_amd64.deb ...
tauri-driver smoke · Ubuntu 24.04	Install Ubuntu deps	2026-04-20T07:20:09.1910888Z Unpacking libpng-tools (1.6.43-5ubuntu0.5) ...
tauri-driver smoke · Ubuntu 24.04	Install Ubuntu deps	2026-04-20T07:20:09.2132463Z Selecting previously unselected package libpsl-dev:amd64.
tauri-driver smoke · Ubuntu 24.04	Install Ubuntu deps	2026-04-20T07:20:09.2251324Z Preparing to unpack .../182-libpsl-dev_0.21.2-1.1build1_amd64.deb ...
tauri-driver smoke · Ubuntu 24.04	Install Ubuntu deps	2026-04-20T07:20:09.2264692Z Unpacking libpsl-dev:amd64 (0.21.2-1.1build1) ...
tauri-driver smoke · Ubuntu 24.04	Install Ubuntu deps	2026-04-20T07:20:09.2522812Z Selecting previously unselected package librsvg2-common:amd64.
tauri-driver smoke · Ubuntu 24.04	Install Ubuntu deps	2026-04-20T07:20:09.2645052Z Preparing to unpack .../183-librsvg2-common_2.58.0+dfsg-1build1_amd64.deb ...
tauri-driver smoke · Ubuntu 24.04	Install Ubuntu deps	2026-04-20T07:20:09.2653081Z Unpacking librsvg2-common:amd64 (2.58.0+dfsg-1build1) ...
tauri-driver smoke · Ubuntu 24.04	Install Ubuntu deps	2026-04-20T07:20:09.2879579Z Selecting previously unselected package librsvg2-dev:amd64.
tauri-driver smoke · Ubuntu 24.04	Install Ubuntu deps	2026-04-20T07:20:09.3018647Z Preparing to unpack .../184-librsvg2-dev_2.58.0+dfsg-1build1_amd64.deb ...
tauri-driver smoke · Ubuntu 24.04	Install Ubuntu deps	2026-04-20T07:20:09.3031571Z Unpacking librsvg2-dev:amd64 (2.58.0+dfsg-1build1) ...
tauri-driver smoke · Ubuntu 24.04	Install Ubuntu deps	2026-04-20T07:20:09.3263154Z Selecting previously unselected package libsysprof-capture-4-dev:amd64.
tauri-driver smoke · Ubuntu 24.04	Install Ubuntu deps	2026-04-20T07:20:09.3397026Z Preparing to unpack .../185-libsysprof-capture-4-dev_46.0-1build1_amd64.deb ...
tauri-driver smoke · Ubuntu 24.04	Install Ubuntu deps	2026-04-20T07:20:09.3404665Z Unpacking libsysprof-capture-4-dev:amd64 (46.0-1build1) ...
tauri-driver smoke · Ubuntu 24.04	Install Ubuntu deps	2026-04-20T07:20:09.3664386Z Selecting previously unselected package libsoup-3.0-dev:amd64.
tauri-driver smoke · Ubuntu 24.04	Install Ubuntu deps	2026-04-20T07:20:09.3802481Z Preparing to unpack .../186-libsoup-3.0-dev_3.4.4-5ubuntu0.7_amd64.deb ...
tauri-driver smoke · Ubuntu 24.04	Install Ubuntu deps	2026-04-20T07:20:09.3812846Z Unpacking libsoup-3.0-dev:amd64 (3.4.4-5ubuntu0.7) ...
tauri-driver smoke · Ubuntu 24.04	Install Ubuntu deps	2026-04-20T07:20:09.4142932Z Selecting previously unselected package libwebkit2gtk-4.1-dev.
tauri-driver smoke · Ubuntu 24.04	Install Ubuntu deps	2026-04-20T07:20:09.4264548Z Preparing to unpack .../187-libwebkit2gtk-4.1-dev_2.50.4-0ubuntu0.24.04.1_amd64.deb ...
tauri-driver smoke · Ubuntu 24.04	Install Ubuntu deps	2026-04-20T07:20:09.4280093Z Unpacking libwebkit2gtk-4.1-dev (2.50.4-0ubuntu0.24.04.1) ...
tauri-driver smoke · Ubuntu 24.04	Install Ubuntu deps	2026-04-20T07:20:09.4952731Z Selecting previously unselected package xdg-desktop-portal.
tauri-driver smoke · Ubuntu 24.04	Install Ubuntu deps	2026-04-20T07:20:09.5086729Z Preparing to unpack .../188-xdg-desktop-portal_1.18.4-1ubuntu2.24.04.1_amd64.deb ...
tauri-driver smoke · Ubuntu 24.04	Install Ubuntu deps	2026-04-20T07:20:09.5094253Z Unpacking xdg-desktop-portal (1.18.4-1ubuntu2.24.04.1) ...
tauri-driver smoke · Ubuntu 24.04	Install Ubuntu deps	2026-04-20T07:20:09.5392536Z Selecting previously unselected package xdg-desktop-portal-gtk.
tauri-driver smoke · Ubuntu 24.04	Install Ubuntu deps	2026-04-20T07:20:09.5519799Z Preparing to unpack .../189-xdg-desktop-portal-gtk_1.15.1-1build2_amd64.deb ...
tauri-driver smoke · Ubuntu 24.04	Install Ubuntu deps	2026-04-20T07:20:09.5540294Z Unpacking xdg-desktop-portal-gtk (1.15.1-1build2) ...
tauri-driver smoke · Ubuntu 24.04	Install Ubuntu deps	2026-04-20T07:20:09.6018961Z Setting up libpipewire-0.3-common (1.0.5-1ubuntu3.2) ...
tauri-driver smoke · Ubuntu 24.04	Install Ubuntu deps	2026-04-20T07:20:09.6051533Z Setting up bubblewrap (0.9.0-1ubuntu0.1) ...
tauri-driver smoke · Ubuntu 24.04	Install Ubuntu deps	2026-04-20T07:20:09.6101592Z Setting up libcairo-script-interpreter2:amd64 (1.18.0-3build1) ...
tauri-driver smoke · Ubuntu 24.04	Install Ubuntu deps	2026-04-20T07:20:09.6123163Z Setting up libglib2.0-dev-bin (2.80.0-6ubuntu3.8) ...
tauri-driver smoke · Ubuntu 24.04	Install Ubuntu deps	2026-04-20T07:20:09.7820889Z Setting up libcdparanoia0:amd64 (3.10.2+debian-14build3) ...
tauri-driver smoke · Ubuntu 24.04	Install Ubuntu deps	2026-04-20T07:20:09.7845581Z Setting up bzip2-doc (1.0.8-5.1build0.1) ...
tauri-driver smoke · Ubuntu 24.04	Install Ubuntu deps	2026-04-20T07:20:09.7870980Z Setting up libwayland-server0:amd64 (1.22.0-2.1build1) ...
tauri-driver smoke · Ubuntu 24.04	Install Ubuntu deps	2026-04-20T07:20:09.7894277Z Setting up libnghttp2-dev:amd64 (1.59.0-1ubuntu0.2) ...
tauri-driver smoke · Ubuntu 24.04	Install Ubuntu deps	2026-04-20T07:20:09.7936505Z Setting up session-migration (0.3.9build1) ...
tauri-driver smoke · Ubuntu 24.04	Install Ubuntu deps	2026-04-20T07:20:09.9187612Z Created symlink /etc/systemd/user/graphical-session-pre.target.wants/session-migration.service → /usr/lib/systemd/user/session-migration.service.
tauri-driver smoke · Ubuntu 24.04	Install Ubuntu deps	2026-04-20T07:20:09.9188899Z 
tauri-driver smoke · Ubuntu 24.04	Install Ubuntu deps	2026-04-20T07:20:09.9216516Z Setting up libjpeg-turbo8-dev:amd64 (2.1.5-2ubuntu2) ...
tauri-driver smoke · Ubuntu 24.04	Install Ubuntu deps	2026-04-20T07:20:09.9237350Z Setting up libraw1394-11:amd64 (2.1.2-2build3) ...
tauri-driver smoke · Ubuntu 24.04	Install Ubuntu deps	2026-04-20T07:20:09.9258567Z Setting up libproxy1v5:amd64 (0.5.4-4build1) ...
tauri-driver smoke · Ubuntu 24.04	Install Ubuntu deps	2026-04-20T07:20:09.9286739Z Setting up gir1.2-freedesktop:amd64 (1.80.1-1) ...
tauri-driver smoke · Ubuntu 24.04	Install Ubuntu deps	2026-04-20T07:20:09.9312084Z Setting up libtag1v5-vanilla:amd64 (1.13.1-1build1) ...
tauri-driver smoke · Ubuntu 24.04	Install Ubuntu deps	2026-04-20T07:20:09.9338710Z Setting up libharfbuzz-icu0:amd64 (8.3.0-2build2) ...
tauri-driver smoke · Ubuntu 24.04	Install Ubuntu deps	2026-04-20T07:20:09.9360504Z Setting up libpixman-1-dev:amd64 (0.42.2-1build1) ...
tauri-driver smoke · Ubuntu 24.04	Install Ubuntu deps	2026-04-20T07:20:09.9391008Z Setting up libspeex1:amd64 (1.2.1-2ubuntu2.24.04.1) ...
tauri-driver smoke · Ubuntu 24.04	Install Ubuntu deps	2026-04-20T07:20:09.9414884Z Setting up libcaca0:amd64 (0.99.beta20-4ubuntu0.1) ...
tauri-driver smoke · Ubuntu 24.04	Install Ubuntu deps	2026-04-20T07:20:09.9441160Z Setting up libv4lconvert0t64:amd64 (1.26.1-4build3) ...
tauri-driver smoke · Ubuntu 24.04	Install Ubuntu deps	2026-04-20T07:20:09.9464534Z Setting up libpangoxft-1.0-0:amd64 (1.52.1+ds-1build1) ...
tauri-driver smoke · Ubuntu 24.04	Install Ubuntu deps	2026-04-20T07:20:09.9489390Z Setting up gir1.2-dbusmenu-glib-0.4:amd64 (18.10.20180917~bzr492+repack1-3.1ubuntu5) ...
tauri-driver smoke · Ubuntu 24.04	Install Ubuntu deps	2026-04-20T07:20:09.9514508Z Setting up libglvnd-core-dev:amd64 (1.7.0-1build1) ...
tauri-driver smoke · Ubuntu 24.04	Install Ubuntu deps	2026-04-20T07:20:09.9534690Z Setting up libtwolame0:amd64 (0.4.0-2build3) ...
tauri-driver smoke · Ubuntu 24.04	Install Ubuntu deps	2026-04-20T07:20:09.9557116Z Setting up libwoff1:amd64 (1.0.2-2build1) ...
tauri-driver smoke · Ubuntu 24.04	Install Ubuntu deps	2026-04-20T07:20:09.9585597Z Setting up gir1.2-gdkpixbuf-2.0:amd64 (2.42.10+dfsg-3ubuntu3.3) ...
tauri-driver smoke · Ubuntu 24.04	Install Ubuntu deps	2026-04-20T07:20:09.9607096Z Setting up libhyphen0:amd64 (2.8.8-7build3) ...
tauri-driver smoke · Ubuntu 24.04	Install Ubuntu deps	2026-04-20T07:20:09.9629347Z Setting up libpng-tools (1.6.43-5ubuntu0.5) ...
tauri-driver smoke · Ubuntu 24.04	Install Ubuntu deps	2026-04-20T07:20:09.9656735Z Setting up libgirepository-2.0-0:amd64 (2.80.0-6ubuntu3.8) ...
tauri-driver smoke · Ubuntu 24.04	Install Ubuntu deps	2026-04-20T07:20:09.9678569Z Setting up libvisual-0.4-0:amd64 (0.4.2-2build1) ...
tauri-driver smoke · Ubuntu 24.04	Install Ubuntu deps	2026-04-20T07:20:09.9703267Z Setting up gir1.2-atk-1.0:amd64 (2.52.0-1build1) ...
tauri-driver smoke · Ubuntu 24.04	Install Ubuntu deps	2026-04-20T07:20:09.9729863Z Setting up libfribidi-dev:amd64 (1.0.13-3build1) ...
tauri-driver smoke · Ubuntu 24.04	Install Ubuntu deps	2026-04-20T07:20:09.9750574Z Setting up libmanette-0.2-0:amd64 (0.2.7-1build2) ...
tauri-driver smoke · Ubuntu 24.04	Install Ubuntu deps	2026-04-20T07:20:09.9775382Z Setting up libxkbcommon-dev:amd64 (1.6.0-1build1) ...
tauri-driver smoke · Ubuntu 24.04	Install Ubuntu deps	2026-04-20T07:20:09.9800577Z Setting up libpng-dev:amd64 (1.6.43-5ubuntu0.5) ...
tauri-driver smoke · Ubuntu 24.04	Install Ubuntu deps	2026-04-20T07:20:09.9821501Z Setting up pango1.0-tools (1.52.1+ds-1build1) ...
tauri-driver smoke · Ubuntu 24.04	Install Ubuntu deps	2026-04-20T07:20:09.9846519Z Setting up libjbig-dev:amd64 (2.1-6.1ubuntu2) ...
tauri-driver smoke · Ubuntu 24.04	Install Ubuntu deps	2026-04-20T07:20:09.9868969Z Setting up libwebrtc-audio-processing1:amd64 (0.3.1-0ubuntu6) ...
tauri-driver smoke · Ubuntu 24.04	Install Ubuntu deps	2026-04-20T07:20:09.9893899Z Setting up libwebpdecoder3:amd64 (1.3.2-0.4build3) ...
tauri-driver smoke · Ubuntu 24.04	Install Ubuntu deps	2026-04-20T07:20:09.9919319Z Setting up libharfbuzz-gobject0:amd64 (8.3.0-2build2) ...
tauri-driver smoke · Ubuntu 24.04	Install Ubuntu deps	2026-04-20T07:20:09.9942620Z Setting up gir1.2-atspi-2.0:amd64 (2.52.0-1build1) ...
tauri-driver smoke · Ubuntu 24.04	Install Ubuntu deps	2026-04-20T07:20:09.9972010Z Setting up libsoup-3.0-common (3.4.4-5ubuntu0.7) ...
tauri-driver smoke · Ubuntu 24.04	Install Ubuntu deps	2026-04-20T07:20:10.0000471Z Setting up libmpg123-0t64:amd64 (1.32.5-1ubuntu1.1) ...
tauri-driver smoke · Ubuntu 24.04	Install Ubuntu deps	2026-04-20T07:20:10.0025361Z Setting up libayatana-ido3-0.4-0:amd64 (0.10.1-1build2) ...
tauri-driver smoke · Ubuntu 24.04	Install Ubuntu deps	2026-04-20T07:20:10.0050605Z Setting up gir1.2-harfbuzz-0.0:amd64 (8.3.0-2build2) ...
tauri-driver smoke · Ubuntu 24.04	Install Ubuntu deps	2026-04-20T07:20:10.0072489Z Setting up libpthread-stubs0-dev:amd64 (0.4-1build3) ...
tauri-driver smoke · Ubuntu 24.04	Install Ubuntu deps	2026-04-20T07:20:10.0093861Z Setting up libopengl0:amd64 (1.7.0-1build1) ...
tauri-driver smoke · Ubuntu 24.04	Install Ubuntu deps	2026-04-20T07:20:10.0121581Z Setting up libpsl-dev:amd64 (0.21.2-1.1build1) ...
tauri-driver smoke · Ubuntu 24.04	Install Ubuntu deps	2026-04-20T07:20:10.0145840Z Setting up liborc-0.4-0t64:amd64 (1:0.4.38-1ubuntu0.1) ...
tauri-driver smoke · Ubuntu 24.04	Install Ubuntu deps	2026-04-20T07:20:10.0168449Z Setting up librsvg2-2:amd64 (2.58.0+dfsg-1build1) ...
tauri-driver smoke · Ubuntu 24.04	Install Ubuntu deps	2026-04-20T07:20:10.0192084Z Setting up libsysprof-capture-4-dev:amd64 (46.0-1build1) ...
tauri-driver smoke · Ubuntu 24.04	Install Ubuntu deps	2026-04-20T07:20:10.0213520Z Setting up xtrans-dev (1.4.0-1) ...
tauri-driver smoke · Ubuntu 24.04	Install Ubuntu deps	2026-04-20T07:20:10.0236770Z Setting up libwayland-bin (1.22.0-2.1build1) ...
tauri-driver smoke · Ubuntu 24.04	Install Ubuntu deps	2026-04-20T07:20:10.0278883Z Setting up libgraphite2-dev:amd64 (1.3.14-2build1) ...
tauri-driver smoke · Ubuntu 24.04	Install Ubuntu deps	2026-04-20T07:20:10.0301225Z Setting up gir1.2-pango-1.0:amd64 (1.52.1+ds-1build1) ...
tauri-driver smoke · Ubuntu 24.04	Install Ubuntu deps	2026-04-20T07:20:10.0322840Z Setting up libegl-mesa0:amd64 (25.2.8-0ubuntu0.24.04.1) ...
tauri-driver smoke · Ubuntu 24.04	Install Ubuntu deps	2026-04-20T07:20:10.0349540Z Setting up libjavascriptcoregtk-4.1-0:amd64 (2.50.4-0ubuntu0.24.04.1) ...
tauri-driver smoke · Ubuntu 24.04	Install Ubuntu deps	2026-04-20T07:20:10.0370063Z Setting up libgles2:amd64 (1.7.0-1build1) ...
tauri-driver smoke · Ubuntu 24.04	Install Ubuntu deps	2026-04-20T07:20:10.0393985Z Setting up libharfbuzz-cairo0:amd64 (8.3.0-2build2) ...
tauri-driver smoke · Ubuntu 24.04	Install Ubuntu deps	2026-04-20T07:20:10.0423439Z Setting up libdbus-1-dev:amd64 (1.14.10-4ubuntu4.1) ...
tauri-driver smoke · Ubuntu 24.04	Install Ubuntu deps	2026-04-20T07:20:10.2196283Z Setting up libspa-0.2-modules:amd64 (1.0.5-1ubuntu3.2) ...
tauri-driver smoke · Ubuntu 24.04	Install Ubuntu deps	2026-04-20T07:20:10.2219560Z Setting up uuid-dev:amd64 (2.39.3-9ubuntu6.5) ...
tauri-driver smoke · Ubuntu 24.04	Install Ubuntu deps	2026-04-20T07:20:10.2241337Z Setting up libgles1:amd64 (1.7.0-1build1) ...
tauri-driver smoke · Ubuntu 24.04	Install Ubuntu deps	2026-04-20T07:20:10.2265026Z Setting up libopus0:amd64 (1.4-1build1) ...
tauri-driver smoke · Ubuntu 24.04	Install Ubuntu deps	2026-04-20T07:20:10.2293333Z Setting up libxv1:amd64 (2:1.0.11-1.1build1) ...
tauri-driver smoke · Ubuntu 24.04	Install Ubuntu deps	2026-04-20T07:20:10.2326400Z Setting up python3-markdown (3.5.2-1) ...
tauri-driver smoke · Ubuntu 24.04	Install Ubuntu deps	2026-04-20T07:20:10.3891491Z Setting up libdv4t64:amd64 (1.0.0-17.1build1) ...
tauri-driver smoke · Ubuntu 24.04	Install Ubuntu deps	2026-04-20T07:20:10.3917001Z Setting up libsepol-dev:amd64 (3.5-2build1) ...
tauri-driver smoke · Ubuntu 24.04	Install Ubuntu deps	2026-04-20T07:20:10.3939903Z Setting up liblerc-dev:amd64 (4.0.0+ds-4ubuntu2) ...
tauri-driver smoke · Ubuntu 24.04	Install Ubuntu deps	2026-04-20T07:20:10.3963399Z Setting up librsvg2-common:amd64 (2.58.0+dfsg-1build1) ...
tauri-driver smoke · Ubuntu 24.04	Install Ubuntu deps	2026-04-20T07:20:10.4022454Z Setting up libdbusmenu-glib-dev:amd64 (18.10.20180917~bzr492+repack1-3.1ubuntu5) ...
tauri-driver smoke · Ubuntu 24.04	Install Ubuntu deps	2026-04-20T07:20:10.4052345Z Setting up libv4l-0t64:amd64 (1.26.1-4build3) ...
tauri-driver smoke · Ubuntu 24.04	Install Ubuntu deps	2026-04-20T07:20:10.4076560Z Setting up liblzma-dev:amd64 (5.6.1+really5.4.5-1ubuntu0.2) ...
tauri-driver smoke · Ubuntu 24.04	Install Ubuntu deps	2026-04-20T07:20:10.4104810Z Setting up gir1.2-ayatanaido3-0.4:amd64 (0.10.1-1build2) ...
tauri-driver smoke · Ubuntu 24.04	Install Ubuntu deps	2026-04-20T07:20:10.4131035Z Setting up xdg-dbus-proxy (0.1.5-1ubuntu0.2) ...
tauri-driver smoke · Ubuntu 24.04	Install Ubuntu deps	2026-04-20T07:20:10.4152765Z Setting up libvpx9:amd64 (1.14.0-1ubuntu2.3) ...
tauri-driver smoke · Ubuntu 24.04	Install Ubuntu deps	2026-04-20T07:20:10.4178862Z Setting up wayland-protocols (1.45-1~ubuntu0.24.04.1) ...
tauri-driver smoke · Ubuntu 24.04	Install Ubuntu deps	2026-04-20T07:20:10.4201514Z Setting up libtag1v5:amd64 (1.13.1-1build1) ...
tauri-driver smoke · Ubuntu 24.04	Install Ubuntu deps	2026-04-20T07:20:10.4224875Z Setting up libdatrie-dev:amd64 (0.2.13-3build1) ...
tauri-driver smoke · Ubuntu 24.04	Install Ubuntu deps	2026-04-20T07:20:10.4247071Z Setting up gir1.2-glib-2.0-dev:amd64 (2.80.0-6ubuntu3.8) ...
tauri-driver smoke · Ubuntu 24.04	Install Ubuntu deps	2026-04-20T07:20:10.4269653Z Setting up libasyncns0:amd64 (0.8-6build4) ...
tauri-driver smoke · Ubuntu 24.04	Install Ubuntu deps	2026-04-20T07:20:10.4294111Z Setting up libgdk-pixbuf2.0-bin (2.42.10+dfsg-3ubuntu3.3) ...
tauri-driver smoke · Ubuntu 24.04	Install Ubuntu deps	2026-04-20T07:20:10.4317882Z Setting up libwavpack1:amd64 (5.6.0-1build1) ...
tauri-driver smoke · Ubuntu 24.04	Install Ubuntu deps	2026-04-20T07:20:10.4346349Z Setting up libtheora0:amd64 (1.1.1+dfsg.1-16.1build3) ...
tauri-driver smoke · Ubuntu 24.04	Install Ubuntu deps	2026-04-20T07:20:10.4373070Z Setting up libegl1:amd64 (1.7.0-1build1) ...
tauri-driver smoke · Ubuntu 24.04	Install Ubuntu deps	2026-04-20T07:20:10.4505658Z Setting up libharfbuzz-subset0:amd64 (8.3.0-2build2) ...
tauri-driver smoke · Ubuntu 24.04	Install Ubuntu deps	2026-04-20T07:20:10.4531047Z Setting up build-essential (12.10ubuntu1) ...
tauri-driver smoke · Ubuntu 24.04	Install Ubuntu deps	2026-04-20T07:20:10.4556081Z Setting up xorg-sgml-doctools (1:1.11-1.1) ...
tauri-driver smoke · Ubuntu 24.04	Install Ubuntu deps	2026-04-20T07:20:10.4578255Z Setting up libflac12t64:amd64 (1.4.3+ds-2.1ubuntu2) ...
tauri-driver smoke · Ubuntu 24.04	Install Ubuntu deps	2026-04-20T07:20:10.4601987Z Setting up libopengl-dev:amd64 (1.7.0-1build1) ...
tauri-driver smoke · Ubuntu 24.04	Install Ubuntu deps	2026-04-20T07:20:10.4624451Z Setting up glib-networking-common (2.80.0-1build1) ...
tauri-driver smoke · Ubuntu 24.04	Install Ubuntu deps	2026-04-20T07:20:10.4646239Z Setting up libjpeg8-dev:amd64 (8c-2ubuntu11) ...
tauri-driver smoke · Ubuntu 24.04	Install Ubuntu deps	2026-04-20T07:20:10.4673378Z Setting up gir1.2-rsvg-2.0:amd64 (2.58.0+dfsg-1build1) ...
tauri-driver smoke · Ubuntu 24.04	Install Ubuntu deps	2026-04-20T07:20:10.4697275Z Setting up libsharpyuv-dev:amd64 (1.3.2-0.4build3) ...
tauri-driver smoke · Ubuntu 24.04	Install Ubuntu deps	2026-04-20T07:20:10.4720006Z Setting up libayatana-indicator3-7:amd64 (0.9.4-1build1) ...
tauri-driver smoke · Ubuntu 24.04	Install Ubuntu deps	2026-04-20T07:20:10.4744494Z Setting up libtiffxx6:amd64 (4.5.1+git230720-4ubuntu2.5) ...
tauri-driver smoke · Ubuntu 24.04	Install Ubuntu deps	2026-04-20T07:20:10.4767316Z Setting up libdeflate-dev:amd64 (1.19-1build1.1) ...
tauri-driver smoke · Ubuntu 24.04	Install Ubuntu deps	2026-04-20T07:20:10.4788581Z Setting up libpipewire-0.3-0t64:amd64 (1.0.5-1ubuntu3.2) ...
tauri-driver smoke · Ubuntu 24.04	Install Ubuntu deps	2026-04-20T07:20:10.4812570Z Setting up libbrotli-dev:amd64 (1.1.0-2build2) ...
tauri-driver smoke · Ubuntu 24.04	Install Ubuntu deps	2026-04-20T07:20:10.4837243Z Setting up libsecret-common (0.21.4-1build3) ...
tauri-driver smoke · Ubuntu 24.04	Install Ubuntu deps	2026-04-20T07:20:10.4860892Z Setting up libmp3lame0:amd64 (3.100-6build1) ...
tauri-driver smoke · Ubuntu 24.04	Install Ubuntu deps	2026-04-20T07:20:10.4884744Z Setting up libgraphene-1.0-0:amd64 (1.10.8-3build2) ...
tauri-driver smoke · Ubuntu 24.04	Install Ubuntu deps	2026-04-20T07:20:10.4905541Z Setting up python3-mako (1.3.2-1) ...
tauri-driver smoke · Ubuntu 24.04	Install Ubuntu deps	2026-04-20T07:20:10.6450744Z Setting up libvorbisenc2:amd64 (1.3.7-1build3) ...
tauri-driver smoke · Ubuntu 24.04	Install Ubuntu deps	2026-04-20T07:20:10.6475582Z Setting up libaa1:amd64 (1.4p5-51.1) ...
tauri-driver smoke · Ubuntu 24.04	Install Ubuntu deps	2026-04-20T07:20:10.6500203Z Setting up libiec61883-0:amd64 (1.2.0-6build1) ...
tauri-driver smoke · Ubuntu 24.04	Install Ubuntu deps	2026-04-20T07:20:10.6528244Z Setting up libbz2-dev:amd64 (1.0.8-5.1build0.1) ...
tauri-driver smoke · Ubuntu 24.04	Install Ubuntu deps	2026-04-20T07:20:10.6555282Z Setting up libavc1394-0:amd64 (0.5.4-5build3) ...
tauri-driver smoke · Ubuntu 24.04	Install Ubuntu deps	2026-04-20T07:20:10.6580234Z Setting up gsettings-desktop-schemas (46.1-0ubuntu1) ...
tauri-driver smoke · Ubuntu 24.04	Install Ubuntu deps	2026-04-20T07:20:10.6604761Z Setting up glib-networking-services (2.80.0-1build1) ...
tauri-driver smoke · Ubuntu 24.04	Install Ubuntu deps	2026-04-20T07:20:10.6628749Z Setting up libblkid-dev:amd64 (2.39.3-9ubuntu6.5) ...
tauri-driver smoke · Ubuntu 24.04	Install Ubuntu deps	2026-04-20T07:20:10.6650915Z Setting up xdg-desktop-portal (1.18.4-1ubuntu2.24.04.1) ...
tauri-driver smoke · Ubuntu 24.04	Install Ubuntu deps	2026-04-20T07:20:10.7679413Z Created symlink /etc/systemd/user/graphical-session-pre.target.wants/xdg-desktop-portal-rewrite-launchers.service → /usr/lib/systemd/user/xdg-desktop-portal-rewrite-launchers.service.
tauri-driver smoke · Ubuntu 24.04	Install Ubuntu deps	2026-04-20T07:20:10.7680863Z 
tauri-driver smoke · Ubuntu 24.04	Install Ubuntu deps	2026-04-20T07:20:10.7707900Z Setting up libselinux1-dev:amd64 (3.5-2ubuntu2.1) ...
tauri-driver smoke · Ubuntu 24.04	Install Ubuntu deps	2026-04-20T07:20:10.7729279Z Setting up gobject-introspection-bin (1.80.1-1) ...
tauri-driver smoke · Ubuntu 24.04	Install Ubuntu deps	2026-04-20T07:20:10.9620521Z Setting up gir1.2-gtk-3.0:amd64 (3.24.41-4ubuntu1.3) ...
tauri-driver smoke · Ubuntu 24.04	Install Ubuntu deps	2026-04-20T07:20:10.9642181Z Setting up libjpeg-dev:amd64 (8c-2ubuntu11) ...
tauri-driver smoke · Ubuntu 24.04	Install Ubuntu deps	2026-04-20T07:20:10.9667491Z Setting up libgstreamer-plugins-base1.0-0:amd64 (1.24.2-1ubuntu0.4) ...
tauri-driver smoke · Ubuntu 24.04	Install Ubuntu deps	2026-04-20T07:20:10.9692267Z Setting up gir1.2-girepository-2.0-dev:amd64 (1.80.1-1) ...
tauri-driver smoke · Ubuntu 24.04	Install Ubuntu deps	2026-04-20T07:20:10.9713514Z Setting up libwayland-dev:amd64 (1.22.0-2.1build1) ...
tauri-driver smoke · Ubuntu 24.04	Install Ubuntu deps	2026-04-20T07:20:10.9751983Z Setting up gir1.2-javascriptcoregtk-4.1:amd64 (2.50.4-0ubuntu0.24.04.1) ...
tauri-driver smoke · Ubuntu 24.04	Install Ubuntu deps	2026-04-20T07:20:10.9776912Z Setting up libfreetype-dev:amd64 (2.13.2+dfsg-1ubuntu0.1) ...
tauri-driver smoke · Ubuntu 24.04	Install Ubuntu deps	2026-04-20T07:20:10.9799087Z Setting up libsecret-1-0:amd64 (0.21.4-1build3) ...
tauri-driver smoke · Ubuntu 24.04	Install Ubuntu deps	2026-04-20T07:20:10.9822428Z Setting up libgstreamer-plugins-good1.0-0:amd64 (1.24.2-1ubuntu1.3) ...
tauri-driver smoke · Ubuntu 24.04	Install Ubuntu deps	2026-04-20T07:20:10.9846701Z Setting up libwebp-dev:amd64 (1.3.2-0.4build3) ...
tauri-driver smoke · Ubuntu 24.04	Install Ubuntu deps	2026-04-20T07:20:10.9869924Z Setting up libgstreamer-gl1.0-0:amd64 (1.24.2-1ubuntu0.4) ...
tauri-driver smoke · Ubuntu 24.04	Install Ubuntu deps	2026-04-20T07:20:10.9905536Z Setting up gstreamer1.0-plugins-base:amd64 (1.24.2-1ubuntu0.4) ...
tauri-driver smoke · Ubuntu 24.04	Install Ubuntu deps	2026-04-20T07:20:10.9929503Z Setting up libtiff-dev:amd64 (4.5.1+git230720-4ubuntu2.5) ...
tauri-driver smoke · Ubuntu 24.04	Install Ubuntu deps	2026-04-20T07:20:10.9952461Z Setting up libayatana-appindicator3-1 (0.5.93-1build3) ...
tauri-driver smoke · Ubuntu 24.04	Install Ubuntu deps	2026-04-20T07:20:10.9978234Z Setting up gir1.2-freedesktop-dev:amd64 (1.80.1-1) ...
tauri-driver smoke · Ubuntu 24.04	Install Ubuntu deps	2026-04-20T07:20:10.9999657Z Setting up libshout3:amd64 (2.4.6-1build2) ...
tauri-driver smoke · Ubuntu 24.04	Install Ubuntu deps	2026-04-20T07:20:11.0023180Z Setting up libthai-dev:amd64 (0.1.29-2build1) ...
tauri-driver smoke · Ubuntu 24.04	Install Ubuntu deps	2026-04-20T07:20:11.0045842Z Setting up libsndfile1:amd64 (1.2.2-1ubuntu5.24.04.1) ...
tauri-driver smoke · Ubuntu 24.04	Install Ubuntu deps	2026-04-20T07:20:11.0072592Z Setting up gir1.2-ayatanaappindicator3-0.1 (0.5.93-1build3) ...
tauri-driver smoke · Ubuntu 24.04	Install Ubuntu deps	2026-04-20T07:20:11.0093057Z Setting up libmount-dev:amd64 (2.39.3-9ubuntu6.5) ...
tauri-driver smoke · Ubuntu 24.04	Install Ubuntu deps	2026-04-20T07:20:11.0120047Z Setting up gstreamer1.0-gl:amd64 (1.24.2-1ubuntu0.4) ...
tauri-driver smoke · Ubuntu 24.04	Install Ubuntu deps	2026-04-20T07:20:11.0143785Z Setting up gstreamer1.0-x:amd64 (1.24.2-1ubuntu0.4) ...
tauri-driver smoke · Ubuntu 24.04	Install Ubuntu deps	2026-04-20T07:20:11.0168023Z Setting up libpulse0:amd64 (1:16.1+dfsg1-2ubuntu10.1) ...
tauri-driver smoke · Ubuntu 24.04	Install Ubuntu deps	2026-04-20T07:20:11.0247584Z Setting up libfontconfig-dev:amd64 (2.15.0-1.1ubuntu2) ...
tauri-driver smoke · Ubuntu 24.04	Install Ubuntu deps	2026-04-20T07:20:11.0268734Z Setting up libglib2.0-dev:amd64 (2.80.0-6ubuntu3.8) ...
tauri-driver smoke · Ubuntu 24.04	Install Ubuntu deps	2026-04-20T07:20:11.0924997Z Processing triggers for libgdk-pixbuf-2.0-0:amd64 (2.42.10+dfsg-3ubuntu3.3) ...
tauri-driver smoke · Ubuntu 24.04	Install Ubuntu deps	2026-04-20T07:20:11.1336520Z Processing triggers for sgml-base (1.31) ...
tauri-driver smoke · Ubuntu 24.04	Install Ubuntu deps	2026-04-20T07:20:11.1474318Z Processing triggers for install-info (7.1-3build2) ...
tauri-driver smoke · Ubuntu 24.04	Install Ubuntu deps	2026-04-20T07:20:11.3598259Z Setting up x11proto-dev (2023.2-1) ...
tauri-driver smoke · Ubuntu 24.04	Install Ubuntu deps	2026-04-20T07:20:11.3692906Z Setting up libxau-dev:amd64 (1:1.0.9-1build6) ...
tauri-driver smoke · Ubuntu 24.04	Install Ubuntu deps	2026-04-20T07:20:11.3732993Z Setting up libice-dev:amd64 (2:1.0.10-1build3) ...
tauri-driver smoke · Ubuntu 24.04	Install Ubuntu deps	2026-04-20T07:20:11.3762075Z Setting up libsm-dev:amd64 (2:1.2.3-1build3) ...
tauri-driver smoke · Ubuntu 24.04	Install Ubuntu deps	2026-04-20T07:20:11.3815054Z Processing triggers for libc-bin (2.39-0ubuntu8.7) ...
tauri-driver smoke · Ubuntu 24.04	Install Ubuntu deps	2026-04-20T07:20:11.4224471Z Processing triggers for man-db (2.12.0-4build2) ...
tauri-driver smoke · Ubuntu 24.04	Install Ubuntu deps	2026-04-20T07:20:11.4248625Z Not building database; man-db/auto-update is not 'true'.
tauri-driver smoke · Ubuntu 24.04	Install Ubuntu deps	2026-04-20T07:20:11.4264130Z Setting up libxdmcp-dev:amd64 (1:1.1.3-0ubuntu6) ...
tauri-driver smoke · Ubuntu 24.04	Install Ubuntu deps	2026-04-20T07:20:11.4303820Z Processing triggers for libglib2.0-0t64:amd64 (2.80.0-6ubuntu3.8) ...
tauri-driver smoke · Ubuntu 24.04	Install Ubuntu deps	2026-04-20T07:20:11.4765934Z Setting up glib-networking:amd64 (2.80.0-1build1) ...
tauri-driver smoke · Ubuntu 24.04	Install Ubuntu deps	2026-04-20T07:20:11.4809664Z Setting up libjavascriptcoregtk-4.1-dev:amd64 (2.50.4-0ubuntu0.24.04.1) ...
tauri-driver smoke · Ubuntu 24.04	Install Ubuntu deps	2026-04-20T07:20:11.4840626Z Setting up libatk1.0-dev:amd64 (2.52.0-1build1) ...
tauri-driver smoke · Ubuntu 24.04	Install Ubuntu deps	2026-04-20T07:20:11.4881025Z Setting up libgdk-pixbuf-2.0-dev:amd64 (2.42.10+dfsg-3ubuntu3.3) ...
tauri-driver smoke · Ubuntu 24.04	Install Ubuntu deps	2026-04-20T07:20:11.4920072Z Setting up xdg-desktop-portal-gtk (1.15.1-1build2) ...
tauri-driver smoke · Ubuntu 24.04	Install Ubuntu deps	2026-04-20T07:20:11.4983567Z Setting up libharfbuzz-dev:amd64 (8.3.0-2build2) ...
tauri-driver smoke · Ubuntu 24.04	Install Ubuntu deps	2026-04-20T07:20:11.5022469Z Setting up libxcb1-dev:amd64 (1.15-1ubuntu2) ...
tauri-driver smoke · Ubuntu 24.04	Install Ubuntu deps	2026-04-20T07:20:11.5108429Z Setting up libsoup-3.0-0:amd64 (3.4.4-5ubuntu0.7) ...
tauri-driver smoke · Ubuntu 24.04	Install Ubuntu deps	2026-04-20T07:20:11.5141974Z Setting up libx11-dev:amd64 (2:1.8.7-1build1) ...
tauri-driver smoke · Ubuntu 24.04	Install Ubuntu deps	2026-04-20T07:20:11.5184445Z Setting up gobject-introspection:amd64 (1.80.1-1) ...
tauri-driver smoke · Ubuntu 24.04	Install Ubuntu deps	2026-04-20T07:20:11.5223638Z Setting up libxfixes-dev:amd64 (1:6.0.0-2build1) ...
tauri-driver smoke · Ubuntu 24.04	Install Ubuntu deps	2026-04-20T07:20:11.5245781Z Setting up libxcb-shm0-dev:amd64 (1.15-1ubuntu2) ...
tauri-driver smoke · Ubuntu 24.04	Install Ubuntu deps	2026-04-20T07:20:11.5334521Z Setting up libgirepository-1.0-dev:amd64 (1.80.1-1) ...
tauri-driver smoke · Ubuntu 24.04	Install Ubuntu deps	2026-04-20T07:20:11.5365232Z Setting up libxcb-render0-dev:amd64 (1.15-1ubuntu2) ...
tauri-driver smoke · Ubuntu 24.04	Install Ubuntu deps	2026-04-20T07:20:11.5387797Z Setting up libxext-dev:amd64 (2:1.3.4-1build2) ...
tauri-driver smoke · Ubuntu 24.04	Install Ubuntu deps	2026-04-20T07:20:11.5424767Z Setting up gir1.2-soup-3.0:amd64 (3.4.4-5ubuntu0.7) ...
tauri-driver smoke · Ubuntu 24.04	Install Ubuntu deps	2026-04-20T07:20:11.5461988Z Setting up libglx-dev:amd64 (1.7.0-1build1) ...
tauri-driver smoke · Ubuntu 24.04	Install Ubuntu deps	2026-04-20T07:20:11.5495423Z Setting up libxi-dev:amd64 (2:1.8.1-1build1) ...
tauri-driver smoke · Ubuntu 24.04	Install Ubuntu deps	2026-04-20T07:20:11.5526808Z Setting up libxrender-dev:amd64 (1:0.9.10-1.1build1) ...
tauri-driver smoke · Ubuntu 24.04	Install Ubuntu deps	2026-04-20T07:20:11.5667811Z Setting up libgl-dev:amd64 (1.7.0-1build1) ...
tauri-driver smoke · Ubuntu 24.04	Install Ubuntu deps	2026-04-20T07:20:11.5693032Z Setting up libxft-dev:amd64 (2.3.6-1build1) ...
tauri-driver smoke · Ubuntu 24.04	Install Ubuntu deps	2026-04-20T07:20:11.5718256Z Setting up libxtst-dev:amd64 (2:1.2.3-1.1build1) ...
tauri-driver smoke · Ubuntu 24.04	Install Ubuntu deps	2026-04-20T07:20:11.5768643Z Setting up libxdamage-dev:amd64 (1:1.1.6-1build1) ...
tauri-driver smoke · Ubuntu 24.04	Install Ubuntu deps	2026-04-20T07:20:11.5795135Z Setting up libatspi2.0-dev:amd64 (2.52.0-1build1) ...
tauri-driver smoke · Ubuntu 24.04	Install Ubuntu deps	2026-04-20T07:20:11.5879864Z Setting up libegl-dev:amd64 (1.7.0-1build1) ...
tauri-driver smoke · Ubuntu 24.04	Install Ubuntu deps	2026-04-20T07:20:11.5909049Z Setting up libxcomposite-dev:amd64 (1:0.4.5-1build3) ...
tauri-driver smoke · Ubuntu 24.04	Install Ubuntu deps	2026-04-20T07:20:11.5931233Z Setting up libxcursor-dev:amd64 (1:1.2.1-1build1) ...
tauri-driver smoke · Ubuntu 24.04	Install Ubuntu deps	2026-04-20T07:20:11.5968198Z Setting up gstreamer1.0-plugins-good:amd64 (1.24.2-1ubuntu1.3) ...
tauri-driver smoke · Ubuntu 24.04	Install Ubuntu deps	2026-04-20T07:20:11.6008678Z Setting up libepoxy-dev:amd64 (1.5.10-1build1) ...
tauri-driver smoke · Ubuntu 24.04	Install Ubuntu deps	2026-04-20T07:20:11.6040522Z Setting up libatk-bridge2.0-dev:amd64 (2.52.0-1build1) ...
tauri-driver smoke · Ubuntu 24.04	Install Ubuntu deps	2026-04-20T07:20:11.6086563Z Setting up libxrandr-dev:amd64 (2:1.5.2-2build1) ...
tauri-driver smoke · Ubuntu 24.04	Install Ubuntu deps	2026-04-20T07:20:11.6125100Z Setting up libsoup-3.0-dev:amd64 (3.4.4-5ubuntu0.7) ...
tauri-driver smoke · Ubuntu 24.04	Install Ubuntu deps	2026-04-20T07:20:11.6148553Z Setting up libgirepository1.0-dev (1.80.1-1) ...
tauri-driver smoke · Ubuntu 24.04	Install Ubuntu deps	2026-04-20T07:20:11.6198860Z Setting up libxinerama-dev:amd64 (2:1.1.4-3build1) ...
tauri-driver smoke · Ubuntu 24.04	Install Ubuntu deps	2026-04-20T07:20:11.6240639Z Setting up libcairo2-dev:amd64 (1.18.0-3build1) ...
tauri-driver smoke · Ubuntu 24.04	Install Ubuntu deps	2026-04-20T07:20:11.6269230Z Setting up libgles-dev:amd64 (1.7.0-1build1) ...
tauri-driver smoke · Ubuntu 24.04	Install Ubuntu deps	2026-04-20T07:20:11.6325571Z Setting up libwebkit2gtk-4.1-0:amd64 (2.50.4-0ubuntu0.24.04.1) ...
tauri-driver smoke · Ubuntu 24.04	Install Ubuntu deps	2026-04-20T07:20:11.6375119Z Setting up gir1.2-webkit2-4.1:amd64 (2.50.4-0ubuntu0.24.04.1) ...
tauri-driver smoke · Ubuntu 24.04	Install Ubuntu deps	2026-04-20T07:20:11.6418927Z Setting up libglvnd-dev:amd64 (1.7.0-1build1) ...
tauri-driver smoke · Ubuntu 24.04	Install Ubuntu deps	2026-04-20T07:20:11.6463063Z Setting up libpango1.0-dev:amd64 (1.52.1+ds-1build1) ...
tauri-driver smoke · Ubuntu 24.04	Install Ubuntu deps	2026-04-20T07:20:11.6513517Z Setting up librsvg2-dev:amd64 (2.58.0+dfsg-1build1) ...
tauri-driver smoke · Ubuntu 24.04	Install Ubuntu deps	2026-04-20T07:20:11.6546226Z Setting up libegl1-mesa-dev:amd64 (25.2.8-0ubuntu0.24.04.1) ...
tauri-driver smoke · Ubuntu 24.04	Install Ubuntu deps	2026-04-20T07:20:11.6580730Z Setting up libgtk-3-dev:amd64 (3.24.41-4ubuntu1.3) ...
tauri-driver smoke · Ubuntu 24.04	Install Ubuntu deps	2026-04-20T07:20:11.6634673Z Setting up libayatana-ido3-dev (0.10.1-1build2) ...
tauri-driver smoke · Ubuntu 24.04	Install Ubuntu deps	2026-04-20T07:20:11.6670744Z Setting up libayatana-indicator3-dev (0.9.4-1build1) ...
tauri-driver smoke · Ubuntu 24.04	Install Ubuntu deps	2026-04-20T07:20:11.6717271Z Setting up libwebkit2gtk-4.1-dev (2.50.4-0ubuntu0.24.04.1) ...
tauri-driver smoke · Ubuntu 24.04	Install Ubuntu deps	2026-04-20T07:20:11.6762514Z Setting up libayatana-appindicator3-dev (0.5.93-1build3) ...
tauri-driver smoke · Ubuntu 24.04	Install Ubuntu deps	2026-04-20T07:20:11.6787261Z Processing triggers for libc-bin (2.39-0ubuntu8.7) ...
tauri-driver smoke · Ubuntu 24.04	Install Ubuntu deps	2026-04-20T07:20:12.3104909Z 
tauri-driver smoke · Ubuntu 24.04	Install Ubuntu deps	2026-04-20T07:20:12.3105736Z Running kernel seems to be up-to-date.
tauri-driver smoke · Ubuntu 24.04	Install Ubuntu deps	2026-04-20T07:20:12.3106499Z 
tauri-driver smoke · Ubuntu 24.04	Install Ubuntu deps	2026-04-20T07:20:12.3106938Z No services need to be restarted.
tauri-driver smoke · Ubuntu 24.04	Install Ubuntu deps	2026-04-20T07:20:12.3107441Z 
tauri-driver smoke · Ubuntu 24.04	Install Ubuntu deps	2026-04-20T07:20:12.3107855Z No containers need to be restarted.
tauri-driver smoke · Ubuntu 24.04	Install Ubuntu deps	2026-04-20T07:20:12.3108327Z 
tauri-driver smoke · Ubuntu 24.04	Install Ubuntu deps	2026-04-20T07:20:12.3108789Z No user sessions are running outdated binaries.
tauri-driver smoke · Ubuntu 24.04	Install Ubuntu deps	2026-04-20T07:20:12.3109323Z 
tauri-driver smoke · Ubuntu 24.04	Install Ubuntu deps	2026-04-20T07:20:12.3109950Z No VM guests are running outdated hypervisor (qemu) binaries on this host.
tauri-driver smoke · Ubuntu 24.04	Cache cargo registry	﻿2026-04-20T07:20:13.1397949Z ##[group]Run actions/cache@v5
tauri-driver smoke · Ubuntu 24.04	Cache cargo registry	2026-04-20T07:20:13.1398205Z with:
tauri-driver smoke · Ubuntu 24.04	Cache cargo registry	2026-04-20T07:20:13.1398485Z   path: ~/.cargo/registry
tauri-driver smoke · Ubuntu 24.04	Cache cargo registry	~/.cargo/git
tauri-driver smoke · Ubuntu 24.04	Cache cargo registry	docs/spikes/code/SPIKE-08/target
tauri-driver smoke · Ubuntu 24.04	Cache cargo registry	
tauri-driver smoke · Ubuntu 24.04	Cache cargo registry	2026-04-20T07:20:13.1399060Z   key: spike-08-linux-cargo-Linux-d6893f531468942753677e882740c562191e9b5a193919479672ddc8099a0d2b
tauri-driver smoke · Ubuntu 24.04	Cache cargo registry	2026-04-20T07:20:13.1399548Z   enableCrossOsArchive: false
tauri-driver smoke · Ubuntu 24.04	Cache cargo registry	2026-04-20T07:20:13.1399772Z   fail-on-cache-miss: false
tauri-driver smoke · Ubuntu 24.04	Cache cargo registry	2026-04-20T07:20:13.1399983Z   lookup-only: false
tauri-driver smoke · Ubuntu 24.04	Cache cargo registry	2026-04-20T07:20:13.1400161Z   save-always: false
tauri-driver smoke · Ubuntu 24.04	Cache cargo registry	2026-04-20T07:20:13.1400334Z env:
tauri-driver smoke · Ubuntu 24.04	Cache cargo registry	2026-04-20T07:20:13.1400500Z   CARGO_HOME: /home/runner/.cargo
tauri-driver smoke · Ubuntu 24.04	Cache cargo registry	2026-04-20T07:20:13.1400728Z   CARGO_INCREMENTAL: 0
tauri-driver smoke · Ubuntu 24.04	Cache cargo registry	2026-04-20T07:20:13.1400924Z   CARGO_TERM_COLOR: always
tauri-driver smoke · Ubuntu 24.04	Cache cargo registry	2026-04-20T07:20:13.1401121Z ##[endgroup]
tauri-driver smoke · Ubuntu 24.04	Cache cargo registry	2026-04-20T07:20:13.3270194Z Cache not found for input keys: spike-08-linux-cargo-Linux-d6893f531468942753677e882740c562191e9b5a193919479672ddc8099a0d2b
tauri-driver smoke · Ubuntu 24.04	Install tauri-driver	﻿2026-04-20T07:20:13.3343779Z ##[group]Run cargo install tauri-driver --locked
tauri-driver smoke · Ubuntu 24.04	Install tauri-driver	2026-04-20T07:20:13.3344154Z [36;1mcargo install tauri-driver --locked[0m
tauri-driver smoke · Ubuntu 24.04	Install tauri-driver	2026-04-20T07:20:13.3366096Z shell: /usr/bin/bash -e {0}
tauri-driver smoke · Ubuntu 24.04	Install tauri-driver	2026-04-20T07:20:13.3366324Z env:
tauri-driver smoke · Ubuntu 24.04	Install tauri-driver	2026-04-20T07:20:13.3366502Z   CARGO_HOME: /home/runner/.cargo
tauri-driver smoke · Ubuntu 24.04	Install tauri-driver	2026-04-20T07:20:13.3366736Z   CARGO_INCREMENTAL: 0
tauri-driver smoke · Ubuntu 24.04	Install tauri-driver	2026-04-20T07:20:13.3366935Z   CARGO_TERM_COLOR: always
tauri-driver smoke · Ubuntu 24.04	Install tauri-driver	2026-04-20T07:20:13.3367131Z ##[endgroup]
tauri-driver smoke · Ubuntu 24.04	Install tauri-driver	2026-04-20T07:20:13.3655024Z [1m[92m    Updating[0m crates.io index
tauri-driver smoke · Ubuntu 24.04	Install tauri-driver	2026-04-20T07:20:13.9082913Z [1m[92m Downloading[0m crates ...
tauri-driver smoke · Ubuntu 24.04	Install tauri-driver	2026-04-20T07:20:14.1480459Z [1m[92m  Downloaded[0m tauri-driver v2.0.5
tauri-driver smoke · Ubuntu 24.04	Install tauri-driver	2026-04-20T07:20:14.1617303Z [1m[92m  Installing[0m tauri-driver v2.0.5
tauri-driver smoke · Ubuntu 24.04	Install tauri-driver	2026-04-20T07:20:14.1633034Z [1m[92m    Updating[0m crates.io index
tauri-driver smoke · Ubuntu 24.04	Install tauri-driver	2026-04-20T07:20:14.8263158Z [1m[92m    Updating[0m crates.io index
tauri-driver smoke · Ubuntu 24.04	Install tauri-driver	2026-04-20T07:20:14.9546226Z [1m[92m Downloading[0m crates ...
tauri-driver smoke · Ubuntu 24.04	Install tauri-driver	2026-04-20T07:20:15.0179844Z [1m[92m  Downloaded[0m autocfg v1.4.0
tauri-driver smoke · Ubuntu 24.04	Install tauri-driver	2026-04-20T07:20:15.0261202Z [1m[92m  Downloaded[0m atomic-waker v1.1.2
tauri-driver smoke · Ubuntu 24.04	Install tauri-driver	2026-04-20T07:20:15.0283578Z [1m[92m  Downloaded[0m env_home v0.1.0
tauri-driver smoke · Ubuntu 24.04	Install tauri-driver	2026-04-20T07:20:15.0309696Z [1m[92m  Downloaded[0m anyhow v1.0.95
tauri-driver smoke · Ubuntu 24.04	Install tauri-driver	2026-04-20T07:20:15.0380009Z [1m[92m  Downloaded[0m futures v0.3.31
tauri-driver smoke · Ubuntu 24.04	Install tauri-driver	2026-04-20T07:20:15.0429995Z [1m[92m  Downloaded[0m fnv v1.0.7
tauri-driver smoke · Ubuntu 24.04	Install tauri-driver	2026-04-20T07:20:15.0479735Z [1m[92m  Downloaded[0m errno v0.3.10
tauri-driver smoke · Ubuntu 24.04	Install tauri-driver	2026-04-20T07:20:15.0580594Z [1m[92m  Downloaded[0m bitflags v2.7.0
tauri-driver smoke · Ubuntu 24.04	Install tauri-driver	2026-04-20T07:20:15.0630775Z [1m[92m  Downloaded[0m http-body v1.0.1
tauri-driver smoke · Ubuntu 24.04	Install tauri-driver	2026-04-20T07:20:15.0643217Z [1m[92m  Downloaded[0m try-lock v0.2.5
tauri-driver smoke · Ubuntu 24.04	Install tauri-driver	2026-04-20T07:20:15.0653484Z [1m[92m  Downloaded[0m futures-task v0.3.31
tauri-driver smoke · Ubuntu 24.04	Install tauri-driver	2026-04-20T07:20:15.0785815Z [1m[92m  Downloaded[0m want v0.3.1
tauri-driver smoke · Ubuntu 24.04	Install tauri-driver	2026-04-20T07:20:15.0797155Z [1m[92m  Downloaded[0m tower-service v0.3.3
tauri-driver smoke · Ubuntu 24.04	Install tauri-driver	2026-04-20T07:20:15.0805734Z [1m[92m  Downloaded[0m tokio-macros v2.5.0
tauri-driver smoke · Ubuntu 24.04	Install tauri-driver	2026-04-20T07:20:15.0816449Z [1m[92m  Downloaded[0m itoa v1.0.14
tauri-driver smoke · Ubuntu 24.04	Install tauri-driver	2026-04-20T07:20:15.0833628Z [1m[92m  Downloaded[0m futures-core v0.3.31
tauri-driver smoke · Ubuntu 24.04	Install tauri-driver	2026-04-20T07:20:15.0849014Z [1m[92m  Downloaded[0m futures-sink v0.3.31
tauri-driver smoke · Ubuntu 24.04	Install tauri-driver	2026-04-20T07:20:15.0890387Z [1m[92m  Downloaded[0m signal-hook-tokio v0.4.0
tauri-driver smoke · Ubuntu 24.04	Install tauri-driver	2026-04-20T07:20:15.0903486Z [1m[92m  Downloaded[0m pin-utils v0.1.0
tauri-driver smoke · Ubuntu 24.04	Install tauri-driver	2026-04-20T07:20:15.0915981Z [1m[92m  Downloaded[0m pico-args v0.5.0
tauri-driver smoke · Ubuntu 24.04	Install tauri-driver	2026-04-20T07:20:15.0932833Z [1m[92m  Downloaded[0m httpdate v1.0.3
tauri-driver smoke · Ubuntu 24.04	Install tauri-driver	2026-04-20T07:20:15.0946836Z [1m[92m  Downloaded[0m futures-io v0.3.31
tauri-driver smoke · Ubuntu 24.04	Install tauri-driver	2026-04-20T07:20:15.0992885Z [1m[92m  Downloaded[0m which v8.0.0
tauri-driver smoke · Ubuntu 24.04	Install tauri-driver	2026-04-20T07:20:15.1014577Z [1m[92m  Downloaded[0m slab v0.4.9
tauri-driver smoke · Ubuntu 24.04	Install tauri-driver	2026-04-20T07:20:15.1027480Z [1m[92m  Downloaded[0m signal-hook-registry v1.4.2
tauri-driver smoke · Ubuntu 24.04	Install tauri-driver	2026-04-20T07:20:15.1040277Z [1m[92m  Downloaded[0m pin-project-lite v0.2.16
tauri-driver smoke · Ubuntu 24.04	Install tauri-driver	2026-04-20T07:20:15.1101206Z [1m[92m  Downloaded[0m once_cell v1.20.2
tauri-driver smoke · Ubuntu 24.04	Install tauri-driver	2026-04-20T07:20:15.1127522Z [1m[92m  Downloaded[0m quote v1.0.38
tauri-driver smoke · Ubuntu 24.04	Install tauri-driver	2026-04-20T07:20:15.1157693Z [1m[92m  Downloaded[0m unicode-ident v1.0.14
tauri-driver smoke · Ubuntu 24.04	Install tauri-driver	2026-04-20T07:20:15.1184783Z [1m[92m  Downloaded[0m smallvec v1.13.2
tauri-driver smoke · Ubuntu 24.04	Install tauri-driver	2026-04-20T07:20:15.1207640Z [1m[92m  Downloaded[0m httparse v1.9.5
tauri-driver smoke · Ubuntu 24.04	Install tauri-driver	2026-04-20T07:20:15.1234256Z [1m[92m  Downloaded[0m tracing-core v0.1.33
tauri-driver smoke · Ubuntu 24.04	Install tauri-driver	2026-04-20T07:20:15.1262285Z [1m[92m  Downloaded[0m futures-macro v0.3.31
tauri-driver smoke · Ubuntu 24.04	Install tauri-driver	2026-04-20T07:20:15.1272554Z [1m[92m  Downloaded[0m bytes v1.11.1
tauri-driver smoke · Ubuntu 24.04	Install tauri-driver	2026-04-20T07:20:15.1317156Z [1m[92m  Downloaded[0m socket2 v0.6.1
tauri-driver smoke · Ubuntu 24.04	Install tauri-driver	2026-04-20T07:20:15.1339868Z [1m[92m  Downloaded[0m serde v1.0.228
tauri-driver smoke · Ubuntu 24.04	Install tauri-driver	2026-04-20T07:20:15.1376678Z [1m[92m  Downloaded[0m tracing v0.1.41
tauri-driver smoke · Ubuntu 24.04	Install tauri-driver	2026-04-20T07:20:15.1415466Z [1m[92m  Downloaded[0m socket2 v0.5.8
tauri-driver smoke · Ubuntu 24.04	Install tauri-driver	2026-04-20T07:20:15.1439498Z [1m[92m  Downloaded[0m memchr v2.7.4
tauri-driver smoke · Ubuntu 24.04	Install tauri-driver	2026-04-20T07:20:15.1497920Z [1m[92m  Downloaded[0m mio v1.0.3
tauri-driver smoke · Ubuntu 24.04	Install tauri-driver	2026-04-20T07:20:15.1567334Z [1m[92m  Downloaded[0m hyper-util v0.1.19
tauri-driver smoke · Ubuntu 24.04	Install tauri-driver	2026-04-20T07:20:15.1632766Z [1m[92m  Downloaded[0m serde_json v1.0.145
tauri-driver smoke · Ubuntu 24.04	Install tauri-driver	2026-04-20T07:20:15.1706315Z [1m[92m  Downloaded[0m hyper v1.8.1
tauri-driver smoke · Ubuntu 24.04	Install tauri-driver	2026-04-20T07:20:15.1771995Z [1m[92m  Downloaded[0m futures-util v0.3.31
tauri-driver smoke · Ubuntu 24.04	Install tauri-driver	2026-04-20T07:20:15.1902546Z [1m[92m  Downloaded[0m http v1.3.1
tauri-driver smoke · Ubuntu 24.04	Install tauri-driver	2026-04-20T07:20:15.1937962Z [1m[92m  Downloaded[0m signal-hook v0.4.1
tauri-driver smoke · Ubuntu 24.04	Install tauri-driver	2026-04-20T07:20:15.1968829Z [1m[92m  Downloaded[0m serde_derive v1.0.228
tauri-driver smoke · Ubuntu 24.04	Install tauri-driver	2026-04-20T07:20:15.1999502Z [1m[92m  Downloaded[0m serde_core v1.0.228
tauri-driver smoke · Ubuntu 24.04	Install tauri-driver	2026-04-20T07:20:15.2028561Z [1m[92m  Downloaded[0m ryu v1.0.18
tauri-driver smoke · Ubuntu 24.04	Install tauri-driver	2026-04-20T07:20:15.2061405Z [1m[92m  Downloaded[0m syn v2.0.95
tauri-driver smoke · Ubuntu 24.04	Install tauri-driver	2026-04-20T07:20:15.2167567Z [1m[92m  Downloaded[0m proc-macro2 v1.0.92
tauri-driver smoke · Ubuntu 24.04	Install tauri-driver	2026-04-20T07:20:15.2193880Z [1m[92m  Downloaded[0m futures-channel v0.3.31
tauri-driver smoke · Ubuntu 24.04	Install tauri-driver	2026-04-20T07:20:15.2214088Z [1m[92m  Downloaded[0m http-body-util v0.1.2
tauri-driver smoke · Ubuntu 24.04	Install tauri-driver	2026-04-20T07:20:15.2231242Z [1m[92m  Downloaded[0m futures-executor v0.3.31
tauri-driver smoke · Ubuntu 24.04	Install tauri-driver	2026-04-20T07:20:15.2246057Z [1m[92m  Downloaded[0m rustix v1.0.7
tauri-driver smoke · Ubuntu 24.04	Install tauri-driver	2026-04-20T07:20:15.2543952Z [1m[92m  Downloaded[0m tokio v1.45.1
tauri-driver smoke · Ubuntu 24.04	Install tauri-driver	2026-04-20T07:20:15.2948315Z [1m[92m  Downloaded[0m libc v0.2.178
tauri-driver smoke · Ubuntu 24.04	Install tauri-driver	2026-04-20T07:20:15.3420875Z [1m[92m  Downloaded[0m linux-raw-sys v0.9.4
tauri-driver smoke · Ubuntu 24.04	Install tauri-driver	2026-04-20T07:20:15.4192067Z [1m[92m   Compiling[0m proc-macro2 v1.0.92
tauri-driver smoke · Ubuntu 24.04	Install tauri-driver	2026-04-20T07:20:15.4193387Z [1m[92m   Compiling[0m unicode-ident v1.0.14
tauri-driver smoke · Ubuntu 24.04	Install tauri-driver	2026-04-20T07:20:15.4723232Z [1m[92m   Compiling[0m libc v0.2.178
tauri-driver smoke · Ubuntu 24.04	Install tauri-driver	2026-04-20T07:20:16.1033632Z [1m[92m   Compiling[0m quote v1.0.38
tauri-driver smoke · Ubuntu 24.04	Install tauri-driver	2026-04-20T07:20:16.3053539Z [1m[92m   Compiling[0m syn v2.0.95
tauri-driver smoke · Ubuntu 24.04	Install tauri-driver	2026-04-20T07:20:16.4952238Z [1m[92m   Compiling[0m pin-project-lite v0.2.16
tauri-driver smoke · Ubuntu 24.04	Install tauri-driver	2026-04-20T07:20:16.5283033Z [1m[92m   Compiling[0m autocfg v1.4.0
tauri-driver smoke · Ubuntu 24.04	Install tauri-driver	2026-04-20T07:20:16.8053586Z [1m[92m   Compiling[0m futures-core v0.3.31
tauri-driver smoke · Ubuntu 24.04	Install tauri-driver	2026-04-20T07:20:16.8833547Z [1m[92m   Compiling[0m slab v0.4.9
tauri-driver smoke · Ubuntu 24.04	Install tauri-driver	2026-04-20T07:20:16.9503216Z [1m[92m   Compiling[0m futures-sink v0.3.31
tauri-driver smoke · Ubuntu 24.04	Install tauri-driver	2026-04-20T07:20:17.0026955Z [1m[92m   Compiling[0m futures-channel v0.3.31
tauri-driver smoke · Ubuntu 24.04	Install tauri-driver	2026-04-20T07:20:17.2083079Z [1m[92m   Compiling[0m itoa v1.0.14
tauri-driver smoke · Ubuntu 24.04	Install tauri-driver	2026-04-20T07:20:17.2813418Z [1m[92m   Compiling[0m memchr v2.7.4
tauri-driver smoke · Ubuntu 24.04	Install tauri-driver	2026-04-20T07:20:18.4895810Z [1m[92m   Compiling[0m pin-utils v0.1.0
tauri-driver smoke · Ubuntu 24.04	Install tauri-driver	2026-04-20T07:20:18.6233123Z [1m[92m   Compiling[0m bytes v1.11.1
tauri-driver smoke · Ubuntu 24.04	Install tauri-driver	2026-04-20T07:20:19.4704633Z [1m[92m   Compiling[0m futures-io v0.3.31
tauri-driver smoke · Ubuntu 24.04	Install tauri-driver	2026-04-20T07:20:19.5782854Z [1m[92m   Compiling[0m fnv v1.0.7
tauri-driver smoke · Ubuntu 24.04	Install tauri-driver	2026-04-20T07:20:19.6103434Z [1m[92m   Compiling[0m futures-task v0.3.31
tauri-driver smoke · Ubuntu 24.04	Install tauri-driver	2026-04-20T07:20:19.7043296Z [1m[92m   Compiling[0m http v1.3.1
tauri-driver smoke · Ubuntu 24.04	Install tauri-driver	2026-04-20T07:20:19.8413165Z [1m[92m   Compiling[0m futures-macro v0.3.31
tauri-driver smoke · Ubuntu 24.04	Install tauri-driver	2026-04-20T07:20:20.4183879Z [1m[92m   Compiling[0m futures-util v0.3.31
tauri-driver smoke · Ubuntu 24.04	Install tauri-driver	2026-04-20T07:20:21.7923816Z [1m[92m   Compiling[0m tokio-macros v2.5.0
tauri-driver smoke · Ubuntu 24.04	Install tauri-driver	2026-04-20T07:20:22.2424235Z [1m[92m   Compiling[0m mio v1.0.3
tauri-driver smoke · Ubuntu 24.04	Install tauri-driver	2026-04-20T07:20:22.8715423Z [1m[92m   Compiling[0m socket2 v0.5.8
tauri-driver smoke · Ubuntu 24.04	Install tauri-driver	2026-04-20T07:20:23.2826117Z [1m[92m   Compiling[0m httparse v1.9.5
tauri-driver smoke · Ubuntu 24.04	Install tauri-driver	2026-04-20T07:20:23.4450285Z [1m[92m   Compiling[0m serde_core v1.0.228
tauri-driver smoke · Ubuntu 24.04	Install tauri-driver	2026-04-20T07:20:23.6145370Z [1m[92m   Compiling[0m tokio v1.45.1
tauri-driver smoke · Ubuntu 24.04	Install tauri-driver	2026-04-20T07:20:23.7957918Z [1m[92m   Compiling[0m http-body v1.0.1
tauri-driver smoke · Ubuntu 24.04	Install tauri-driver	2026-04-20T07:20:23.8672714Z [1m[92m   Compiling[0m once_cell v1.20.2
tauri-driver smoke · Ubuntu 24.04	Install tauri-driver	2026-04-20T07:20:24.0124231Z [1m[92m   Compiling[0m try-lock v0.2.5
tauri-driver smoke · Ubuntu 24.04	Install tauri-driver	2026-04-20T07:20:24.0533955Z [1m[92m   Compiling[0m signal-hook v0.4.1
tauri-driver smoke · Ubuntu 24.04	Install tauri-driver	2026-04-20T07:20:24.1164203Z [1m[92m   Compiling[0m rustix v1.0.7
tauri-driver smoke · Ubuntu 24.04	Install tauri-driver	2026-04-20T07:20:24.3164328Z [1m[92m   Compiling[0m want v0.3.1
tauri-driver smoke · Ubuntu 24.04	Install tauri-driver	2026-04-20T07:20:24.4097151Z [1m[92m   Compiling[0m tracing-core v0.1.33
tauri-driver smoke · Ubuntu 24.04	Install tauri-driver	2026-04-20T07:20:28.3433447Z [1m[92m   Compiling[0m signal-hook-registry v1.4.2
tauri-driver smoke · Ubuntu 24.04	Install tauri-driver	2026-04-20T07:20:28.9773465Z [1m[92m   Compiling[0m smallvec v1.13.2
tauri-driver smoke · Ubuntu 24.04	Install tauri-driver	2026-04-20T07:20:29.1543001Z [1m[92m   Compiling[0m anyhow v1.0.95
tauri-driver smoke · Ubuntu 24.04	Install tauri-driver	2026-04-20T07:20:29.2983449Z [1m[92m   Compiling[0m atomic-waker v1.1.2
tauri-driver smoke · Ubuntu 24.04	Install tauri-driver	2026-04-20T07:20:29.3483646Z [1m[92m   Compiling[0m serde_json v1.0.145
tauri-driver smoke · Ubuntu 24.04	Install tauri-driver	2026-04-20T07:20:29.4184039Z [1m[92m   Compiling[0m bitflags v2.7.0
tauri-driver smoke · Ubuntu 24.04	Install tauri-driver	2026-04-20T07:20:29.7363155Z [1m[92m   Compiling[0m linux-raw-sys v0.9.4
tauri-driver smoke · Ubuntu 24.04	Install tauri-driver	2026-04-20T07:20:30.0303029Z [1m[92m   Compiling[0m httpdate v1.0.3
tauri-driver smoke · Ubuntu 24.04	Install tauri-driver	2026-04-20T07:20:30.3460505Z [1m[92m   Compiling[0m serde v1.0.228
tauri-driver smoke · Ubuntu 24.04	Install tauri-driver	2026-04-20T07:20:30.4891116Z [1m[92m   Compiling[0m hyper v1.8.1
tauri-driver smoke · Ubuntu 24.04	Install tauri-driver	2026-04-20T07:20:34.7033232Z [1m[92m   Compiling[0m tracing v0.1.41
tauri-driver smoke · Ubuntu 24.04	Install tauri-driver	2026-04-20T07:20:34.9753458Z [1m[92m   Compiling[0m futures-executor v0.3.31
tauri-driver smoke · Ubuntu 24.04	Install tauri-driver	2026-04-20T07:20:35.1073983Z [1m[92m   Compiling[0m serde_derive v1.0.228
tauri-driver smoke · Ubuntu 24.04	Install tauri-driver	2026-04-20T07:20:35.4292695Z [1m[92m   Compiling[0m socket2 v0.6.1
tauri-driver smoke · Ubuntu 24.04	Install tauri-driver	2026-04-20T07:20:36.3623052Z [1m[92m   Compiling[0m env_home v0.1.0
tauri-driver smoke · Ubuntu 24.04	Install tauri-driver	2026-04-20T07:20:36.4053809Z [1m[92m   Compiling[0m tower-service v0.3.3
tauri-driver smoke · Ubuntu 24.04	Install tauri-driver	2026-04-20T07:20:36.4393542Z [1m[92m   Compiling[0m ryu v1.0.18
tauri-driver smoke · Ubuntu 24.04	Install tauri-driver	2026-04-20T07:20:38.6553757Z [1m[92m   Compiling[0m hyper-util v0.1.19
tauri-driver smoke · Ubuntu 24.04	Install tauri-driver	2026-04-20T07:20:39.8383778Z [1m[92m   Compiling[0m which v8.0.0
tauri-driver smoke · Ubuntu 24.04	Install tauri-driver	2026-04-20T07:20:40.2153904Z [1m[92m   Compiling[0m futures v0.3.31
tauri-driver smoke · Ubuntu 24.04	Install tauri-driver	2026-04-20T07:20:40.2483403Z [1m[92m   Compiling[0m signal-hook-tokio v0.4.0
tauri-driver smoke · Ubuntu 24.04	Install tauri-driver	2026-04-20T07:20:40.8893798Z [1m[92m   Compiling[0m http-body-util v0.1.2
tauri-driver smoke · Ubuntu 24.04	Install tauri-driver	2026-04-20T07:20:40.9143810Z [1m[92m   Compiling[0m pico-args v0.5.0
tauri-driver smoke · Ubuntu 24.04	Install tauri-driver	2026-04-20T07:20:41.1137494Z [1m[92m   Compiling[0m tauri-driver v2.0.5
tauri-driver smoke · Ubuntu 24.04	Install tauri-driver	2026-04-20T07:20:47.1493801Z [1m[92m    Finished[0m `release` profile [optimized] target(s) in 33.80s
tauri-driver smoke · Ubuntu 24.04	Install tauri-driver	2026-04-20T07:20:47.1568020Z [1m[92m  Installing[0m /home/runner/.cargo/bin/tauri-driver
tauri-driver smoke · Ubuntu 24.04	Install tauri-driver	2026-04-20T07:20:47.1571232Z [1m[92m   Installed[0m package `tauri-driver v2.0.5` (executable `tauri-driver`)
tauri-driver smoke · Ubuntu 24.04	Run Linux smoke	﻿2026-04-20T07:20:47.1896392Z ##[group]Run ./scripts/run-linux-driver-smoke.sh
tauri-driver smoke · Ubuntu 24.04	Run Linux smoke	2026-04-20T07:20:47.1896771Z [36;1m./scripts/run-linux-driver-smoke.sh[0m
tauri-driver smoke · Ubuntu 24.04	Run Linux smoke	2026-04-20T07:20:47.1917921Z shell: /usr/bin/bash -e {0}
tauri-driver smoke · Ubuntu 24.04	Run Linux smoke	2026-04-20T07:20:47.1918149Z env:
tauri-driver smoke · Ubuntu 24.04	Run Linux smoke	2026-04-20T07:20:47.1918327Z   CARGO_HOME: /home/runner/.cargo
tauri-driver smoke · Ubuntu 24.04	Run Linux smoke	2026-04-20T07:20:47.1918560Z   CARGO_INCREMENTAL: 0
tauri-driver smoke · Ubuntu 24.04	Run Linux smoke	2026-04-20T07:20:47.1918760Z   CARGO_TERM_COLOR: always
tauri-driver smoke · Ubuntu 24.04	Run Linux smoke	2026-04-20T07:20:47.1918956Z ##[endgroup]
tauri-driver smoke · Ubuntu 24.04	Run Linux smoke	2026-04-20T07:20:48.5957153Z Lockfile is up to date, resolution step is skipped
tauri-driver smoke · Ubuntu 24.04	Run Linux smoke	2026-04-20T07:20:48.6220191Z Progress: resolved 1, reused 0, downloaded 0, added 0
tauri-driver smoke · Ubuntu 24.04	Run Linux smoke	2026-04-20T07:20:48.6523707Z Packages: +97
tauri-driver smoke · Ubuntu 24.04	Run Linux smoke	2026-04-20T07:20:48.6542818Z ++++++++++++++++++++++++++++++++++++++++++++++++++++++++++++++++++++++++++++++++
tauri-driver smoke · Ubuntu 24.04	Run Linux smoke	2026-04-20T07:20:49.6242929Z Progress: resolved 97, reused 0, downloaded 34, added 19
tauri-driver smoke · Ubuntu 24.04	Run Linux smoke	2026-04-20T07:20:50.2705342Z Progress: resolved 97, reused 0, downloaded 97, added 97, done
tauri-driver smoke · Ubuntu 24.04	Run Linux smoke	2026-04-20T07:20:50.3676757Z .../esbuild@0.25.12/node_modules/esbuild postinstall$ node install.js
tauri-driver smoke · Ubuntu 24.04	Run Linux smoke	2026-04-20T07:20:50.4144562Z .../esbuild@0.25.12/node_modules/esbuild postinstall: Done
tauri-driver smoke · Ubuntu 24.04	Run Linux smoke	2026-04-20T07:20:50.5002296Z 
tauri-driver smoke · Ubuntu 24.04	Run Linux smoke	2026-04-20T07:20:50.5013028Z dependencies:
tauri-driver smoke · Ubuntu 24.04	Run Linux smoke	2026-04-20T07:20:50.5013743Z + @tauri-apps/api 2.10.1
tauri-driver smoke · Ubuntu 24.04	Run Linux smoke	2026-04-20T07:20:50.5014391Z + solid-js 1.9.12
tauri-driver smoke · Ubuntu 24.04	Run Linux smoke	2026-04-20T07:20:50.5014801Z 
tauri-driver smoke · Ubuntu 24.04	Run Linux smoke	2026-04-20T07:20:50.5015138Z devDependencies:
tauri-driver smoke · Ubuntu 24.04	Run Linux smoke	2026-04-20T07:20:50.5015720Z + @playwright/test 1.59.1
tauri-driver smoke · Ubuntu 24.04	Run Linux smoke	2026-04-20T07:20:50.5016402Z + @srsholmes/tauri-playwright 0.2.2
tauri-driver smoke · Ubuntu 24.04	Run Linux smoke	2026-04-20T07:20:50.5017041Z + @tauri-apps/cli 2.10.1
tauri-driver smoke · Ubuntu 24.04	Run Linux smoke	2026-04-20T07:20:50.5017621Z + playwright 1.59.1
tauri-driver smoke · Ubuntu 24.04	Run Linux smoke	2026-04-20T07:20:50.5018165Z + selenium-webdriver 4.43.0
tauri-driver smoke · Ubuntu 24.04	Run Linux smoke	2026-04-20T07:20:50.5018733Z + typescript 5.6.3
tauri-driver smoke · Ubuntu 24.04	Run Linux smoke	2026-04-20T07:20:50.5019233Z + vite 6.4.2
tauri-driver smoke · Ubuntu 24.04	Run Linux smoke	2026-04-20T07:20:50.5019759Z + vite-plugin-solid 2.11.12
tauri-driver smoke · Ubuntu 24.04	Run Linux smoke	2026-04-20T07:20:50.5020197Z 
tauri-driver smoke · Ubuntu 24.04	Run Linux smoke	2026-04-20T07:20:50.5160942Z Done in 2.2s using pnpm v9.15.9
tauri-driver smoke · Ubuntu 24.04	Run Linux smoke	2026-04-20T07:24:52.0361280Z Timed out waiting for http://127.0.0.1:4444/status
tauri-driver smoke · Ubuntu 24.04	Run Linux smoke	2026-04-20T07:24:52.1235835Z ##[error]Process completed with exit code 1.
tauri-driver smoke · Ubuntu 24.04	Upload Linux raw artifacts	﻿2026-04-20T07:24:52.1302015Z ##[group]Run actions/upload-artifact@v4
tauri-driver smoke · Ubuntu 24.04	Upload Linux raw artifacts	2026-04-20T07:24:52.1302316Z with:
tauri-driver smoke · Ubuntu 24.04	Upload Linux raw artifacts	2026-04-20T07:24:52.1302502Z   name: spike-08-linux-raw
tauri-driver smoke · Ubuntu 24.04	Upload Linux raw artifacts	2026-04-20T07:24:52.1302731Z   path: docs/spikes/raw/SPIKE-08/linux/
tauri-driver smoke · Ubuntu 24.04	Upload Linux raw artifacts	2026-04-20T07:24:52.1302984Z   if-no-files-found: warn
tauri-driver smoke · Ubuntu 24.04	Upload Linux raw artifacts	2026-04-20T07:24:52.1303183Z   compression-level: 6
tauri-driver smoke · Ubuntu 24.04	Upload Linux raw artifacts	2026-04-20T07:24:52.1303373Z   overwrite: false
tauri-driver smoke · Ubuntu 24.04	Upload Linux raw artifacts	2026-04-20T07:24:52.1303559Z   include-hidden-files: false
tauri-driver smoke · Ubuntu 24.04	Upload Linux raw artifacts	2026-04-20T07:24:52.1303766Z env:
tauri-driver smoke · Ubuntu 24.04	Upload Linux raw artifacts	2026-04-20T07:24:52.1303930Z   CARGO_HOME: /home/runner/.cargo
tauri-driver smoke · Ubuntu 24.04	Upload Linux raw artifacts	2026-04-20T07:24:52.1304361Z   CARGO_INCREMENTAL: 0
tauri-driver smoke · Ubuntu 24.04	Upload Linux raw artifacts	2026-04-20T07:24:52.1304551Z   CARGO_TERM_COLOR: always
tauri-driver smoke · Ubuntu 24.04	Upload Linux raw artifacts	2026-04-20T07:24:52.1304736Z ##[endgroup]
tauri-driver smoke · Ubuntu 24.04	Upload Linux raw artifacts	2026-04-20T07:24:52.3858680Z With the provided path, there will be 3 files uploaded
tauri-driver smoke · Ubuntu 24.04	Upload Linux raw artifacts	2026-04-20T07:24:52.3867080Z Artifact name is valid!
tauri-driver smoke · Ubuntu 24.04	Upload Linux raw artifacts	2026-04-20T07:24:52.3867878Z Root directory input is valid!
tauri-driver smoke · Ubuntu 24.04	Upload Linux raw artifacts	2026-04-20T07:24:52.5837622Z Beginning upload of artifact content to blob storage
tauri-driver smoke · Ubuntu 24.04	Upload Linux raw artifacts	2026-04-20T07:24:52.6392316Z Uploaded bytes 5482
tauri-driver smoke · Ubuntu 24.04	Upload Linux raw artifacts	2026-04-20T07:24:52.6597579Z Finished uploading artifact content to blob storage!
tauri-driver smoke · Ubuntu 24.04	Upload Linux raw artifacts	2026-04-20T07:24:52.6603669Z SHA256 digest of uploaded artifact zip is 538fcdb4c2306b8f575cd38532923dcb329c6a96d4f48f9190f64032f566d3b5
tauri-driver smoke · Ubuntu 24.04	Upload Linux raw artifacts	2026-04-20T07:24:52.6604826Z Finalizing artifact upload
tauri-driver smoke · Ubuntu 24.04	Upload Linux raw artifacts	2026-04-20T07:24:52.8204856Z Artifact spike-08-linux-raw.zip successfully finalized. Artifact ID 6526155716
tauri-driver smoke · Ubuntu 24.04	Upload Linux raw artifacts	2026-04-20T07:24:52.8206524Z Artifact spike-08-linux-raw has been successfully uploaded! Final size is 5482 bytes. Artifact ID is 6526155716
tauri-driver smoke · Ubuntu 24.04	Upload Linux raw artifacts	2026-04-20T07:24:52.8214162Z Artifact download URL: https://github.com/tajiaoyezi/vibestation/actions/runs/24653654459/artifacts/6526155716
tauri-driver smoke · Ubuntu 24.04	Post Checkout	﻿2026-04-20T07:24:52.8360633Z Post job cleanup.
tauri-driver smoke · Ubuntu 24.04	Post Checkout	2026-04-20T07:24:52.9227849Z [command]/usr/bin/git version
tauri-driver smoke · Ubuntu 24.04	Post Checkout	2026-04-20T07:24:52.9269447Z git version 2.53.0
tauri-driver smoke · Ubuntu 24.04	Post Checkout	2026-04-20T07:24:52.9408297Z Temporarily overriding HOME='/home/runner/work/_temp/94ee02aa-5fff-4a0f-8ffd-bfa5ab72f80c' before making global git config changes
tauri-driver smoke · Ubuntu 24.04	Post Checkout	2026-04-20T07:24:52.9423195Z Adding repository directory to the temporary git global config as a safe directory
tauri-driver smoke · Ubuntu 24.04	Post Checkout	2026-04-20T07:24:52.9429234Z [command]/usr/bin/git config --global --add safe.directory /home/runner/work/vibestation/vibestation
tauri-driver smoke · Ubuntu 24.04	Post Checkout	2026-04-20T07:24:52.9453605Z Removing SSH command configuration
tauri-driver smoke · Ubuntu 24.04	Post Checkout	2026-04-20T07:24:52.9462667Z [command]/usr/bin/git config --local --name-only --get-regexp core\.sshCommand
tauri-driver smoke · Ubuntu 24.04	Post Checkout	2026-04-20T07:24:52.9516175Z [command]/usr/bin/git submodule foreach --recursive sh -c "git config --local --name-only --get-regexp 'core\.sshCommand' && git config --local --unset-all 'core.sshCommand' || :"
tauri-driver smoke · Ubuntu 24.04	Post Checkout	2026-04-20T07:24:52.9817994Z Removing HTTP extra header
tauri-driver smoke · Ubuntu 24.04	Post Checkout	2026-04-20T07:24:52.9819239Z [command]/usr/bin/git config --local --name-only --get-regexp http\.https\:\/\/github\.com\/\.extraheader
tauri-driver smoke · Ubuntu 24.04	Post Checkout	2026-04-20T07:24:52.9854528Z [command]/usr/bin/git submodule foreach --recursive sh -c "git config --local --name-only --get-regexp 'http\.https\:\/\/github\.com\/\.extraheader' && git config --local --unset-all 'http.https://github.com/.extraheader' || :"
tauri-driver smoke · Ubuntu 24.04	Post Checkout	2026-04-20T07:24:53.0083858Z Removing includeIf entries pointing to credentials config files
tauri-driver smoke · Ubuntu 24.04	Post Checkout	2026-04-20T07:24:53.0086916Z [command]/usr/bin/git config --local --name-only --get-regexp ^includeIf\.gitdir:
tauri-driver smoke · Ubuntu 24.04	Post Checkout	2026-04-20T07:24:53.0111368Z includeif.gitdir:/home/runner/work/vibestation/vibestation/.git.path
tauri-driver smoke · Ubuntu 24.04	Post Checkout	2026-04-20T07:24:53.0113111Z includeif.gitdir:/home/runner/work/vibestation/vibestation/.git/worktrees/*.path
tauri-driver smoke · Ubuntu 24.04	Post Checkout	2026-04-20T07:24:53.0118513Z includeif.gitdir:/github/workspace/.git.path
tauri-driver smoke · Ubuntu 24.04	Post Checkout	2026-04-20T07:24:53.0119519Z includeif.gitdir:/github/workspace/.git/worktrees/*.path
tauri-driver smoke · Ubuntu 24.04	Post Checkout	2026-04-20T07:24:53.0126361Z [command]/usr/bin/git config --local --get-all includeif.gitdir:/home/runner/work/vibestation/vibestation/.git.path
tauri-driver smoke · Ubuntu 24.04	Post Checkout	2026-04-20T07:24:53.0151232Z /home/runner/work/_temp/git-credentials-a1eabd1e-c239-47fa-9b04-220f02a33c9a.config
tauri-driver smoke · Ubuntu 24.04	Post Checkout	2026-04-20T07:24:53.0162647Z [command]/usr/bin/git config --local --unset includeif.gitdir:/home/runner/work/vibestation/vibestation/.git.path /home/runner/work/_temp/git-credentials-a1eabd1e-c239-47fa-9b04-220f02a33c9a.config
tauri-driver smoke · Ubuntu 24.04	Post Checkout	2026-04-20T07:24:53.0199868Z [command]/usr/bin/git config --local --get-all includeif.gitdir:/home/runner/work/vibestation/vibestation/.git/worktrees/*.path
tauri-driver smoke · Ubuntu 24.04	Post Checkout	2026-04-20T07:24:53.0223307Z /home/runner/work/_temp/git-credentials-a1eabd1e-c239-47fa-9b04-220f02a33c9a.config
tauri-driver smoke · Ubuntu 24.04	Post Checkout	2026-04-20T07:24:53.0236061Z [command]/usr/bin/git config --local --unset includeif.gitdir:/home/runner/work/vibestation/vibestation/.git/worktrees/*.path /home/runner/work/_temp/git-credentials-a1eabd1e-c239-47fa-9b04-220f02a33c9a.config
tauri-driver smoke · Ubuntu 24.04	Post Checkout	2026-04-20T07:24:53.0271312Z [command]/usr/bin/git config --local --get-all includeif.gitdir:/github/workspace/.git.path
tauri-driver smoke · Ubuntu 24.04	Post Checkout	2026-04-20T07:24:53.0294368Z /github/runner_temp/git-credentials-a1eabd1e-c239-47fa-9b04-220f02a33c9a.config
tauri-driver smoke · Ubuntu 24.04	Post Checkout	2026-04-20T07:24:53.0305361Z [command]/usr/bin/git config --local --unset includeif.gitdir:/github/workspace/.git.path /github/runner_temp/git-credentials-a1eabd1e-c239-47fa-9b04-220f02a33c9a.config
tauri-driver smoke · Ubuntu 24.04	Post Checkout	2026-04-20T07:24:53.0340350Z [command]/usr/bin/git config --local --get-all includeif.gitdir:/github/workspace/.git/worktrees/*.path
tauri-driver smoke · Ubuntu 24.04	Post Checkout	2026-04-20T07:24:53.0362487Z /github/runner_temp/git-credentials-a1eabd1e-c239-47fa-9b04-220f02a33c9a.config
tauri-driver smoke · Ubuntu 24.04	Post Checkout	2026-04-20T07:24:53.0374633Z [command]/usr/bin/git config --local --unset includeif.gitdir:/github/workspace/.git/worktrees/*.path /github/runner_temp/git-credentials-a1eabd1e-c239-47fa-9b04-220f02a33c9a.config
tauri-driver smoke · Ubuntu 24.04	Post Checkout	2026-04-20T07:24:53.0410798Z [command]/usr/bin/git submodule foreach --recursive git config --local --show-origin --name-only --get-regexp remote.origin.url
tauri-driver smoke · Ubuntu 24.04	Post Checkout	2026-04-20T07:24:53.0634764Z Removing credentials config '/home/runner/work/_temp/git-credentials-a1eabd1e-c239-47fa-9b04-220f02a33c9a.config'
tauri-driver smoke · Ubuntu 24.04	Complete job	﻿2026-04-20T07:24:53.0773768Z Cleaning up orphan processes
tauri-driver smoke · Ubuntu 24.04	Complete job	2026-04-20T07:24:53.1052028Z ##[warning]Node.js 20 actions are deprecated. The following actions are running on Node.js 20 and may not work as expected: actions/upload-artifact@v4. Actions will be forced to run with Node.js 24 by default starting June 2nd, 2026. Node.js 20 will be removed from the runner on September 16th, 2026. Please check if updated versions of these actions are available that support Node.js 24. To opt into Node.js 24 now, set the FORCE_JAVASCRIPT_ACTIONS_TO_NODE24=true environment variable on the runner or in your workflow file. Once Node.js 24 becomes the default, you can temporarily opt out by setting ACTIONS_ALLOW_USE_UNSECURE_NODE_VERSION=true. For more information see: https://github.blog/changelog/2025-09-19-deprecation-of-node-20-on-github-actions-runners/
