[    0.000000] Linux version 6.17.0-22-generic (buildd@lcy02-amd64-038) (x86_64-linux-gnu-gcc-13 (Ubuntu 13.3.0-6ubuntu2~24.04.1) 13.3.0, GNU ld (GNU Binutils for Ubuntu) 2.42) #22~24.04.1-Ubuntu SMP PREEMPT_DYNAMIC Thu Mar 26 15:25:54 UTC 2 (Ubuntu 6.17.0-22.22~24.04.1-generic 6.17.13)
[    0.000000] Command line: BOOT_IMAGE=/boot/vmlinuz-6.17.0-22-generic root=UUID=1cb60356-1086-4a6c-b75c-b013a6c4a9a0 ro quiet splash vt.handoff=7
[    0.000000] KERNEL supported cpus:
[    0.000000]   Intel GenuineIntel
[    0.000000]   AMD AuthenticAMD
[    0.000000]   Hygon HygonGenuine
[    0.000000]   Centaur CentaurHauls
[    0.000000]   zhaoxin   Shanghai  
[    0.000000] x86/split lock detection: #DB: warning on user-space bus_locks
[    0.000000] BIOS-provided physical RAM map:
[    0.000000] BIOS-e820: [mem 0x0000000000000000-0x000000000009ffff] usable
[    0.000000] BIOS-e820: [mem 0x00000000000a0000-0x00000000000fffff] reserved
[    0.000000] BIOS-e820: [mem 0x0000000000100000-0x00000000099fefff] usable
[    0.000000] BIOS-e820: [mem 0x00000000099ff000-0x0000000009ffffff] reserved
[    0.000000] BIOS-e820: [mem 0x000000000a000000-0x000000000a1fffff] usable
[    0.000000] BIOS-e820: [mem 0x000000000a200000-0x000000000a21dfff] ACPI NVS
[    0.000000] BIOS-e820: [mem 0x000000000a21e000-0x000000000affffff] usable
[    0.000000] BIOS-e820: [mem 0x000000000b000000-0x000000000b020fff] reserved
[    0.000000] BIOS-e820: [mem 0x000000000b021000-0x00000000699a3fff] usable
[    0.000000] BIOS-e820: [mem 0x00000000699a4000-0x0000000070150fff] reserved
[    0.000000] BIOS-e820: [mem 0x0000000070151000-0x00000000703f4fff] ACPI data
[    0.000000] BIOS-e820: [mem 0x00000000703f5000-0x00000000723f4fff] ACPI NVS
[    0.000000] BIOS-e820: [mem 0x00000000723f5000-0x0000000077ffefff] reserved
[    0.000000] BIOS-e820: [mem 0x0000000077fff000-0x0000000079ff6fff] usable
[    0.000000] BIOS-e820: [mem 0x0000000079ff7000-0x0000000079ffbfff] reserved
[    0.000000] BIOS-e820: [mem 0x0000000079ffc000-0x0000000079ffffff] usable
[    0.000000] BIOS-e820: [mem 0x000000007a000000-0x000000007bffffff] reserved
[    0.000000] BIOS-e820: [mem 0x000000007d7f3000-0x000000007fffffff] reserved
[    0.000000] BIOS-e820: [mem 0x00000000e0000000-0x00000000efffffff] reserved
[    0.000000] BIOS-e820: [mem 0x00000000f7000000-0x00000000ffffffff] reserved
[    0.000000] BIOS-e820: [mem 0x0000000100000000-0x0000000c5de7ffff] usable
[    0.000000] BIOS-e820: [mem 0x0000000c5eec0000-0x0000000ca01fffff] reserved
[    0.000000] BIOS-e820: [mem 0x000000fd00000000-0x000000ffffffffff] reserved
[    0.000000] NX (Execute Disable) protection: active
[    0.000000] APIC: Static calls initialized
[    0.000000] efi: EFI v2.9 by American Megatrends
[    0.000000] efi: ACPI=0x703f4000 ACPI 2.0=0x703f4014 TPMFinalLog=0x723a9000 SMBIOS=0x77464000 SMBIOS 3.0=0x77463000 MEMATTR=0x63cb8018 ESRT=0x660c7618 MOKvar=0x77513000 INITRD=0x59201998 RNG=0x703d8018 TPMEventLog=0x701cb018 
[    0.000000] random: crng init done
[    0.000000] efi: Remove mem63: MMIO range=[0xe0000000-0xefffffff] (256MB) from e820 map
[    0.000000] e820: remove [mem 0xe0000000-0xefffffff] reserved
[    0.000000] efi: Remove mem64: MMIO range=[0xf7000000-0xfedfffff] (126MB) from e820 map
[    0.000000] e820: remove [mem 0xf7000000-0xfedfffff] reserved
[    0.000000] efi: Not removing mem65: MMIO range=[0xfee00000-0xfee00fff] (4KB) from e820 map
[    0.000000] efi: Remove mem66: MMIO range=[0xfee01000-0xffffffff] (17MB) from e820 map
[    0.000000] e820: remove [mem 0xfee01000-0xffffffff] reserved
[    0.000000] efi: Remove mem68: MMIO range=[0xc80000000-0xca01fffff] (514MB) from e820 map
[    0.000000] e820: remove [mem 0xc80000000-0xca01fffff] reserved
[    0.000000] SMBIOS 3.6.0 present.
[    0.000000] DMI: ASUS System Product Name/ROG CROSSHAIR X870E APEX, BIOS 2004 01/28/2026
[    0.000000] DMI: Memory slots populated: 2/2
[    0.000000] secureboot: Secure boot disabled
[    0.000000] tsc: Fast TSC calibration using PIT
[    0.000000] tsc: Detected 4699.989 MHz processor
[    0.000110] e820: update [mem 0x00000000-0x00000fff] usable ==> reserved
[    0.000111] e820: remove [mem 0x000a0000-0x000fffff] usable
[    0.000116] last_pfn = 0xc5de80 max_arch_pfn = 0x400000000
[    0.000121] MTRR map: 5 entries (3 fixed + 2 variable; max 20), built from 9 variable MTRRs
[    0.000123] x86/PAT: Configuration [0-7]: WB  WC  UC- UC  WB  WP  UC- WT  
[    0.000320] e820: update [mem 0x80000000-0xffffffff] usable ==> reserved
[    0.000325] last_pfn = 0x7a000 max_arch_pfn = 0x400000000
[    0.003132] esrt: Reserving ESRT space from 0x00000000660c7618 to 0x00000000660c7650.
[    0.003138] e820: update [mem 0x660c7000-0x660c7fff] usable ==> reserved
[    0.003148] Using GB pages for direct mapping
[    0.003367] secureboot: Secure boot disabled
[    0.003367] RAMDISK: [mem 0x485d8000-0x4d0aefff]
[    0.003567] ACPI: Early table checksum verification disabled
[    0.003570] ACPI: RSDP 0x00000000703F4014 000024 (v02 ALASKA)
[    0.003572] ACPI: XSDT 0x00000000703F3728 00010C (v01 ALASKA A M I    01072009 AMI  01000013)
[    0.003577] ACPI: FACP 0x00000000703E8000 000114 (v06 ALASKA A M I    01072009 AMI  00010013)
[    0.003580] ACPI: DSDT 0x00000000703BE000 016183 (v02 ALASKA A M I    01072009 INTL 20230331)
[    0.003581] ACPI: FACS 0x00000000723D9000 000040
[    0.003583] ACPI: SSDT 0x00000000703EA000 008689 (v02 AMD    Splinter 00000002 MSFT 04000000)
[    0.003584] ACPI: SSDT 0x00000000703E9000 000221 (v02 ALASKA CPUSSDT  01072009 AMI  01072009)
[    0.003585] ACPI: FIDT 0x00000000703D9000 00009C (v01 ALASKA A M I    01072009 AMI  00010013)
[    0.003586] ACPI: MCFG 0x00000000703D7000 00003C (v01 ALASKA A M I    01072009 MSFT 00010013)
[    0.003587] ACPI: HPET 0x00000000703D6000 000038 (v01 ALASKA A M I    01072009 AMI  00000005)
[    0.003588] ACPI: FPDT 0x00000000703D5000 000044 (v01 ALASKA A M I    01072009 AMI  01000013)
[    0.003589] ACPI: VFCT 0x00000000703DD000 00AE84 (v01 ALASKA A M I    00000001 AMD  33504F47)
[    0.003591] ACPI: BGRT 0x00000000703DC000 000038 (v01 ALASKA A M I    01072009 AMI  00010013)
[    0.003592] ACPI: WPBT 0x00000000703DA000 000070 (v01 ALASKA A M I    00000001 ASUS 00000001)
[    0.003593] ACPI: SSDT 0x0000000070205000 004DEE (v02 AMD    AMD CPU  00000001 AMD  00000001)
[    0.003594] ACPI: SSDT 0x0000000070204000 000041 (v02 AMD    AppCompD 00000001 INTL 20230331)
[    0.003595] ACPI: SSDT 0x0000000070203000 00057F (v02 AMD    ASUSPLDR 00000001 INTL 20230331)
[    0.003596] ACPI: SSDT 0x00000000701F6000 00C724 (v02 AMD    DISCUSB4 00000002 INTL 20230331)
[    0.003597] ACPI: SSDT 0x00000000701F4000 0016A6 (v02 AMD    CPMDFIG2 00000001 INTL 20230331)
[    0.003598] ACPI: SSDT 0x00000000701F1000 002AAE (v02 AMD    CDFAAIG2 00000001 INTL 20230331)
[    0.003599] ACPI: SSDT 0x00000000701F0000 000797 (v02 AMD    CPMDFDG1 00000001 INTL 20230331)
[    0.003600] ACPI: SSDT 0x00000000701E5000 00A6D0 (v02 AMD    CPMCMN   00000001 INTL 20230331)
[    0.003601] ACPI: SSDT 0x00000000701E2000 002A92 (v02 AMD    AOD      00000001 INTL 20230331)
[    0.003602] ACPI: TPM2 0x00000000701E1000 00004C (v04 ALASKA A M I    00000001 AMI  00000000)
[    0.003603] ACPI: WSMT 0x00000000701E0000 000028 (v01 ALASKA A M I    01072009 AMI  00010013)
[    0.003604] ACPI: APIC 0x00000000701DF000 00015E (v06 ALASKA A M I    01072009 AMI  00010013)
[    0.003605] ACPI: IVRS 0x00000000701DE000 0000C8 (v02 AMD    AmdTable 00000001 AMD  00000001)
[    0.003607] ACPI: SSDT 0x00000000701DD000 000508 (v02 AMD    MEMTOOL0 00000002 INTL 20230331)
[    0.003608] ACPI: SSDT 0x00000000701DC000 0009EE (v02 AMD    CPMMSOSC 00000001 INTL 20230331)
[    0.003609] ACPI: SSDT 0x00000000701DB000 000484 (v02 AMD    AMDWOV   00000001 INTL 20230331)
[    0.003610] ACPI: SSDT 0x00000000701DA000 000546 (v02 AMD    CPMAPMFD 00000001 INTL 20230331)
[    0.003611] ACPI: SSDT 0x00000000701D9000 00087A (v02 AMD    AmdTable 00000001 INTL 20230331)
[    0.003612] ACPI: SSDT 0x00000000701D8000 000BCE (v02 AMD    AmdTable 00000001 INTL 20230331)
[    0.003613] ACPI: Reserving FACP table memory at [mem 0x703e8000-0x703e8113]
[    0.003613] ACPI: Reserving DSDT table memory at [mem 0x703be000-0x703d4182]
[    0.003614] ACPI: Reserving FACS table memory at [mem 0x723d9000-0x723d903f]
[    0.003614] ACPI: Reserving SSDT table memory at [mem 0x703ea000-0x703f2688]
[    0.003614] ACPI: Reserving SSDT table memory at [mem 0x703e9000-0x703e9220]
[    0.003614] ACPI: Reserving FIDT table memory at [mem 0x703d9000-0x703d909b]
[    0.003615] ACPI: Reserving MCFG table memory at [mem 0x703d7000-0x703d703b]
[    0.003615] ACPI: Reserving HPET table memory at [mem 0x703d6000-0x703d6037]
[    0.003615] ACPI: Reserving FPDT table memory at [mem 0x703d5000-0x703d5043]
[    0.003615] ACPI: Reserving VFCT table memory at [mem 0x703dd000-0x703e7e83]
[    0.003616] ACPI: Reserving BGRT table memory at [mem 0x703dc000-0x703dc037]
[    0.003616] ACPI: Reserving WPBT table memory at [mem 0x703da000-0x703da06f]
[    0.003616] ACPI: Reserving SSDT table memory at [mem 0x70205000-0x70209ded]
[    0.003616] ACPI: Reserving SSDT table memory at [mem 0x70204000-0x70204040]
[    0.003617] ACPI: Reserving SSDT table memory at [mem 0x70203000-0x7020357e]
[    0.003617] ACPI: Reserving SSDT table memory at [mem 0x701f6000-0x70202723]
[    0.003617] ACPI: Reserving SSDT table memory at [mem 0x701f4000-0x701f56a5]
[    0.003618] ACPI: Reserving SSDT table memory at [mem 0x701f1000-0x701f3aad]
[    0.003618] ACPI: Reserving SSDT table memory at [mem 0x701f0000-0x701f0796]
[    0.003618] ACPI: Reserving SSDT table memory at [mem 0x701e5000-0x701ef6cf]
[    0.003618] ACPI: Reserving SSDT table memory at [mem 0x701e2000-0x701e4a91]
[    0.003619] ACPI: Reserving TPM2 table memory at [mem 0x701e1000-0x701e104b]
[    0.003619] ACPI: Reserving WSMT table memory at [mem 0x701e0000-0x701e0027]
[    0.003619] ACPI: Reserving APIC table memory at [mem 0x701df000-0x701df15d]
[    0.003619] ACPI: Reserving IVRS table memory at [mem 0x701de000-0x701de0c7]
[    0.003620] ACPI: Reserving SSDT table memory at [mem 0x701dd000-0x701dd507]
[    0.003620] ACPI: Reserving SSDT table memory at [mem 0x701dc000-0x701dc9ed]
[    0.003620] ACPI: Reserving SSDT table memory at [mem 0x701db000-0x701db483]
[    0.003620] ACPI: Reserving SSDT table memory at [mem 0x701da000-0x701da545]
[    0.003621] ACPI: Reserving SSDT table memory at [mem 0x701d9000-0x701d9879]
[    0.003621] ACPI: Reserving SSDT table memory at [mem 0x701d8000-0x701d8bcd]
[    0.003704] No NUMA configuration found
[    0.003704] Faking a node at [mem 0x0000000000000000-0x0000000c5de7ffff]
[    0.003709] NODE_DATA(0) allocated [mem 0xc5de552c0-0xc5de7ffff]
[    0.003795] Zone ranges:
[    0.003795]   DMA      [mem 0x0000000000001000-0x0000000000ffffff]
[    0.003796]   DMA32    [mem 0x0000000001000000-0x00000000ffffffff]
[    0.003797]   Normal   [mem 0x0000000100000000-0x0000000c5de7ffff]
[    0.003797]   Device   empty
[    0.003798] Movable zone start for each node
[    0.003798] Early memory node ranges
[    0.003799]   node   0: [mem 0x0000000000001000-0x000000000009ffff]
[    0.003799]   node   0: [mem 0x0000000000100000-0x00000000099fefff]
[    0.003800]   node   0: [mem 0x000000000a000000-0x000000000a1fffff]
[    0.003800]   node   0: [mem 0x000000000a21e000-0x000000000affffff]
[    0.003800]   node   0: [mem 0x000000000b021000-0x00000000699a3fff]
[    0.003801]   node   0: [mem 0x0000000077fff000-0x0000000079ff6fff]
[    0.003801]   node   0: [mem 0x0000000079ffc000-0x0000000079ffffff]
[    0.003801]   node   0: [mem 0x0000000100000000-0x0000000c5de7ffff]
[    0.003803] Initmem setup node 0 [mem 0x0000000000001000-0x0000000c5de7ffff]
[    0.003807] On node 0, zone DMA: 1 pages in unavailable ranges
[    0.003813] On node 0, zone DMA: 96 pages in unavailable ranges
[    0.003871] On node 0, zone DMA32: 1537 pages in unavailable ranges
[    0.003877] On node 0, zone DMA32: 30 pages in unavailable ranges
[    0.004446] On node 0, zone DMA32: 33 pages in unavailable ranges
[    0.004552] On node 0, zone DMA32: 58971 pages in unavailable ranges
[    0.004552] On node 0, zone DMA32: 5 pages in unavailable ranges
[    0.032317] On node 0, zone Normal: 24576 pages in unavailable ranges
[    0.032342] On node 0, zone Normal: 8576 pages in unavailable ranges
[    0.033192] ACPI: PM-Timer IO Port: 0x808
[    0.033199] ACPI: LAPIC_NMI (acpi_id[0xff] high edge lint[0x1])
[    0.033209] IOAPIC[0]: apic_id 32, version 33, address 0xfec00000, GSI 0-23
[    0.033212] IOAPIC[1]: apic_id 33, version 33, address 0xfec01000, GSI 24-55
[    0.033213] ACPI: INT_SRC_OVR (bus 0 bus_irq 0 global_irq 2 dfl dfl)
[    0.033215] ACPI: INT_SRC_OVR (bus 0 bus_irq 9 global_irq 9 low level)
[    0.033217] ACPI: Using ACPI (MADT) for SMP configuration information
[    0.033218] ACPI: HPET id: 0x10228201 base: 0xfed00000
[    0.033224] e820: update [mem 0x60d7d000-0x61149fff] usable ==> reserved
[    0.033234] CPU topo: Max. logical packages:   1
[    0.033234] CPU topo: Max. logical dies:       1
[    0.033235] CPU topo: Max. dies per package:   1
[    0.033237] CPU topo: Max. threads per core:   2
[    0.033237] CPU topo: Num. cores per package:     8
[    0.033237] CPU topo: Num. threads per package:  16
[    0.033238] CPU topo: Allowing 16 present CPUs plus 0 hotplug CPUs
[    0.033248] PM: hibernation: Registered nosave memory: [mem 0x00000000-0x00000fff]
[    0.033249] PM: hibernation: Registered nosave memory: [mem 0x000a0000-0x000fffff]
[    0.033250] PM: hibernation: Registered nosave memory: [mem 0x099ff000-0x09ffffff]
[    0.033251] PM: hibernation: Registered nosave memory: [mem 0x0a200000-0x0a21dfff]
[    0.033251] PM: hibernation: Registered nosave memory: [mem 0x0b000000-0x0b020fff]
[    0.033252] PM: hibernation: Registered nosave memory: [mem 0x60d7d000-0x61149fff]
[    0.033253] PM: hibernation: Registered nosave memory: [mem 0x660c7000-0x660c7fff]
[    0.033253] PM: hibernation: Registered nosave memory: [mem 0x699a4000-0x77ffefff]
[    0.033254] PM: hibernation: Registered nosave memory: [mem 0x79ff7000-0x79ffbfff]
[    0.033254] PM: hibernation: Registered nosave memory: [mem 0x7a000000-0xffffffff]
[    0.033256] [mem 0x80000000-0xfedfffff] available for PCI devices
[    0.033257] Booting paravirtualized kernel on bare hardware
[    0.033258] clocksource: refined-jiffies: mask: 0xffffffff max_cycles: 0xffffffff, max_idle_ns: 1910969940391419 ns
[    0.033263] setup_percpu: NR_CPUS:8192 nr_cpumask_bits:16 nr_cpu_ids:16 nr_node_ids:1
[    0.033651] percpu: Embedded 84 pages/cpu s221184 r8192 d114688 u524288
[    0.033654] pcpu-alloc: s221184 r8192 d114688 u524288 alloc=1*2097152
[    0.033655] pcpu-alloc: [0] 00 01 02 03 [0] 04 05 06 07 
[    0.033657] pcpu-alloc: [0] 08 09 10 11 [0] 12 13 14 15 
[    0.033666] Kernel command line: BOOT_IMAGE=/boot/vmlinuz-6.17.0-22-generic root=UUID=1cb60356-1086-4a6c-b75c-b013a6c4a9a0 ro quiet splash vt.handoff=7
[    0.033705] Unknown kernel command line parameters "splash", will be passed to user space.
[    0.033906] printk: log buffer data + meta data: 262144 + 917504 = 1179648 bytes
[    0.036393] Dentry cache hash table entries: 8388608 (order: 14, 67108864 bytes, linear)
[    0.037549] Inode-cache hash table entries: 4194304 (order: 13, 33554432 bytes, linear)
[    0.037636] software IO TLB: area num 16.
[    0.040633] Fallback order for Node 0: 0 
[    0.040635] Built 1 zonelists, mobility grouping on.  Total pages: 12358015
[    0.040636] Policy zone: Normal
[    0.040643] mem auto-init: stack:all(zero), heap alloc:on, heap free:off
[    0.082358] SLUB: HWalign=64, Order=0-3, MinObjects=0, CPUs=16, Nodes=1
[    0.090687] ftrace: allocating 61414 entries in 240 pages
[    0.090688] ftrace: allocated 240 pages with 4 groups
[    0.091293] Dynamic Preempt: voluntary
[    0.091338] rcu: Preemptible hierarchical RCU implementation.
[    0.091339] rcu: 	RCU restricting CPUs from NR_CPUS=8192 to nr_cpu_ids=16.
[    0.091340] 	Trampoline variant of Tasks RCU enabled.
[    0.091340] 	Rude variant of Tasks RCU enabled.
[    0.091340] 	Tracing variant of Tasks RCU enabled.
[    0.091341] rcu: RCU calculated value of scheduler-enlistment delay is 100 jiffies.
[    0.091341] rcu: Adjusting geometry for rcu_fanout_leaf=16, nr_cpu_ids=16
[    0.091347] RCU Tasks: Setting shift to 4 and lim to 1 rcu_task_cb_adjust=1 rcu_task_cpu_ids=16.
[    0.091348] RCU Tasks Rude: Setting shift to 4 and lim to 1 rcu_task_cb_adjust=1 rcu_task_cpu_ids=16.
[    0.091349] RCU Tasks Trace: Setting shift to 4 and lim to 1 rcu_task_cb_adjust=1 rcu_task_cpu_ids=16.
[    0.092849] NR_IRQS: 524544, nr_irqs: 1096, preallocated irqs: 16
[    0.093031] rcu: srcu_init: Setting srcu_struct sizes based on contention.
[    0.093157] Console: colour dummy device 80x25
[    0.093158] printk: legacy console [tty0] enabled
[    0.093182] ACPI: Core revision 20250404
[    0.093324] clocksource: hpet: mask: 0xffffffff max_cycles: 0xffffffff, max_idle_ns: 133484873504 ns
[    0.093336] APIC: Switch to symmetric I/O mode setup
[    0.093524] AMD-Vi: Using global IVHD EFR:0x246577efa2254afa, EFR2:0x0
[    0.094289] ..TIMER: vector=0x30 apic1=0 pin1=2 apic2=-1 pin2=-1
[    0.098340] clocksource: tsc-early: mask: 0xffffffffffffffff max_cycles: 0x43bf61f1c0b, max_idle_ns: 440795249625 ns
[    0.098343] Calibrating delay loop (skipped), value calculated using timer frequency.. 9399.97 BogoMIPS (lpj=4699989)
[    0.098358] x86/cpu: User Mode Instruction Prevention (UMIP) activated
[    0.098417] LVT offset 1 assigned for vector 0xf9
[    0.098627] LVT offset 2 assigned for vector 0xf4
[    0.098689] Last level iTLB entries: 4KB 64, 2MB 64, 4MB 32
[    0.098690] Last level dTLB entries: 4KB 128, 2MB 128, 4MB 64, 1GB 0
[    0.098693] process: using mwait in idle threads
[    0.098694] mitigations: Enabled attack vectors: user_kernel, user_user, guest_host, guest_guest, SMT mitigations: auto
[    0.098698] Speculative Store Bypass: Mitigation: Speculative Store Bypass disabled via prctl
[    0.098699] Spectre V2 : Mitigation: Enhanced / Automatic IBRS
[    0.098700] Spectre V2 : User space: Mitigation: STIBP always-on protection
[    0.098700] Speculative Return Stack Overflow: Mitigation: IBPB on VMEXIT only
[    0.098701] VMSCAPE: Mitigation: IBPB on VMEXIT
[    0.098701] Spectre V1 : Mitigation: usercopy/swapgs barriers and __user pointer sanitization
[    0.098702] Spectre V2 : mitigation: Enabling conditional Indirect Branch Prediction Barrier
[    0.098708] x86/fpu: Supporting XSAVE feature 0x001: 'x87 floating point registers'
[    0.098709] x86/fpu: Supporting XSAVE feature 0x002: 'SSE registers'
[    0.098709] x86/fpu: Supporting XSAVE feature 0x004: 'AVX registers'
[    0.098710] x86/fpu: Supporting XSAVE feature 0x020: 'AVX-512 opmask'
[    0.098710] x86/fpu: Supporting XSAVE feature 0x040: 'AVX-512 Hi256'
[    0.098711] x86/fpu: Supporting XSAVE feature 0x080: 'AVX-512 ZMM_Hi256'
[    0.098711] x86/fpu: Supporting XSAVE feature 0x200: 'Protection Keys User registers'
[    0.098712] x86/fpu: Supporting XSAVE feature 0x800: 'Control-flow User registers'
[    0.098713] x86/fpu: Supporting XSAVE feature 0x1000: 'Control-flow Kernel registers (KVM only)'
[    0.098713] x86/fpu: xstate_offset[2]:  576, xstate_sizes[2]:  256
[    0.098714] x86/fpu: xstate_offset[5]:  832, xstate_sizes[5]:   64
[    0.098715] x86/fpu: xstate_offset[6]:  896, xstate_sizes[6]:  512
[    0.098715] x86/fpu: xstate_offset[7]: 1408, xstate_sizes[7]: 1024
[    0.098716] x86/fpu: xstate_offset[9]: 2432, xstate_sizes[9]:    8
[    0.098717] x86/fpu: xstate_offset[11]: 2440, xstate_sizes[11]:   16
[    0.098717] x86/fpu: xstate_offset[12]: 2456, xstate_sizes[12]:   24
[    0.098718] x86/fpu: Enabled xstate features 0x1ae7, context size is 2480 bytes, using 'compacted' format.
[    0.120843] Freeing SMP alternatives memory: 52K
[    0.120845] pid_max: default: 32768 minimum: 301
[    0.120867] LSM: initializing lsm=lockdown,capability,landlock,yama,apparmor,ima,evm
[    0.120874] landlock: Up and running.
[    0.120874] Yama: becoming mindful.
[    0.120890] AppArmor: AppArmor initialized
[    0.120941] Mount-cache hash table entries: 131072 (order: 8, 1048576 bytes, linear)
[    0.120985] Mountpoint-cache hash table entries: 131072 (order: 8, 1048576 bytes, linear)
[    0.224138] smpboot: CPU0: AMD Ryzen 7 9800X3D 8-Core Processor (family: 0x1a, model: 0x44, stepping: 0x0)
[    0.224211] Performance Events: Fam17h+ 16-deep LBR, core perfctr, AMD PMU driver.
[    0.224231] ... version:                2
[    0.224231] ... bit width:              48
[    0.224232] ... generic registers:      6
[    0.224232] ... value mask:             0000ffffffffffff
[    0.224232] ... max period:             00007fffffffffff
[    0.224233] ... fixed-purpose events:   0
[    0.224233] ... event mask:             000000000000003f
[    0.224298] signal: max sigframe size: 3376
[    0.224313] rcu: Hierarchical SRCU implementation.
[    0.224314] rcu: 	Max phase no-delay instances is 400.
[    0.224330] Timer migration: 2 hierarchy levels; 8 children per group; 2 crossnode level
[    0.224341] NMI watchdog: Enabled. Permanently consumes one hw-PMU counter.
[    0.224341] smp: Bringing up secondary CPUs ...
[    0.224341] smpboot: x86: Booting SMP configuration:
[    0.224341] .... node  #0, CPUs:        #1  #2  #3  #4  #5  #6  #7  #8  #9 #10 #11 #12 #13 #14 #15
[    0.228434] Spectre V2 : Update user space SMT mitigation: STIBP always-on
[    0.228434] smp: Brought up 1 node, 16 CPUs
[    0.228434] smpboot: Total of 16 processors activated (150399.64 BogoMIPS)
[    0.229438] Memory: 48322316K/49432060K available (22217K kernel code, 4652K rwdata, 16296K rodata, 5268K init, 4212K bss, 1083316K reserved, 0K cma-reserved)
[    0.230527] devtmpfs: initialized
[    0.230527] x86/mm: Memory block size: 128MB
[    0.232146] ACPI: PM: Registering ACPI NVS region [mem 0x0a200000-0x0a21dfff] (122880 bytes)
[    0.232146] ACPI: PM: Registering ACPI NVS region [mem 0x703f5000-0x723f4fff] (33554432 bytes)
[    0.232146] clocksource: jiffies: mask: 0xffffffff max_cycles: 0xffffffff, max_idle_ns: 1911260446275000 ns
[    0.232146] posixtimers hash table entries: 8192 (order: 5, 131072 bytes, linear)
[    0.232345] futex hash table entries: 4096 (262144 bytes on 1 NUMA nodes, total 256 KiB, linear).
[    0.232389] pinctrl core: initialized pinctrl subsystem
[    0.232451] PM: RTC time: 22:25:39, date: 2026-04-24
[    0.232630] NET: Registered PF_NETLINK/PF_ROUTE protocol family
[    0.232784] DMA: preallocated 4096 KiB GFP_KERNEL pool for atomic allocations
[    0.232890] DMA: preallocated 4096 KiB GFP_KERNEL|GFP_DMA pool for atomic allocations
[    0.232994] DMA: preallocated 4096 KiB GFP_KERNEL|GFP_DMA32 pool for atomic allocations
[    0.232998] audit: initializing netlink subsys (disabled)
[    0.233000] audit: type=2000 audit(1777069539.139:1): state=initialized audit_enabled=0 res=1
[    0.233000] thermal_sys: Registered thermal governor 'fair_share'
[    0.233000] thermal_sys: Registered thermal governor 'bang_bang'
[    0.233000] thermal_sys: Registered thermal governor 'step_wise'
[    0.233000] thermal_sys: Registered thermal governor 'user_space'
[    0.233000] thermal_sys: Registered thermal governor 'power_allocator'
[    0.233000] cpuidle: using governor ladder
[    0.233000] cpuidle: using governor menu
[    0.233000] acpiphp: ACPI Hot Plug PCI Controller Driver version: 0.5
[    0.233000] PCI: ECAM [mem 0xe0000000-0xefffffff] (base 0xe0000000) for domain 0000 [bus 00-ff]
[    0.233000] PCI: Using configuration type 1 for base access
[    0.233000] kprobes: kprobe jump-optimization is enabled. All kprobes are optimized if possible.
[    0.233364] HugeTLB: registered 1.00 GiB page size, pre-allocated 0 pages
[    0.233364] HugeTLB: 16380 KiB vmemmap can be freed for a 1.00 GiB page
[    0.233364] HugeTLB: registered 2.00 MiB page size, pre-allocated 0 pages
[    0.233364] HugeTLB: 28 KiB vmemmap can be freed for a 2.00 MiB page
[    0.233627] ACPI: Added _OSI(Module Device)
[    0.233628] ACPI: Added _OSI(Processor Device)
[    0.233628] ACPI: Added _OSI(Processor Aggregator Device)
[    0.240873] ACPI: 18 ACPI AML tables successfully acquired and loaded
[    0.268658] ACPI: USB4 _OSC: OS supports USB3+ DisplayPort+ PCIe+ XDomain+
[    0.268659] ACPI: USB4 _OSC: OS controls USB3+ DisplayPort+ PCIe+ XDomain+
[    0.268991] ACPI: EC: EC started
[    0.268991] ACPI: EC: interrupt blocked
[    0.269224] ACPI: EC: EC_CMD/EC_SC=0x66, EC_DATA=0x62
[    0.269226] ACPI: \_SB_.PCI0.SBRG.EC0_: Boot DSDT EC used to handle transactions
[    0.269227] ACPI: Interpreter enabled
[    0.269234] ACPI: PM: (supports S0 S3 S4 S5)
[    0.269235] ACPI: Using IOAPIC for interrupt routing
[    0.309682] PCI: Using host bridge windows from ACPI; if necessary, use "pci=nocrs" and report a bug
[    0.309683] PCI: Ignoring E820 reservations for host bridge windows
[    0.309862] ACPI: Enabled 9 GPEs in block 00 to 1F
[    0.311551] ACPI: \_SB_.PCI0.GPP0.M237: New power resource
[    0.313976] ACPI: \_SB_.PCI0.GPP8.PWRS: New power resource
[    0.318494] ACPI: \_SB_.PCI0.GPP8.U4UP.PWRS: New power resource
[    0.321533] ACPI: \_SB_.PCI0.GPP8.U4UP.U4P0.PWRS: New power resource
[    0.324531] ACPI: \_SB_.PCI0.GPP8.U4UP.U4P0.UP0D.PWRS: New power resource
[    0.324862] ACPI: \_SB_.PCI0.GPP8.U4UP.U4P1.PWRS: New power resource
[    0.327898] ACPI: \_SB_.PCI0.GPP8.U4UP.U4P1.UP1D.PWRS: New power resource
[    0.328123] ACPI: \_SB_.PCI0.GPP8.U4UP.U4P2.PWRS: New power resource
[    0.331054] ACPI: \_SB_.PCI0.GPP8.U4UP.U4P2.UXHC.PWRS: New power resource
[    0.334497] ACPI: \_SB_.PCI0.GPP8.U4UP.U4P3.PWRS: New power resource
[    0.337470] ACPI: \_SB_.PCI0.GPP8.U4UP.U4P3.UHI0.PWRS: New power resource
[    0.342113] ACPI: \_SB_.PRWB: New power resource
[    0.342534] ACPI: PCI Root Bridge [PCI0] (domain 0000 [bus 00-ff])
[    0.342537] acpi PNP0A08:00: _OSC: OS supports [ExtendedConfig ASPM ClockPM Segments MSI EDR HPX-Type3]
[    0.342598] acpi PNP0A08:00: _OSC: OS now controls [PCIeHotplug SHPCHotplug PME AER PCIeCapability LTR DPC]
[    0.342900] PCI host bridge to bus 0000:00
[    0.342901] pci_bus 0000:00: root bus resource [io  0x0000-0x03af window]
[    0.342902] pci_bus 0000:00: root bus resource [io  0x03e0-0x0cf7 window]
[    0.342903] pci_bus 0000:00: root bus resource [io  0x03b0-0x03df window]
[    0.342903] pci_bus 0000:00: root bus resource [io  0x0d00-0xffff window]
[    0.342904] pci_bus 0000:00: root bus resource [mem 0x000a0000-0x000dffff window]
[    0.342905] pci_bus 0000:00: root bus resource [mem 0xf2000000-0xf6ffffff window]
[    0.342905] pci_bus 0000:00: root bus resource [mem 0xf0000000-0xf1ffffff window]
[    0.342906] pci_bus 0000:00: root bus resource [mem 0x80000000-0xdfffffff window]
[    0.342906] pci_bus 0000:00: root bus resource [mem 0xc80000000-0xfcffffffff window]
[    0.342907] pci_bus 0000:00: root bus resource [bus 00-ff]
[    0.342918] pci 0000:00:00.0: [1022:14d8] type 00 class 0x060000 conventional PCI endpoint
[    0.342983] pci 0000:00:00.2: [1022:14d9] type 00 class 0x080600 conventional PCI endpoint
[    0.343036] pci 0000:00:01.0: [1022:14da] type 00 class 0x060000 conventional PCI endpoint
[    0.343079] pci 0000:00:01.1: [1022:14db] type 01 class 0x060400 PCIe Root Port
[    0.343090] pci 0000:00:01.1: PCI bridge to [bus 01]
[    0.343093] pci 0000:00:01.1:   bridge window [io  0xf000-0xffff]
[    0.343094] pci 0000:00:01.1:   bridge window [mem 0xd8000000-0xdc0fffff]
[    0.343098] pci 0000:00:01.1:   bridge window [mem 0xf800000000-0xfc01ffffff 64bit pref]
[    0.343144] pci 0000:00:01.1: PME# supported from D0 D3hot D3cold
[    0.343357] pci 0000:00:01.2: [1022:14db] type 01 class 0x060400 PCIe Root Port
[    0.343367] pci 0000:00:01.2: PCI bridge to [bus 02]
[    0.343370] pci 0000:00:01.2:   bridge window [mem 0xdd500000-0xdd5fffff]
[    0.343418] pci 0000:00:01.2: PME# supported from D0 D3hot D3cold
[    0.343490] pci 0000:00:01.4: [1022:14db] type 01 class 0x060400 PCIe Root Port
[    0.343500] pci 0000:00:01.4: PCI bridge to [bus 03]
[    0.343503] pci 0000:00:01.4:   bridge window [mem 0xdd400000-0xdd4fffff]
[    0.343551] pci 0000:00:01.4: PME# supported from D0 D3hot D3cold
[    0.343621] pci 0000:00:01.5: [1022:14db] type 01 class 0x060400 PCIe Root Port
[    0.343631] pci 0000:00:01.5: PCI bridge to [bus 04]
[    0.343634] pci 0000:00:01.5:   bridge window [mem 0xdd300000-0xdd3fffff]
[    0.343682] pci 0000:00:01.5: PME# supported from D0 D3hot D3cold
[    0.343749] pci 0000:00:02.0: [1022:14da] type 00 class 0x060000 conventional PCI endpoint
[    0.343792] pci 0000:00:02.1: [1022:14db] type 01 class 0x060400 PCIe Root Port
[    0.343802] pci 0000:00:02.1: PCI bridge to [bus 05-13]
[    0.343804] pci 0000:00:02.1:   bridge window [io  0xe000-0xefff]
[    0.343806] pci 0000:00:02.1:   bridge window [mem 0xdc200000-0xdcbfffff]
[    0.343853] pci 0000:00:02.1: PME# supported from D0 D3hot D3cold
[    0.343967] pci 0000:00:02.2: [1022:14db] type 01 class 0x060400 PCIe Root Port
[    0.343977] pci 0000:00:02.2: PCI bridge to [bus 14-7b]
[    0.343979] pci 0000:00:02.2:   bridge window [io  0x7000-0xcfff]
[    0.343980] pci 0000:00:02.2:   bridge window [mem 0xa4000000-0xd47fffff]
[    0.343984] pci 0000:00:02.2:   bridge window [mem 0xb800000000-0xf7ffffffff 64bit pref]
[    0.344028] pci 0000:00:02.2: PME# supported from D0 D3hot D3cold
[    0.346217] pci 0000:00:03.0: [1022:14da] type 00 class 0x060000 conventional PCI endpoint
[    0.346265] pci 0000:00:04.0: [1022:14da] type 00 class 0x060000 conventional PCI endpoint
[    0.346315] pci 0000:00:08.0: [1022:14da] type 00 class 0x060000 conventional PCI endpoint
[    0.346361] pci 0000:00:08.1: [1022:14dd] type 01 class 0x060400 PCIe Root Port
[    0.346369] pci 0000:00:08.1: PCI bridge to [bus 7c]
[    0.346371] pci 0000:00:08.1:   bridge window [io  0xd000-0xdfff]
[    0.346373] pci 0000:00:08.1:   bridge window [mem 0xdcc00000-0xdd1fffff]
[    0.346376] pci 0000:00:08.1:   bridge window [mem 0xfc10000000-0xfc1fffffff 64bit pref]
[    0.346380] pci 0000:00:08.1: enabling Extended Tags
[    0.346403] pci 0000:00:08.1: PME# supported from D0 D3hot D3cold
[    0.346464] pci 0000:00:08.3: [1022:14dd] type 01 class 0x060400 PCIe Root Port
[    0.346472] pci 0000:00:08.3: PCI bridge to [bus 7d]
[    0.346475] pci 0000:00:08.3:   bridge window [mem 0xdd200000-0xdd2fffff]
[    0.346481] pci 0000:00:08.3: enabling Extended Tags
[    0.346505] pci 0000:00:08.3: PME# supported from D0 D3hot D3cold
[    0.346567] pci 0000:00:14.0: [1022:790b] type 00 class 0x0c0500 conventional PCI endpoint
[    0.346631] pci 0000:00:14.3: [1022:790e] type 00 class 0x060100 conventional PCI endpoint
[    0.346705] pci 0000:00:18.0: [1022:14e0] type 00 class 0x060000 conventional PCI endpoint
[    0.346726] pci 0000:00:18.1: [1022:14e1] type 00 class 0x060000 conventional PCI endpoint
[    0.346746] pci 0000:00:18.2: [1022:14e2] type 00 class 0x060000 conventional PCI endpoint
[    0.346766] pci 0000:00:18.3: [1022:14e3] type 00 class 0x060000 conventional PCI endpoint
[    0.346786] pci 0000:00:18.4: [1022:14e4] type 00 class 0x060000 conventional PCI endpoint
[    0.346805] pci 0000:00:18.5: [1022:14e5] type 00 class 0x060000 conventional PCI endpoint
[    0.346824] pci 0000:00:18.6: [1022:14e6] type 00 class 0x060000 conventional PCI endpoint
[    0.346845] pci 0000:00:18.7: [1022:14e7] type 00 class 0x060000 conventional PCI endpoint
[    0.346914] pci 0000:01:00.0: [10de:2c05] type 00 class 0x030000 PCIe Legacy Endpoint
[    0.346936] pci 0000:01:00.0: BAR 0 [mem 0xd8000000-0xdbffffff]
[    0.346938] pci 0000:01:00.0: BAR 1 [mem 0xf800000000-0xfbffffffff 64bit pref]
[    0.346940] pci 0000:01:00.0: BAR 3 [mem 0xfc00000000-0xfc01ffffff 64bit pref]
[    0.346941] pci 0000:01:00.0: BAR 5 [io  0xf000-0xf07f]
[    0.346942] pci 0000:01:00.0: ROM [mem 0xdc000000-0xdc07ffff pref]
[    0.346964] pci 0000:01:00.0: Enabling HDA controller
[    0.347009] pci 0000:01:00.0: PME# supported from D0 D3hot
[    0.347043] pci 0000:01:00.0: VF BAR 0 [mem 0x00000000-0x0003ffff 64bit pref]
[    0.347044] pci 0000:01:00.0: VF BAR 0 [mem 0x00000000-0x0003ffff 64bit pref]: contains BAR 0 for 1 VFs
[    0.347046] pci 0000:01:00.0: VF BAR 2 [mem 0x00000000-0x0fffffff 64bit pref]
[    0.347046] pci 0000:01:00.0: VF BAR 2 [mem 0x00000000-0x0fffffff 64bit pref]: contains BAR 2 for 1 VFs
[    0.347048] pci 0000:01:00.0: VF BAR 4 [mem 0x00000000-0x01ffffff 64bit pref]
[    0.347048] pci 0000:01:00.0: VF BAR 4 [mem 0x00000000-0x01ffffff 64bit pref]: contains BAR 4 for 1 VFs
[    0.347125] pci 0000:01:00.0: 63.008 Gb/s available PCIe bandwidth, limited by 8.0 GT/s PCIe x8 link at 0000:00:01.1 (capable of 504.112 Gb/s with 32.0 GT/s PCIe x16 link)
[    0.347188] pci 0000:01:00.1: [10de:22e9] type 00 class 0x040300 PCIe Endpoint
[    0.347209] pci 0000:01:00.1: BAR 0 [mem 0xdc080000-0xdc083fff]
[    0.347319] pci 0000:00:01.1: PCI bridge to [bus 01]
[    0.347511] pci 0000:02:00.0: [15b7:5050] type 00 class 0x010802 PCIe Endpoint
[    0.347530] pci 0000:02:00.0: BAR 0 [mem 0xdd500000-0xdd503fff 64bit]
[    0.700360] pci 0000:00:01.2: PCI bridge to [bus 02]
[    0.700585] pci 0000:03:00.0: [144d:a810] type 00 class 0x010802 PCIe Endpoint
[    0.700604] pci 0000:03:00.0: BAR 0 [mem 0xdd400000-0xdd403fff 64bit]
[    0.700723] pci 0000:00:01.4: PCI bridge to [bus 03]
[    0.700952] pci 0000:04:00.0: [1e4b:1602] type 00 class 0x010802 PCIe Endpoint
[    0.700971] pci 0000:04:00.0: BAR 0 [mem 0xdd300000-0xdd303fff 64bit]
[    0.701115] pci 0000:00:01.5: PCI bridge to [bus 04]
[    0.701167] pci 0000:05:00.0: [1022:43f4] type 01 class 0x060400 PCIe Switch Upstream Port
[    0.701182] pci 0000:05:00.0: PCI bridge to [bus 06-13]
[    0.701185] pci 0000:05:00.0:   bridge window [io  0xe000-0xefff]
[    0.701187] pci 0000:05:00.0:   bridge window [mem 0xdc200000-0xdcbfffff]
[    0.701199] pci 0000:05:00.0: enabling Extended Tags
[    0.701240] pci 0000:05:00.0: PME# supported from D0 D3hot D3cold
[    0.703355] pci 0000:00:02.1: PCI bridge to [bus 05-13]
[    0.703419] pci 0000:06:00.0: [1022:43f5] type 01 class 0x060400 PCIe Switch Downstream Port
[    0.703434] pci 0000:06:00.0: PCI bridge to [bus 07]
[    0.703451] pci 0000:06:00.0: enabling Extended Tags
[    0.703494] pci 0000:06:00.0: PME# supported from D0 D3hot D3cold
[    0.703586] pci 0000:06:08.0: [1022:43f5] type 01 class 0x060400 PCIe Switch Downstream Port
[    0.703600] pci 0000:06:08.0: PCI bridge to [bus 08-11]
[    0.703604] pci 0000:06:08.0:   bridge window [io  0xe000-0xefff]
[    0.703605] pci 0000:06:08.0:   bridge window [mem 0xdc200000-0xdc8fffff]
[    0.703619] pci 0000:06:08.0: enabling Extended Tags
[    0.703661] pci 0000:06:08.0: PME# supported from D0 D3hot D3cold
[    0.703773] pci 0000:06:0c.0: [1022:43f5] type 01 class 0x060400 PCIe Switch Downstream Port
[    0.703788] pci 0000:06:0c.0: PCI bridge to [bus 12]
[    0.703792] pci 0000:06:0c.0:   bridge window [mem 0xdcb00000-0xdcbfffff]
[    0.703804] pci 0000:06:0c.0: enabling Extended Tags
[    0.703833] pci 0000:06:0c.0: PME# supported from D0 D3hot D3cold
[    0.703909] pci 0000:06:0d.0: [1022:43f5] type 01 class 0x060400 PCIe Switch Downstream Port
[    0.703924] pci 0000:06:0d.0: PCI bridge to [bus 13]
[    0.703927] pci 0000:06:0d.0:   bridge window [mem 0xdca00000-0xdcafffff]
[    0.703940] pci 0000:06:0d.0: enabling Extended Tags
[    0.703968] pci 0000:06:0d.0: PME# supported from D0 D3hot D3cold
[    0.704027] pci 0000:05:00.0: PCI bridge to [bus 06-13]
[    0.704057] pci 0000:06:00.0: PCI bridge to [bus 07]
[    0.704100] pci 0000:08:00.0: [1022:43f4] type 01 class 0x060400 PCIe Switch Upstream Port
[    0.704124] pci 0000:08:00.0: PCI bridge to [bus 09-11]
[    0.704130] pci 0000:08:00.0:   bridge window [io  0xe000-0xefff]
[    0.704132] pci 0000:08:00.0:   bridge window [mem 0xdc200000-0xdc8fffff]
[    0.704152] pci 0000:08:00.0: enabling Extended Tags
[    0.704221] pci 0000:08:00.0: PME# supported from D0 D3hot D3cold
[    0.706368] pci 0000:06:08.0: PCI bridge to [bus 08-11]
[    0.706454] pci 0000:09:00.0: [1022:43f5] type 01 class 0x060400 PCIe Switch Downstream Port
[    0.706478] pci 0000:09:00.0: PCI bridge to [bus 0a]
[    0.706507] pci 0000:09:00.0: enabling Extended Tags
[    0.706579] pci 0000:09:00.0: PME# supported from D0 D3hot D3cold
[    0.706715] pci 0000:09:04.0: [1022:43f5] type 01 class 0x060400 PCIe Switch Downstream Port
[    0.706739] pci 0000:09:04.0: PCI bridge to [bus 0b]
[    0.706746] pci 0000:09:04.0:   bridge window [mem 0xdc200000-0xdc4fffff]
[    0.706768] pci 0000:09:04.0: enabling Extended Tags
[    0.706838] pci 0000:09:04.0: PME# supported from D0 D3hot D3cold
[    0.706969] pci 0000:09:05.0: [1022:43f5] type 01 class 0x060400 PCIe Switch Downstream Port
[    0.706993] pci 0000:09:05.0: PCI bridge to [bus 0c]
[    0.707022] pci 0000:09:05.0: enabling Extended Tags
[    0.707094] pci 0000:09:05.0: PME# supported from D0 D3hot D3cold
[    0.707227] pci 0000:09:06.0: [1022:43f5] type 01 class 0x060400 PCIe Switch Downstream Port
[    0.707251] pci 0000:09:06.0: PCI bridge to [bus 0d]
[    0.707279] pci 0000:09:06.0: enabling Extended Tags
[    0.707353] pci 0000:09:06.0: PME# supported from D0 D3hot D3cold
[    0.707487] pci 0000:09:07.0: [1022:43f5] type 01 class 0x060400 PCIe Switch Downstream Port
[    0.707511] pci 0000:09:07.0: PCI bridge to [bus 0e]
[    0.707516] pci 0000:09:07.0:   bridge window [io  0xe000-0xefff]
[    0.707519] pci 0000:09:07.0:   bridge window [mem 0xdc800000-0xdc8fffff]
[    0.707540] pci 0000:09:07.0: enabling Extended Tags
[    0.707610] pci 0000:09:07.0: PME# supported from D0 D3hot D3cold
[    0.707745] pci 0000:09:08.0: [1022:43f5] type 01 class 0x060400 PCIe Switch Downstream Port
[    0.707769] pci 0000:09:08.0: PCI bridge to [bus 0f]
[    0.707797] pci 0000:09:08.0: enabling Extended Tags
[    0.707870] pci 0000:09:08.0: PME# supported from D0 D3hot D3cold
[    0.708008] pci 0000:09:0c.0: [1022:43f5] type 01 class 0x060400 PCIe Switch Downstream Port
[    0.708033] pci 0000:09:0c.0: PCI bridge to [bus 10]
[    0.708038] pci 0000:09:0c.0:   bridge window [mem 0xdc700000-0xdc7fffff]
[    0.708058] pci 0000:09:0c.0: enabling Extended Tags
[    0.708105] pci 0000:09:0c.0: PME# supported from D0 D3hot D3cold
[    0.708208] pci 0000:09:0d.0: [1022:43f5] type 01 class 0x060400 PCIe Switch Downstream Port
[    0.708232] pci 0000:09:0d.0: PCI bridge to [bus 11]
[    0.708237] pci 0000:09:0d.0:   bridge window [mem 0xdc600000-0xdc6fffff]
[    0.708258] pci 0000:09:0d.0: enabling Extended Tags
[    0.708305] pci 0000:09:0d.0: PME# supported from D0 D3hot D3cold
[    0.708395] pci 0000:08:00.0: PCI bridge to [bus 09-11]
[    0.708438] pci 0000:09:00.0: PCI bridge to [bus 0a]
[    0.708504] pci 0000:0b:00.0: [14c3:7927] type 00 class 0x028000 PCIe Endpoint
[    0.708563] pci 0000:0b:00.0: BAR 0 [mem 0xdc200000-0xdc3fffff 64bit]
[    0.708567] pci 0000:0b:00.0: BAR 2 [mem 0xdc400000-0xdc407fff 64bit]
[    0.708673] pci 0000:0b:00.0: PME# supported from D0 D3hot D3cold
[    0.710387] pci 0000:09:04.0: PCI bridge to [bus 0b]
[    0.710431] pci 0000:09:05.0: PCI bridge to [bus 0c]
[    0.710475] pci 0000:09:06.0: PCI bridge to [bus 0d]
[    0.710546] pci 0000:0e:00.0: [10ec:8126] type 00 class 0x020000 PCIe Endpoint
[    0.710614] pci 0000:0e:00.0: BAR 0 [io  0xe000-0xe0ff]
[    0.710620] pci 0000:0e:00.0: BAR 2 [mem 0xdc800000-0xdc80ffff 64bit]
[    0.710624] pci 0000:0e:00.0: BAR 4 [mem 0xdc810000-0xdc813fff 64bit]
[    0.710777] pci 0000:0e:00.0: supports D1 D2
[    0.710778] pci 0000:0e:00.0: PME# supported from D0 D1 D2 D3hot D3cold
[    0.712391] pci 0000:09:07.0: PCI bridge to [bus 0e]
[    0.712435] pci 0000:09:08.0: PCI bridge to [bus 0f]
[    0.712494] pci 0000:10:00.0: [1022:43fd] type 00 class 0x0c0330 PCIe Legacy Endpoint
[    0.712532] pci 0000:10:00.0: BAR 0 [mem 0xdc700000-0xdc707fff 64bit]
[    0.712543] pci 0000:10:00.0: enabling Extended Tags
[    0.712595] pci 0000:10:00.0: PME# supported from D0 D3hot D3cold
[    0.712711] pci 0000:09:0c.0: PCI bridge to [bus 10]
[    0.712778] pci 0000:11:00.0: [1022:43f6] type 00 class 0x010601 PCIe Legacy Endpoint
[    0.712818] pci 0000:11:00.0: BAR 5 [mem 0xdc680000-0xdc6803ff]
[    0.712819] pci 0000:11:00.0: ROM [mem 0xdc600000-0xdc67ffff pref]
[    0.712826] pci 0000:11:00.0: enabling Extended Tags
[    0.712867] pci 0000:11:00.0: PME# supported from D0 D3hot D3cold
[    0.712954] pci 0000:09:0d.0: PCI bridge to [bus 11]
[    0.713043] pci 0000:12:00.0: [1022:43fd] type 00 class 0x0c0330 PCIe Legacy Endpoint
[    0.713066] pci 0000:12:00.0: BAR 0 [mem 0xdcb00000-0xdcb07fff 64bit]
[    0.713073] pci 0000:12:00.0: enabling Extended Tags
[    0.713104] pci 0000:12:00.0: PME# supported from D0 D3hot D3cold
[    0.713186] pci 0000:06:0c.0: PCI bridge to [bus 12]
[    0.713223] pci 0000:13:00.0: [1022:43f6] type 00 class 0x010601 PCIe Legacy Endpoint
[    0.713247] pci 0000:13:00.0: BAR 5 [mem 0xdca80000-0xdca803ff]
[    0.713248] pci 0000:13:00.0: ROM [mem 0xdca00000-0xdca7ffff pref]
[    0.713252] pci 0000:13:00.0: enabling Extended Tags
[    0.713277] pci 0000:13:00.0: PME# supported from D0 D3hot D3cold
[    0.713335] pci 0000:06:0d.0: PCI bridge to [bus 13]
[    0.713409] pci 0000:14:00.0: [1b21:2421] type 01 class 0x060400 PCIe Switch Upstream Port
[    0.713423] pci 0000:14:00.0: PCI bridge to [bus 15-7b]
[    0.713427] pci 0000:14:00.0:   bridge window [io  0x7000-0xcfff]
[    0.713429] pci 0000:14:00.0:   bridge window [mem 0xa4000000-0xd47fffff]
[    0.713434] pci 0000:14:00.0:   bridge window [mem 0xb800000000-0xf7ffffffff 64bit pref]
[    0.713484] pci 0000:14:00.0: PME# supported from D0 D3hot D3cold
[    0.715773] pci 0000:00:02.2: PCI bridge to [bus 14-7b]
[    0.715819] pci 0000:15:00.0: [1b21:2423] type 01 class 0x060400 PCIe Switch Downstream Port
[    0.715833] pci 0000:15:00.0: PCI bridge to [bus 1a-49]
[    0.715837] pci 0000:15:00.0:   bridge window [io  0x7000-0x9fff]
[    0.715838] pci 0000:15:00.0:   bridge window [mem 0xa4000000-0xbbffffff]
[    0.715844] pci 0000:15:00.0:   bridge window [mem 0xb800000000-0xd7ffffffff 64bit pref]
[    0.715930] pci 0000:15:00.0: PME# supported from D0 D3hot D3cold
[    0.718425] pci 0000:15:01.0: [1b21:2423] type 01 class 0x060400 PCIe Switch Downstream Port
[    0.718440] pci 0000:15:01.0: PCI bridge to [bus 4a-79]
[    0.718443] pci 0000:15:01.0:   bridge window [io  0xa000-0xcfff]
[    0.718445] pci 0000:15:01.0:   bridge window [mem 0xbc000000-0xd3ffffff]
[    0.718450] pci 0000:15:01.0:   bridge window [mem 0xd800000000-0xf7ffffffff 64bit pref]
[    0.718536] pci 0000:15:01.0: PME# supported from D0 D3hot D3cold
[    0.721037] pci 0000:15:02.0: [1b21:2423] type 01 class 0x060400 PCIe Switch Downstream Port
[    0.721052] pci 0000:15:02.0: PCI bridge to [bus 7a]
[    0.721056] pci 0000:15:02.0:   bridge window [mem 0xd4000000-0xd43fffff]
[    0.721103] pci 0000:15:02.0: PME# supported from D0 D3hot D3cold
[    0.723384] pci 0000:15:03.0: [1b21:2423] type 01 class 0x060400 PCIe Switch Downstream Port
[    0.723399] pci 0000:15:03.0: PCI bridge to [bus 7b]
[    0.723403] pci 0000:15:03.0:   bridge window [mem 0xd4400000-0xd47fffff]
[    0.723450] pci 0000:15:03.0: PME# supported from D0 D3hot D3cold
[    0.725761] pci 0000:14:00.0: PCI bridge to [bus 15-7b]
[    0.725815] pci 0000:15:00.0: PCI bridge to [bus 1a-49]
[    0.725868] pci 0000:15:01.0: PCI bridge to [bus 4a-79]
[    0.725907] pci 0000:7a:00.0: [1b21:2426] type 00 class 0x0c0330 PCIe Legacy Endpoint
[    0.725930] pci 0000:7a:00.0: BAR 0 [mem 0xd4000000-0xd4007fff 64bit]
[    0.725969] pci 0000:7a:00.0: PME# supported from D0 D3hot D3cold
[    0.728266] pci 0000:15:02.0: PCI bridge to [bus 7a]
[    0.728316] pci 0000:7b:00.0: [1b21:2425] type 00 class 0x0c0340 PCIe Legacy Endpoint
[    0.728338] pci 0000:7b:00.0: BAR 0 [mem 0xd4400000-0xd443ffff 64bit]
[    0.728340] pci 0000:7b:00.0: BAR 2 [mem 0xd4440000-0xd444ffff 64bit]
[    0.728378] pci 0000:7b:00.0: PME# supported from D0 D3hot D3cold
[    0.730724] pci 0000:15:03.0: PCI bridge to [bus 7b]
[    0.730791] pci 0000:7c:00.0: [1002:13c0] type 00 class 0x030000 PCIe Legacy Endpoint
[    0.730806] pci 0000:7c:00.0: BAR 0 [mem 0xfc10000000-0xfc1fffffff 64bit pref]
[    0.730808] pci 0000:7c:00.0: BAR 2 [mem 0xdcc00000-0xdcdfffff 64bit pref]
[    0.730809] pci 0000:7c:00.0: BAR 4 [io  0xd000-0xd0ff]
[    0.730810] pci 0000:7c:00.0: BAR 5 [mem 0xdd100000-0xdd17ffff]
[    0.730813] pci 0000:7c:00.0: enabling Extended Tags
[    0.730845] pci 0000:7c:00.0: PME# supported from D1 D2 D3hot D3cold
[    0.730905] pci 0000:7c:00.1: [1002:1640] type 00 class 0x040300 PCIe Legacy Endpoint
[    0.730919] pci 0000:7c:00.1: BAR 0 [mem 0xdd180000-0xdd183fff]
[    0.730924] pci 0000:7c:00.1: enabling Extended Tags
[    0.730944] pci 0000:7c:00.1: PME# supported from D1 D2 D3hot D3cold
[    0.730982] pci 0000:7c:00.2: [1022:1649] type 00 class 0x108000 PCIe Endpoint
[    0.731017] pci 0000:7c:00.2: BAR 2 [mem 0xdd000000-0xdd0fffff]
[    0.731019] pci 0000:7c:00.2: BAR 5 [mem 0xdd184000-0xdd185fff]
[    0.731021] pci 0000:7c:00.2: enabling Extended Tags
[    0.731073] pci 0000:7c:00.3: [1022:15b6] type 00 class 0x0c0330 PCIe Endpoint
[    0.731088] pci 0000:7c:00.3: BAR 0 [mem 0xdcf00000-0xdcffffff 64bit]
[    0.731093] pci 0000:7c:00.3: enabling Extended Tags
[    0.731114] pci 0000:7c:00.3: PME# supported from D0 D3hot D3cold
[    0.731155] pci 0000:7c:00.4: [1022:15b7] type 00 class 0x0c0330 PCIe Endpoint
[    0.731169] pci 0000:7c:00.4: BAR 0 [mem 0xdce00000-0xdcefffff 64bit]
[    0.731174] pci 0000:7c:00.4: enabling Extended Tags
[    0.731195] pci 0000:7c:00.4: PME# supported from D0 D3hot D3cold
[    0.731250] pci 0000:00:08.1: PCI bridge to [bus 7c]
[    0.731274] pci 0000:7d:00.0: [1022:15b8] type 00 class 0x0c0330 PCIe Endpoint
[    0.731293] pci 0000:7d:00.0: BAR 0 [mem 0xdd200000-0xdd2fffff 64bit]
[    0.731298] pci 0000:7d:00.0: enabling Extended Tags
[    0.731324] pci 0000:7d:00.0: PME# supported from D0 D3hot D3cold
[    0.731412] pci 0000:00:08.3: PCI bridge to [bus 7d]
[    0.751003] ACPI: PCI: Interrupt link LNKA configured for IRQ 0
[    0.751025] ACPI: PCI: Interrupt link LNKB configured for IRQ 0
[    0.751043] ACPI: PCI: Interrupt link LNKC configured for IRQ 0
[    0.751066] ACPI: PCI: Interrupt link LNKD configured for IRQ 0
[    0.751086] ACPI: PCI: Interrupt link LNKE configured for IRQ 0
[    0.751103] ACPI: PCI: Interrupt link LNKF configured for IRQ 0
[    0.751120] ACPI: PCI: Interrupt link LNKG configured for IRQ 0
[    0.751136] ACPI: PCI: Interrupt link LNKH configured for IRQ 0
[    0.751825] ACPI: EC: interrupt unblocked
[    0.751826] ACPI: EC: event unblocked
[    0.751830] ACPI: EC: EC_CMD/EC_SC=0x66, EC_DATA=0x62
[    0.751831] ACPI: EC: GPE=0x4
[    0.751831] ACPI: \_SB_.PCI0.SBRG.EC0_: Boot DSDT EC initialization complete
[    0.751832] ACPI: \_SB_.PCI0.SBRG.EC0_: EC: Used to handle transactions and events
[    0.751876] iommu: Default domain type: Translated
[    0.751876] iommu: DMA domain TLB invalidation policy: lazy mode
[    0.751876] SCSI subsystem initialized
[    0.751876] libata version 3.00 loaded.
[    0.751876] ACPI: bus type USB registered
[    0.751876] usbcore: registered new interface driver usbfs
[    0.751876] usbcore: registered new interface driver hub
[    0.751876] usbcore: registered new device driver usb
[    0.754175] i2c i2c-0: Failed to register i2c client MSFT8000:00 at 0x4e (-16)
[    0.754298] pps_core: LinuxPPS API ver. 1 registered
[    0.754298] pps_core: Software ver. 5.3.6 - Copyright 2005-2007 Rodolfo Giometti <giometti@linux.it>
[    0.754299] PTP clock support registered
[    0.754308] EDAC MC: Ver: 3.0.0
[    0.754951] efivars: Registered efivars operations
[    0.754951] NetLabel: Initializing
[    0.754951] NetLabel:  domain hash size = 128
[    0.754951] NetLabel:  protocols = UNLABELED CIPSOv4 CALIPSO
[    0.754951] NetLabel:  unlabeled traffic allowed by default
[    0.754951] mctp: management component transport protocol core
[    0.754951] NET: Registered PF_MCTP protocol family
[    0.754951] PCI: Using ACPI for IRQ routing
[    0.760257] PCI: pci_cache_line_size set to 64 bytes
[    0.760260] pci 0000:00:02.1: bridge window [mem 0xdc200000-0xdcbfffff]: can't claim; address conflict with AMDIF031:00 [mem 0xdc600000-0xdc600fff]
[    0.760262] pci 0000:05:00.0: bridge window [mem 0xdc200000-0xdcbfffff]: can't claim; no compatible bridge window
[    0.760263] pci 0000:06:08.0: bridge window [mem 0xdc200000-0xdc8fffff]: can't claim; no compatible bridge window
[    0.760264] pci 0000:08:00.0: bridge window [mem 0xdc200000-0xdc8fffff]: can't claim; no compatible bridge window
[    0.760264] pci 0000:09:04.0: bridge window [mem 0xdc200000-0xdc4fffff]: can't claim; no compatible bridge window
[    0.760265] pci 0000:09:07.0: bridge window [mem 0xdc800000-0xdc8fffff]: can't claim; no compatible bridge window
[    0.760265] pci 0000:09:0c.0: bridge window [mem 0xdc700000-0xdc7fffff]: can't claim; no compatible bridge window
[    0.760266] pci 0000:09:0d.0: bridge window [mem 0xdc600000-0xdc6fffff]: can't claim; no compatible bridge window
[    0.760266] pci 0000:06:0c.0: bridge window [mem 0xdcb00000-0xdcbfffff]: can't claim; no compatible bridge window
[    0.760267] pci 0000:06:0d.0: bridge window [mem 0xdca00000-0xdcafffff]: can't claim; no compatible bridge window
[    0.760720] pci 0000:0e:00.0: BAR 2 [mem 0xdc800000-0xdc80ffff 64bit]: can't claim; no compatible bridge window
[    0.760722] pci 0000:0e:00.0: BAR 4 [mem 0xdc810000-0xdc813fff 64bit]: can't claim; no compatible bridge window
[    0.760725] pci 0000:10:00.0: BAR 0 [mem 0xdc700000-0xdc707fff 64bit]: can't claim; no compatible bridge window
[    0.760729] pci 0000:12:00.0: BAR 0 [mem 0xdcb00000-0xdcb07fff 64bit]: can't claim; no compatible bridge window
[    0.761267] pci 0000:0b:00.0: BAR 0 [mem 0xdc200000-0xdc3fffff 64bit]: can't claim; no compatible bridge window
[    0.761268] pci 0000:0b:00.0: BAR 2 [mem 0xdc400000-0xdc407fff 64bit]: can't claim; no compatible bridge window
[    0.761351] pci 0000:11:00.0: BAR 5 [mem 0xdc680000-0xdc6803ff]: can't claim; no compatible bridge window
[    0.761354] pci 0000:13:00.0: BAR 5 [mem 0xdca80000-0xdca803ff]: can't claim; no compatible bridge window
[    0.761372] e820: reserve RAM buffer [mem 0x099ff000-0x0bffffff]
[    0.761373] e820: reserve RAM buffer [mem 0x0a200000-0x0bffffff]
[    0.761373] e820: reserve RAM buffer [mem 0x0b000000-0x0bffffff]
[    0.761373] e820: reserve RAM buffer [mem 0x60d7d000-0x63ffffff]
[    0.761374] e820: reserve RAM buffer [mem 0x660c7000-0x67ffffff]
[    0.761374] e820: reserve RAM buffer [mem 0x699a4000-0x6bffffff]
[    0.761375] e820: reserve RAM buffer [mem 0x79ff7000-0x7bffffff]
[    0.761375] e820: reserve RAM buffer [mem 0x7a000000-0x7bffffff]
[    0.761376] e820: reserve RAM buffer [mem 0xc5de80000-0xc5fffffff]
[    0.761391] pci 0000:01:00.0: vgaarb: setting as boot VGA device
[    0.761391] pci 0000:01:00.0: vgaarb: bridge control possible
[    0.761391] pci 0000:01:00.0: vgaarb: VGA device added: decodes=io+mem,owns=none,locks=none
[    0.761391] pci 0000:7c:00.0: vgaarb: bridge control possible
[    0.761391] pci 0000:7c:00.0: vgaarb: VGA device added: decodes=io+mem,owns=none,locks=none
[    0.761391] vgaarb: loaded
[    0.761391] hpet0: at MMIO 0xfed00000, IRQs 2, 8, 0
[    0.761391] hpet0: 3 comparators, 32-bit 14.318180 MHz counter
[    0.763374] clocksource: Switched to clocksource tsc-early
[    0.763654] VFS: Disk quotas dquot_6.6.0
[    0.763658] VFS: Dquot-cache hash table entries: 512 (order 0, 4096 bytes)
[    0.763699] AppArmor: AppArmor Filesystem Enabled
[    0.763712] pnp: PnP ACPI init
[    0.763756] system 00:00: [mem 0xe0000000-0xefffffff] has been reserved
[    0.763786] system 00:01: [mem 0xc60000000-0xc7fffffff window] has been reserved
[    0.763878] system 00:03: [io  0x0290-0x029f] has been reserved
[    0.763879] system 00:03: [io  0x0200-0x023f] has been reserved
[    0.763976] system 00:04: [io  0x04d0-0x04d1] has been reserved
[    0.763977] system 00:04: [io  0x040b] has been reserved
[    0.763978] system 00:04: [io  0x04d6] has been reserved
[    0.763978] system 00:04: [io  0x0c00-0x0c01] has been reserved
[    0.763979] system 00:04: [io  0x0c14] has been reserved
[    0.763979] system 00:04: [io  0x0c50-0x0c51] has been reserved
[    0.763980] system 00:04: [io  0x0c52] has been reserved
[    0.763980] system 00:04: [io  0x0c6c] has been reserved
[    0.763981] system 00:04: [io  0x0c6f] has been reserved
[    0.763981] system 00:04: [io  0x0cd8-0x0cdf] has been reserved
[    0.763982] system 00:04: [io  0x0800-0x089f] has been reserved
[    0.763982] system 00:04: [io  0x0b00-0x0b0f] has been reserved
[    0.763983] system 00:04: [io  0x0b20-0x0b3f] has been reserved
[    0.763983] system 00:04: [io  0x0900-0x090f] has been reserved
[    0.763984] system 00:04: [io  0x0910-0x091f] has been reserved
[    0.763984] system 00:04: [mem 0xfedc0000-0xfedc0fff] has been reserved
[    0.763985] system 00:04: [mem 0xfee00000-0xfee00fff] has been reserved
[    0.763985] system 00:04: [mem 0xfec10000-0xfec10fff] has been reserved
[    0.763986] system 00:04: [mem 0xfeb00000-0xfeb00fff] has been reserved
[    0.763986] system 00:04: [mem 0xff000000-0xffffffff] has been reserved
[    0.765492] pnp: PnP ACPI: found 5 devices
[    0.770514] clocksource: acpi_pm: mask: 0xffffff max_cycles: 0xffffff, max_idle_ns: 2085701024 ns
[    0.770537] NET: Registered PF_INET protocol family
[    0.770598] IP idents hash table entries: 262144 (order: 9, 2097152 bytes, linear)
[    0.778361] tcp_listen_portaddr_hash hash table entries: 32768 (order: 7, 524288 bytes, linear)
[    0.778381] Table-perturb hash table entries: 65536 (order: 6, 262144 bytes, linear)
[    0.778494] TCP established hash table entries: 524288 (order: 10, 4194304 bytes, linear)
[    0.778673] TCP bind hash table entries: 65536 (order: 9, 2097152 bytes, linear)
[    0.778725] TCP: Hash tables configured (established 524288 bind 65536)
[    0.778802] MPTCP token hash table entries: 65536 (order: 9, 1572864 bytes, linear)
[    0.778889] UDP hash table entries: 32768 (order: 9, 2097152 bytes, linear)
[    0.778990] UDP-Lite hash table entries: 32768 (order: 9, 2097152 bytes, linear)
[    0.779059] NET: Registered PF_UNIX/PF_LOCAL protocol family
[    0.779062] NET: Registered PF_XDP protocol family
[    0.779065] pci 0000:11:00.0: ROM [mem 0xdc600000-0xdc67ffff pref]: can't claim; no compatible bridge window
[    0.779066] pci 0000:13:00.0: ROM [mem 0xdca00000-0xdca7ffff pref]: can't claim; no compatible bridge window
[    0.779069] pci_bus 0000:00: max bus depth: 5 pci_try_num: 6
[    0.779078] pci 0000:00:02.1: bridge window [mem 0xf2000000-0xf27fffff]: assigned
[    0.779081] pci 0000:01:00.0: VF BAR 2 [mem size 0x10000000 64bit pref]: can't assign; no space
[    0.779082] pci 0000:01:00.0: VF BAR 2 [mem size 0x10000000 64bit pref]: failed to assign
[    0.779083] pci 0000:01:00.0: VF BAR 4 [mem size 0x02000000 64bit pref]: can't assign; no space
[    0.779083] pci 0000:01:00.0: VF BAR 4 [mem size 0x02000000 64bit pref]: failed to assign
[    0.779084] pci 0000:01:00.0: VF BAR 0 [mem 0xdc0c0000-0xdc0fffff 64bit pref]: assigned
[    0.779087] pci 0000:00:01.1: PCI bridge to [bus 01]
[    0.779088] pci 0000:00:01.1:   bridge window [io  0xf000-0xffff]
[    0.779090] pci 0000:00:01.1:   bridge window [mem 0xd8000000-0xdc0fffff]
[    0.779091] pci 0000:00:01.1:   bridge window [mem 0xf800000000-0xfc01ffffff 64bit pref]
[    0.779101] pci 0000:00:01.2: PCI bridge to [bus 02]
[    0.779102] pci 0000:00:01.2:   bridge window [mem 0xdd500000-0xdd5fffff]
[    0.779112] pci 0000:00:01.4: PCI bridge to [bus 03]
[    0.779114] pci 0000:00:01.4:   bridge window [mem 0xdd400000-0xdd4fffff]
[    0.779124] pci 0000:00:01.5: PCI bridge to [bus 04]
[    0.779125] pci 0000:00:01.5:   bridge window [mem 0xdd300000-0xdd3fffff]
[    0.779135] pci 0000:05:00.0: bridge window [mem 0xf2000000-0xf27fffff]: assigned
[    0.779136] pci 0000:06:08.0: bridge window [mem 0xf2000000-0xf25fffff]: assigned
[    0.779137] pci 0000:06:0c.0: bridge window [mem 0xf2600000-0xf26fffff]: assigned
[    0.779137] pci 0000:06:0d.0: bridge window [mem 0xf2700000-0xf27fffff]: assigned
[    0.779138] pci 0000:06:00.0: PCI bridge to [bus 07]
[    0.779148] pci 0000:08:00.0: bridge window [mem 0xf2000000-0xf25fffff]: assigned
[    0.779149] pci 0000:09:04.0: bridge window [mem 0xf2000000-0xf22fffff]: assigned
[    0.779150] pci 0000:09:07.0: bridge window [mem 0xf2300000-0xf23fffff]: assigned
[    0.779150] pci 0000:09:0c.0: bridge window [mem 0xf2400000-0xf24fffff]: assigned
[    0.779151] pci 0000:09:0d.0: bridge window [mem 0xf2500000-0xf25fffff]: assigned
[    0.779151] pci 0000:09:00.0: PCI bridge to [bus 0a]
[    0.779161] pci 0000:0b:00.0: BAR 0 [mem 0xf2000000-0xf21fffff 64bit]: assigned
[    0.779173] pci 0000:0b:00.0: BAR 2 [mem 0xf2200000-0xf2207fff 64bit]: assigned
[    0.779185] pci 0000:09:04.0: PCI bridge to [bus 0b]
[    0.779188] pci 0000:09:04.0:   bridge window [mem 0xf2000000-0xf22fffff]
[    0.779194] pci 0000:09:05.0: PCI bridge to [bus 0c]
[    0.779203] pci 0000:09:06.0: PCI bridge to [bus 0d]
[    0.779213] pci 0000:0e:00.0: BAR 2 [mem 0xf2300000-0xf230ffff 64bit]: assigned
[    0.779226] pci 0000:0e:00.0: BAR 4 [mem 0xf2310000-0xf2313fff 64bit]: assigned
[    0.779238] pci 0000:09:07.0: PCI bridge to [bus 0e]
[    0.779240] pci 0000:09:07.0:   bridge window [io  0xe000-0xefff]
[    0.779243] pci 0000:09:07.0:   bridge window [mem 0xf2300000-0xf23fffff]
[    0.779249] pci 0000:09:08.0: PCI bridge to [bus 0f]
[    0.779258] pci 0000:10:00.0: BAR 0 [mem 0xf2400000-0xf2407fff 64bit]: assigned
[    0.779266] pci 0000:09:0c.0: PCI bridge to [bus 10]
[    0.779269] pci 0000:09:0c.0:   bridge window [mem 0xf2400000-0xf24fffff]
[    0.779275] pci 0000:11:00.0: ROM [mem 0xf2500000-0xf257ffff pref]: assigned
[    0.779276] pci 0000:11:00.0: BAR 5 [mem 0xf2580000-0xf25803ff]: assigned
[    0.779279] pci 0000:09:0d.0: PCI bridge to [bus 11]
[    0.779282] pci 0000:09:0d.0:   bridge window [mem 0xf2500000-0xf25fffff]
[    0.779288] pci 0000:08:00.0: PCI bridge to [bus 09-11]
[    0.779289] pci 0000:08:00.0:   bridge window [io  0xe000-0xefff]
[    0.779293] pci 0000:08:00.0:   bridge window [mem 0xf2000000-0xf25fffff]
[    0.779299] pci 0000:06:08.0: PCI bridge to [bus 08-11]
[    0.779302] pci 0000:06:08.0:   bridge window [io  0xe000-0xefff]
[    0.779304] pci 0000:06:08.0:   bridge window [mem 0xf2000000-0xf25fffff]
[    0.779309] pci 0000:12:00.0: BAR 0 [mem 0xf2600000-0xf2607fff 64bit]: assigned
[    0.779313] pci 0000:06:0c.0: PCI bridge to [bus 12]
[    0.779315] pci 0000:06:0c.0:   bridge window [mem 0xf2600000-0xf26fffff]
[    0.779319] pci 0000:13:00.0: ROM [mem 0xf2700000-0xf277ffff pref]: assigned
[    0.779320] pci 0000:13:00.0: BAR 5 [mem 0xf2780000-0xf27803ff]: assigned
[    0.779321] pci 0000:06:0d.0: PCI bridge to [bus 13]
[    0.779324] pci 0000:06:0d.0:   bridge window [mem 0xf2700000-0xf27fffff]
[    0.779328] pci 0000:05:00.0: PCI bridge to [bus 06-13]
[    0.779329] pci 0000:05:00.0:   bridge window [io  0xe000-0xefff]
[    0.779331] pci 0000:05:00.0:   bridge window [mem 0xf2000000-0xf27fffff]
[    0.779335] pci 0000:00:02.1: PCI bridge to [bus 05-13]
[    0.779335] pci 0000:00:02.1:   bridge window [io  0xe000-0xefff]
[    0.779337] pci 0000:00:02.1:   bridge window [mem 0xf2000000-0xf27fffff]
[    0.779347] pci 0000:15:00.0: PCI bridge to [bus 1a-49]
[    0.779348] pci 0000:15:00.0:   bridge window [io  0x7000-0x9fff]
[    0.779350] pci 0000:15:00.0:   bridge window [mem 0xa4000000-0xbbffffff]
[    0.779352] pci 0000:15:00.0:   bridge window [mem 0xb800000000-0xd7ffffffff 64bit pref]
[    0.779355] pci 0000:15:01.0: PCI bridge to [bus 4a-79]
[    0.779356] pci 0000:15:01.0:   bridge window [io  0xa000-0xcfff]
[    0.779358] pci 0000:15:01.0:   bridge window [mem 0xbc000000-0xd3ffffff]
[    0.779359] pci 0000:15:01.0:   bridge window [mem 0xd800000000-0xf7ffffffff 64bit pref]
[    0.779362] pci 0000:15:02.0: PCI bridge to [bus 7a]
[    0.779364] pci 0000:15:02.0:   bridge window [mem 0xd4000000-0xd43fffff]
[    0.779368] pci 0000:15:03.0: PCI bridge to [bus 7b]
[    0.779370] pci 0000:15:03.0:   bridge window [mem 0xd4400000-0xd47fffff]
[    0.779374] pci 0000:14:00.0: PCI bridge to [bus 15-7b]
[    0.779375] pci 0000:14:00.0:   bridge window [io  0x7000-0xcfff]
[    0.779377] pci 0000:14:00.0:   bridge window [mem 0xa4000000-0xd47fffff]
[    0.779379] pci 0000:14:00.0:   bridge window [mem 0xb800000000-0xf7ffffffff 64bit pref]
[    0.779382] pci 0000:00:02.2: PCI bridge to [bus 14-7b]
[    0.779383] pci 0000:00:02.2:   bridge window [io  0x7000-0xcfff]
[    0.779384] pci 0000:00:02.2:   bridge window [mem 0xa4000000-0xd47fffff]
[    0.779385] pci 0000:00:02.2:   bridge window [mem 0xb800000000-0xf7ffffffff 64bit pref]
[    0.779395] pci 0000:00:08.1: PCI bridge to [bus 7c]
[    0.779400] pci 0000:00:08.1:   bridge window [io  0xd000-0xdfff]
[    0.779401] pci 0000:00:08.1:   bridge window [mem 0xdcc00000-0xdd1fffff]
[    0.779402] pci 0000:00:08.1:   bridge window [mem 0xfc10000000-0xfc1fffffff 64bit pref]
[    0.779404] pci 0000:00:08.3: PCI bridge to [bus 7d]
[    0.779406] pci 0000:00:08.3:   bridge window [mem 0xdd200000-0xdd2fffff]
[    0.779408] PCI: No. 2 try to assign unassigned res
[    0.779409] release child resource [mem 0xf800000000-0xfbffffffff 64bit pref]
[    0.779409] release child resource [mem 0xfc00000000-0xfc01ffffff 64bit pref]
[    0.779410] pci 0000:00:01.1: resource 15 [mem 0xf800000000-0xfc01ffffff 64bit pref] released
[    0.779410] pci 0000:00:01.1: PCI bridge to [bus 01]
[    0.779424] pci 0000:00:01.1: bridge window [mem 0xe00000000-0x13ffffffff 64bit pref]: assigned
[    0.779426] pci 0000:01:00.0: BAR 1 [mem 0x1000000000-0x13ffffffff 64bit pref]: assigned
[    0.779430] pci 0000:01:00.0: VF BAR 2 [mem 0xe00000000-0xe0fffffff 64bit pref]: assigned
[    0.779432] pci 0000:01:00.0: BAR 3 [mem 0xe10000000-0xe11ffffff 64bit pref]: assigned
[    0.779437] pci 0000:01:00.0: VF BAR 4 [mem 0xe12000000-0xe13ffffff 64bit pref]: assigned
[    0.779439] pci 0000:00:01.1: PCI bridge to [bus 01]
[    0.779440] pci 0000:00:01.1:   bridge window [io  0xf000-0xffff]
[    0.779441] pci 0000:00:01.1:   bridge window [mem 0xd8000000-0xdc0fffff]
[    0.779443] pci 0000:00:01.1:   bridge window [mem 0xe00000000-0x13ffffffff 64bit pref]
[    0.779452] pci 0000:00:01.2: PCI bridge to [bus 02]
[    0.779453] pci 0000:00:01.2:   bridge window [mem 0xdd500000-0xdd5fffff]
[    0.779463] pci 0000:00:01.4: PCI bridge to [bus 03]
[    0.779465] pci 0000:00:01.4:   bridge window [mem 0xdd400000-0xdd4fffff]
[    0.779474] pci 0000:00:01.5: PCI bridge to [bus 04]
[    0.779476] pci 0000:00:01.5:   bridge window [mem 0xdd300000-0xdd3fffff]
[    0.779486] pci 0000:06:00.0: PCI bridge to [bus 07]
[    0.779496] pci 0000:09:00.0: PCI bridge to [bus 0a]
[    0.779505] pci 0000:09:04.0: PCI bridge to [bus 0b]
[    0.779508] pci 0000:09:04.0:   bridge window [mem 0xf2000000-0xf22fffff]
[    0.779514] pci 0000:09:05.0: PCI bridge to [bus 0c]
[    0.779523] pci 0000:09:06.0: PCI bridge to [bus 0d]
[    0.779532] pci 0000:09:07.0: PCI bridge to [bus 0e]
[    0.779534] pci 0000:09:07.0:   bridge window [io  0xe000-0xefff]
[    0.779537] pci 0000:09:07.0:   bridge window [mem 0xf2300000-0xf23fffff]
[    0.779543] pci 0000:09:08.0: PCI bridge to [bus 0f]
[    0.779552] pci 0000:09:0c.0: PCI bridge to [bus 10]
[    0.779555] pci 0000:09:0c.0:   bridge window [mem 0xf2400000-0xf24fffff]
[    0.779562] pci 0000:09:0d.0: PCI bridge to [bus 11]
[    0.779565] pci 0000:09:0d.0:   bridge window [mem 0xf2500000-0xf25fffff]
[    0.779571] pci 0000:08:00.0: PCI bridge to [bus 09-11]
[    0.779573] pci 0000:08:00.0:   bridge window [io  0xe000-0xefff]
[    0.779576] pci 0000:08:00.0:   bridge window [mem 0xf2000000-0xf25fffff]
[    0.779582] pci 0000:06:08.0: PCI bridge to [bus 08-11]
[    0.779583] pci 0000:06:08.0:   bridge window [io  0xe000-0xefff]
[    0.779585] pci 0000:06:08.0:   bridge window [mem 0xf2000000-0xf25fffff]
[    0.779589] pci 0000:06:0c.0: PCI bridge to [bus 12]
[    0.779591] pci 0000:06:0c.0:   bridge window [mem 0xf2600000-0xf26fffff]
[    0.779595] pci 0000:06:0d.0: PCI bridge to [bus 13]
[    0.779597] pci 0000:06:0d.0:   bridge window [mem 0xf2700000-0xf27fffff]
[    0.779601] pci 0000:05:00.0: PCI bridge to [bus 06-13]
[    0.779602] pci 0000:05:00.0:   bridge window [io  0xe000-0xefff]
[    0.779604] pci 0000:05:00.0:   bridge window [mem 0xf2000000-0xf27fffff]
[    0.779608] pci 0000:00:02.1: PCI bridge to [bus 05-13]
[    0.779609] pci 0000:00:02.1:   bridge window [io  0xe000-0xefff]
[    0.779611] pci 0000:00:02.1:   bridge window [mem 0xf2000000-0xf27fffff]
[    0.779620] pci 0000:15:00.0: PCI bridge to [bus 1a-49]
[    0.779621] pci 0000:15:00.0:   bridge window [io  0x7000-0x9fff]
[    0.779624] pci 0000:15:00.0:   bridge window [mem 0xa4000000-0xbbffffff]
[    0.779625] pci 0000:15:00.0:   bridge window [mem 0xb800000000-0xd7ffffffff 64bit pref]
[    0.779628] pci 0000:15:01.0: PCI bridge to [bus 4a-79]
[    0.779629] pci 0000:15:01.0:   bridge window [io  0xa000-0xcfff]
[    0.779631] pci 0000:15:01.0:   bridge window [mem 0xbc000000-0xd3ffffff]
[    0.779633] pci 0000:15:01.0:   bridge window [mem 0xd800000000-0xf7ffffffff 64bit pref]
[    0.779635] pci 0000:15:02.0: PCI bridge to [bus 7a]
[    0.779638] pci 0000:15:02.0:   bridge window [mem 0xd4000000-0xd43fffff]
[    0.779642] pci 0000:15:03.0: PCI bridge to [bus 7b]
[    0.779644] pci 0000:15:03.0:   bridge window [mem 0xd4400000-0xd47fffff]
[    0.779648] pci 0000:14:00.0: PCI bridge to [bus 15-7b]
[    0.779648] pci 0000:14:00.0:   bridge window [io  0x7000-0xcfff]
[    0.779651] pci 0000:14:00.0:   bridge window [mem 0xa4000000-0xd47fffff]
[    0.779652] pci 0000:14:00.0:   bridge window [mem 0xb800000000-0xf7ffffffff 64bit pref]
[    0.779655] pci 0000:00:02.2: PCI bridge to [bus 14-7b]
[    0.779656] pci 0000:00:02.2:   bridge window [io  0x7000-0xcfff]
[    0.779657] pci 0000:00:02.2:   bridge window [mem 0xa4000000-0xd47fffff]
[    0.779659] pci 0000:00:02.2:   bridge window [mem 0xb800000000-0xf7ffffffff 64bit pref]
[    0.779668] pci 0000:00:08.1: PCI bridge to [bus 7c]
[    0.779673] pci 0000:00:08.1:   bridge window [io  0xd000-0xdfff]
[    0.779674] pci 0000:00:08.1:   bridge window [mem 0xdcc00000-0xdd1fffff]
[    0.779675] pci 0000:00:08.1:   bridge window [mem 0xfc10000000-0xfc1fffffff 64bit pref]
[    0.779677] pci 0000:00:08.3: PCI bridge to [bus 7d]
[    0.779679] pci 0000:00:08.3:   bridge window [mem 0xdd200000-0xdd2fffff]
[    0.779681] pci_bus 0000:00: resource 4 [io  0x0000-0x03af window]
[    0.779682] pci_bus 0000:00: resource 5 [io  0x03e0-0x0cf7 window]
[    0.779682] pci_bus 0000:00: resource 6 [io  0x03b0-0x03df window]
[    0.779683] pci_bus 0000:00: resource 7 [io  0x0d00-0xffff window]
[    0.779683] pci_bus 0000:00: resource 8 [mem 0x000a0000-0x000dffff window]
[    0.779684] pci_bus 0000:00: resource 9 [mem 0xf2000000-0xf6ffffff window]
[    0.779684] pci_bus 0000:00: resource 10 [mem 0xf0000000-0xf1ffffff window]
[    0.779685] pci_bus 0000:00: resource 11 [mem 0x80000000-0xdfffffff window]
[    0.779685] pci_bus 0000:00: resource 12 [mem 0xc80000000-0xfcffffffff window]
[    0.779686] pci_bus 0000:01: resource 0 [io  0xf000-0xffff]
[    0.779686] pci_bus 0000:01: resource 1 [mem 0xd8000000-0xdc0fffff]
[    0.779687] pci_bus 0000:01: resource 2 [mem 0xe00000000-0x13ffffffff 64bit pref]
[    0.779688] pci_bus 0000:02: resource 1 [mem 0xdd500000-0xdd5fffff]
[    0.779688] pci_bus 0000:03: resource 1 [mem 0xdd400000-0xdd4fffff]
[    0.779688] pci_bus 0000:04: resource 1 [mem 0xdd300000-0xdd3fffff]
[    0.779689] pci_bus 0000:05: resource 0 [io  0xe000-0xefff]
[    0.779689] pci_bus 0000:05: resource 1 [mem 0xf2000000-0xf27fffff]
[    0.779690] pci_bus 0000:06: resource 0 [io  0xe000-0xefff]
[    0.779690] pci_bus 0000:06: resource 1 [mem 0xf2000000-0xf27fffff]
[    0.779691] pci_bus 0000:08: resource 0 [io  0xe000-0xefff]
[    0.779691] pci_bus 0000:08: resource 1 [mem 0xf2000000-0xf25fffff]
[    0.779692] pci_bus 0000:09: resource 0 [io  0xe000-0xefff]
[    0.779692] pci_bus 0000:09: resource 1 [mem 0xf2000000-0xf25fffff]
[    0.779693] pci_bus 0000:0b: resource 1 [mem 0xf2000000-0xf22fffff]
[    0.779693] pci_bus 0000:0e: resource 0 [io  0xe000-0xefff]
[    0.779694] pci_bus 0000:0e: resource 1 [mem 0xf2300000-0xf23fffff]
[    0.779694] pci_bus 0000:10: resource 1 [mem 0xf2400000-0xf24fffff]
[    0.779694] pci_bus 0000:11: resource 1 [mem 0xf2500000-0xf25fffff]
[    0.779695] pci_bus 0000:12: resource 1 [mem 0xf2600000-0xf26fffff]
[    0.779695] pci_bus 0000:13: resource 1 [mem 0xf2700000-0xf27fffff]
[    0.779696] pci_bus 0000:14: resource 0 [io  0x7000-0xcfff]
[    0.779696] pci_bus 0000:14: resource 1 [mem 0xa4000000-0xd47fffff]
[    0.779697] pci_bus 0000:14: resource 2 [mem 0xb800000000-0xf7ffffffff 64bit pref]
[    0.779697] pci_bus 0000:15: resource 0 [io  0x7000-0xcfff]
[    0.779698] pci_bus 0000:15: resource 1 [mem 0xa4000000-0xd47fffff]
[    0.779698] pci_bus 0000:15: resource 2 [mem 0xb800000000-0xf7ffffffff 64bit pref]
[    0.779699] pci_bus 0000:1a: resource 0 [io  0x7000-0x9fff]
[    0.779699] pci_bus 0000:1a: resource 1 [mem 0xa4000000-0xbbffffff]
[    0.779699] pci_bus 0000:1a: resource 2 [mem 0xb800000000-0xd7ffffffff 64bit pref]
[    0.779700] pci_bus 0000:4a: resource 0 [io  0xa000-0xcfff]
[    0.779700] pci_bus 0000:4a: resource 1 [mem 0xbc000000-0xd3ffffff]
[    0.779701] pci_bus 0000:4a: resource 2 [mem 0xd800000000-0xf7ffffffff 64bit pref]
[    0.779701] pci_bus 0000:7a: resource 1 [mem 0xd4000000-0xd43fffff]
[    0.779702] pci_bus 0000:7b: resource 1 [mem 0xd4400000-0xd47fffff]
[    0.779702] pci_bus 0000:7c: resource 0 [io  0xd000-0xdfff]
[    0.779703] pci_bus 0000:7c: resource 1 [mem 0xdcc00000-0xdd1fffff]
[    0.779703] pci_bus 0000:7c: resource 2 [mem 0xfc10000000-0xfc1fffffff 64bit pref]
[    0.779704] pci_bus 0000:7d: resource 1 [mem 0xdd200000-0xdd2fffff]
[    0.779774] pci 0000:01:00.1: extending delay after power-on from D3hot to 20 msec
[    0.779787] pci 0000:01:00.1: D0 power state depends on 0000:01:00.0
[    0.780546] pci 0000:7c:00.1: D0 power state depends on 0000:7c:00.0
[    0.780670] PCI: CLS 64 bytes, default 64
[    0.780685] pci 0000:00:00.2: AMD-Vi: IOMMU performance counters supported
[    0.780708] Trying to unpack rootfs image as initramfs...
[    0.780713] pci 0000:00:01.0: Adding to iommu group 0
[    0.780721] pci 0000:00:01.1: Adding to iommu group 1
[    0.780728] pci 0000:00:01.2: Adding to iommu group 2
[    0.780735] pci 0000:00:01.4: Adding to iommu group 3
[    0.780741] pci 0000:00:01.5: Adding to iommu group 4
[    0.780753] pci 0000:00:02.0: Adding to iommu group 5
[    0.780760] pci 0000:00:02.1: Adding to iommu group 6
[    0.780767] pci 0000:00:02.2: Adding to iommu group 7
[    0.780777] pci 0000:00:03.0: Adding to iommu group 8
[    0.780787] pci 0000:00:04.0: Adding to iommu group 9
[    0.780799] pci 0000:00:08.0: Adding to iommu group 10
[    0.780805] pci 0000:00:08.1: Adding to iommu group 11
[    0.780812] pci 0000:00:08.3: Adding to iommu group 12
[    0.780827] pci 0000:00:14.0: Adding to iommu group 13
[    0.780833] pci 0000:00:14.3: Adding to iommu group 13
[    0.780873] pci 0000:00:18.0: Adding to iommu group 14
[    0.780880] pci 0000:00:18.1: Adding to iommu group 14
[    0.780886] pci 0000:00:18.2: Adding to iommu group 14
[    0.780893] pci 0000:00:18.3: Adding to iommu group 14
[    0.780900] pci 0000:00:18.4: Adding to iommu group 14
[    0.780907] pci 0000:00:18.5: Adding to iommu group 14
[    0.780914] pci 0000:00:18.6: Adding to iommu group 14
[    0.780920] pci 0000:00:18.7: Adding to iommu group 14
[    0.780936] pci 0000:01:00.0: Adding to iommu group 15
[    0.780944] pci 0000:01:00.1: Adding to iommu group 15
[    0.780951] pci 0000:02:00.0: Adding to iommu group 16
[    0.780958] pci 0000:03:00.0: Adding to iommu group 17
[    0.780965] pci 0000:04:00.0: Adding to iommu group 18
[    0.780972] pci 0000:05:00.0: Adding to iommu group 19
[    0.780979] pci 0000:06:00.0: Adding to iommu group 20
[    0.780986] pci 0000:06:08.0: Adding to iommu group 21
[    0.780993] pci 0000:06:0c.0: Adding to iommu group 22
[    0.781000] pci 0000:06:0d.0: Adding to iommu group 23
[    0.781002] pci 0000:08:00.0: Adding to iommu group 21
[    0.781004] pci 0000:09:00.0: Adding to iommu group 21
[    0.781005] pci 0000:09:04.0: Adding to iommu group 21
[    0.781007] pci 0000:09:05.0: Adding to iommu group 21
[    0.781009] pci 0000:09:06.0: Adding to iommu group 21
[    0.781010] pci 0000:09:07.0: Adding to iommu group 21
[    0.781012] pci 0000:09:08.0: Adding to iommu group 21
[    0.781013] pci 0000:09:0c.0: Adding to iommu group 21
[    0.781015] pci 0000:09:0d.0: Adding to iommu group 21
[    0.781017] pci 0000:0b:00.0: Adding to iommu group 21
[    0.781019] pci 0000:0e:00.0: Adding to iommu group 21
[    0.781020] pci 0000:10:00.0: Adding to iommu group 21
[    0.781022] pci 0000:11:00.0: Adding to iommu group 21
[    0.781023] pci 0000:12:00.0: Adding to iommu group 22
[    0.781025] pci 0000:13:00.0: Adding to iommu group 23
[    0.781032] pci 0000:14:00.0: Adding to iommu group 24
[    0.781039] pci 0000:15:00.0: Adding to iommu group 25
[    0.781046] pci 0000:15:01.0: Adding to iommu group 26
[    0.781053] pci 0000:15:02.0: Adding to iommu group 27
[    0.781060] pci 0000:15:03.0: Adding to iommu group 28
[    0.781062] pci 0000:7a:00.0: Adding to iommu group 27
[    0.781064] pci 0000:7b:00.0: Adding to iommu group 28
[    0.781086] pci 0000:7c:00.0: Adding to iommu group 29
[    0.781094] pci 0000:7c:00.1: Adding to iommu group 30
[    0.781102] pci 0000:7c:00.2: Adding to iommu group 31
[    0.781109] pci 0000:7c:00.3: Adding to iommu group 32
[    0.781116] pci 0000:7c:00.4: Adding to iommu group 33
[    0.781124] pci 0000:7d:00.0: Adding to iommu group 34
[    0.782606] AMD-Vi: Extended features (0x246577efa2254afa, 0x0): PPR NX GT [5] IA GA PC GA_vAPIC
[    0.782609] AMD-Vi: Interrupt remapping enabled
[    0.824842] Freeing initrd memory: 76636K
[    0.861421] AMD-Vi: Virtual APIC enabled
[    0.861430] PCI-DMA: Using software bounce buffering for IO (SWIOTLB)
[    0.861431] software IO TLB: mapped [mem 0x0000000059c90000-0x000000005dc90000] (64MB)
[    0.861464] LVT offset 0 assigned for vector 0x400
[    0.861510] perf: AMD IBS detected (0x00081bff)
[    0.861515] perf/amd_iommu: Detected AMD IOMMU #0 (2 banks, 4 counters/bank).
[    0.871532] Initialise system trusted keyrings
[    0.871541] Key type blacklist registered
[    0.871564] workingset: timestamp_bits=36 max_order=24 bucket_order=0
[    0.871674] squashfs: version 4.0 (2009/01/31) Phillip Lougher
[    0.871714] fuse: init (API version 7.44)
[    0.871791] integrity: Platform Keyring initialized
[    0.871793] integrity: Machine keyring initialized
[    0.876306] Key type asymmetric registered
[    0.876306] Asymmetric key parser 'x509' registered
[    0.876316] Block layer SCSI generic (bsg) driver version 0.4 loaded (major 242)
[    0.876337] io scheduler mq-deadline registered
[    0.877170] ledtrig-cpu: registered to indicate activity on CPUs
[    0.877254] pcieport 0000:00:01.1: PME: Signaling with IRQ 28
[    0.877358] pcieport 0000:00:01.2: PME: Signaling with IRQ 29
[    0.877445] pcieport 0000:00:01.4: PME: Signaling with IRQ 30
[    0.877532] pcieport 0000:00:01.5: PME: Signaling with IRQ 31
[    0.877617] pcieport 0000:00:02.1: PME: Signaling with IRQ 32
[    0.877701] pcieport 0000:00:02.2: PME: Signaling with IRQ 33
[    0.877791] pcieport 0000:00:08.1: PME: Signaling with IRQ 34
[    0.877866] pcieport 0000:00:08.3: PME: Signaling with IRQ 35
[    0.879334] pcieport 0000:15:00.0: pciehp: Slot #0 AttnBtn- PwrCtrl- MRL- AttnInd- PwrInd- HotPlug+ Surprise+ Interlock- NoCompl+ IbPresDis- LLActRep+
[    0.879531] pcieport 0000:15:01.0: pciehp: Slot #0 AttnBtn- PwrCtrl- MRL- AttnInd- PwrInd- HotPlug+ Surprise+ Interlock- NoCompl+ IbPresDis- LLActRep+
[    0.879829] input: Power Button as /devices/LNXSYSTM:00/LNXSYBUS:00/PNP0C0C:00/input/input0
[    0.879841] ACPI: button: Power Button [PWRB]
[    0.879853] input: Power Button as /devices/LNXSYSTM:00/LNXPWRBN:00/input/input1
[    0.879879] ACPI: button: Power Button [PWRF]
[    0.880031] Monitor-Mwait will be used to enter C-1 state
[    0.881156] Estimated ratio of average max frequency by base frequency (times 1024): 1086
[    0.881284] Serial: 8250/16550 driver, 32 ports, IRQ sharing enabled
[    0.902740] serial8250: ttyS0 at I/O 0x3f8 (irq = 4, base_baud = 115200) is a 16550A
[    0.903445] Linux agpgart interface v0.103
[    0.908868] tpm_crb MSFT0101:00: Disabling hwrng
[    0.910258] loop: module loaded
[    0.910372] ACPI: bus type drm_connector registered
[    0.910484] tun: Universal TUN/TAP device driver, 1.6
[    0.910497] PPP generic driver version 2.4.2
[    0.910575] xhci_hcd 0000:10:00.0: xHCI Host Controller
[    0.910579] xhci_hcd 0000:10:00.0: new USB bus registered, assigned bus number 1
[    0.966719] xhci_hcd 0000:10:00.0: hcc params 0x0200ef81 hci version 0x110 quirks 0x0000000000000010
[    0.966997] xhci_hcd 0000:10:00.0: xHCI Host Controller
[    0.966998] xhci_hcd 0000:10:00.0: new USB bus registered, assigned bus number 2
[    0.967000] xhci_hcd 0000:10:00.0: Host supports USB 3.2 Enhanced SuperSpeed
[    0.967677] usb usb1: New USB device found, idVendor=1d6b, idProduct=0002, bcdDevice= 6.17
[    0.967678] usb usb1: New USB device strings: Mfr=3, Product=2, SerialNumber=1
[    0.967679] usb usb1: Product: xHCI Host Controller
[    0.967679] usb usb1: Manufacturer: Linux 6.17.0-22-generic xhci-hcd
[    0.967680] usb usb1: SerialNumber: 0000:10:00.0
[    0.967758] hub 1-0:1.0: USB hub found
[    0.967775] hub 1-0:1.0: 12 ports detected
[    0.968751] usb usb2: We don't know the algorithms for LPM for this host, disabling LPM.
[    0.968758] usb usb2: New USB device found, idVendor=1d6b, idProduct=0003, bcdDevice= 6.17
[    0.968759] usb usb2: New USB device strings: Mfr=3, Product=2, SerialNumber=1
[    0.968760] usb usb2: Product: xHCI Host Controller
[    0.968760] usb usb2: Manufacturer: Linux 6.17.0-22-generic xhci-hcd
[    0.968761] usb usb2: SerialNumber: 0000:10:00.0
[    0.968801] hub 2-0:1.0: USB hub found
[    0.968812] hub 2-0:1.0: 5 ports detected
[    0.969250] xhci_hcd 0000:12:00.0: xHCI Host Controller
[    0.969252] xhci_hcd 0000:12:00.0: new USB bus registered, assigned bus number 3
[    1.025352] xhci_hcd 0000:12:00.0: hcc params 0x0200ef81 hci version 0x110 quirks 0x0000000000000010
[    1.025593] xhci_hcd 0000:12:00.0: xHCI Host Controller
[    1.025595] xhci_hcd 0000:12:00.0: new USB bus registered, assigned bus number 4
[    1.025596] xhci_hcd 0000:12:00.0: Host supports USB 3.2 Enhanced SuperSpeed
[    1.026328] usb usb3: New USB device found, idVendor=1d6b, idProduct=0002, bcdDevice= 6.17
[    1.026329] usb usb3: New USB device strings: Mfr=3, Product=2, SerialNumber=1
[    1.026330] usb usb3: Product: xHCI Host Controller
[    1.026331] usb usb3: Manufacturer: Linux 6.17.0-22-generic xhci-hcd
[    1.026331] usb usb3: SerialNumber: 0000:12:00.0
[    1.026429] hub 3-0:1.0: USB hub found
[    1.026439] hub 3-0:1.0: 12 ports detected
[    1.029744] usb usb4: We don't know the algorithms for LPM for this host, disabling LPM.
[    1.029754] usb usb4: New USB device found, idVendor=1d6b, idProduct=0003, bcdDevice= 6.17
[    1.029755] usb usb4: New USB device strings: Mfr=3, Product=2, SerialNumber=1
[    1.029756] usb usb4: Product: xHCI Host Controller
[    1.029757] usb usb4: Manufacturer: Linux 6.17.0-22-generic xhci-hcd
[    1.029758] usb usb4: SerialNumber: 0000:12:00.0
[    1.029820] hub 4-0:1.0: USB hub found
[    1.029829] hub 4-0:1.0: 5 ports detected
[    1.031078] xhci_hcd 0000:7a:00.0: xHCI Host Controller
[    1.031081] xhci_hcd 0000:7a:00.0: new USB bus registered, assigned bus number 5
[    1.033903] xhci_hcd 0000:7a:00.0: hcc params 0x0200ef81 hci version 0x120 quirks 0x0000000200000010
[    1.035605] xhci_hcd 0000:7a:00.0: xHCI Host Controller
[    1.035606] xhci_hcd 0000:7a:00.0: new USB bus registered, assigned bus number 6
[    1.035607] xhci_hcd 0000:7a:00.0: Host supports USB 3.2 Enhanced SuperSpeed
[    1.035628] usb usb5: New USB device found, idVendor=1d6b, idProduct=0002, bcdDevice= 6.17
[    1.035629] usb usb5: New USB device strings: Mfr=3, Product=2, SerialNumber=1
[    1.035630] usb usb5: Product: xHCI Host Controller
[    1.035630] usb usb5: Manufacturer: Linux 6.17.0-22-generic xhci-hcd
[    1.035630] usb usb5: SerialNumber: 0000:7a:00.0
[    1.035675] hub 5-0:1.0: USB hub found
[    1.035874] hub 5-0:1.0: 2 ports detected
[    1.036786] usb usb6: We don't know the algorithms for LPM for this host, disabling LPM.
[    1.036792] usb usb6: New USB device found, idVendor=1d6b, idProduct=0003, bcdDevice= 6.17
[    1.036793] usb usb6: New USB device strings: Mfr=3, Product=2, SerialNumber=1
[    1.036793] usb usb6: Product: xHCI Host Controller
[    1.036794] usb usb6: Manufacturer: Linux 6.17.0-22-generic xhci-hcd
[    1.036794] usb usb6: SerialNumber: 0000:7a:00.0
[    1.036832] hub 6-0:1.0: USB hub found
[    1.037023] hub 6-0:1.0: 2 ports detected
[    1.037739] xhci_hcd 0000:7c:00.3: xHCI Host Controller
[    1.037740] xhci_hcd 0000:7c:00.3: new USB bus registered, assigned bus number 7
[    1.038089] xhci_hcd 0000:7c:00.3: hcc params 0x0120ffc5 hci version 0x120 quirks 0x0000000200000010
[    1.038276] xhci_hcd 0000:7c:00.3: xHCI Host Controller
[    1.038276] xhci_hcd 0000:7c:00.3: new USB bus registered, assigned bus number 8
[    1.038277] xhci_hcd 0000:7c:00.3: Host supports USB 3.1 Enhanced SuperSpeed
[    1.038288] usb usb7: New USB device found, idVendor=1d6b, idProduct=0002, bcdDevice= 6.17
[    1.038288] usb usb7: New USB device strings: Mfr=3, Product=2, SerialNumber=1
[    1.038289] usb usb7: Product: xHCI Host Controller
[    1.038289] usb usb7: Manufacturer: Linux 6.17.0-22-generic xhci-hcd
[    1.038289] usb usb7: SerialNumber: 0000:7c:00.3
[    1.038325] hub 7-0:1.0: USB hub found
[    1.038331] hub 7-0:1.0: 2 ports detected
[    1.038495] usb usb8: We don't know the algorithms for LPM for this host, disabling LPM.
[    1.038501] usb usb8: New USB device found, idVendor=1d6b, idProduct=0003, bcdDevice= 6.17
[    1.038501] usb usb8: New USB device strings: Mfr=3, Product=2, SerialNumber=1
[    1.038501] usb usb8: Product: xHCI Host Controller
[    1.038502] usb usb8: Manufacturer: Linux 6.17.0-22-generic xhci-hcd
[    1.038502] usb usb8: SerialNumber: 0000:7c:00.3
[    1.038540] hub 8-0:1.0: USB hub found
[    1.038546] hub 8-0:1.0: 2 ports detected
[    1.038725] xhci_hcd 0000:7c:00.4: xHCI Host Controller
[    1.038726] xhci_hcd 0000:7c:00.4: new USB bus registered, assigned bus number 9
[    1.039062] xhci_hcd 0000:7c:00.4: hcc params 0x0120ffc5 hci version 0x120 quirks 0x0000000200000010
[    1.039239] xhci_hcd 0000:7c:00.4: xHCI Host Controller
[    1.039240] xhci_hcd 0000:7c:00.4: new USB bus registered, assigned bus number 10
[    1.039241] xhci_hcd 0000:7c:00.4: Host supports USB 3.1 Enhanced SuperSpeed
[    1.039251] usb usb9: New USB device found, idVendor=1d6b, idProduct=0002, bcdDevice= 6.17
[    1.039251] usb usb9: New USB device strings: Mfr=3, Product=2, SerialNumber=1
[    1.039252] usb usb9: Product: xHCI Host Controller
[    1.039252] usb usb9: Manufacturer: Linux 6.17.0-22-generic xhci-hcd
[    1.039253] usb usb9: SerialNumber: 0000:7c:00.4
[    1.039278] hub 9-0:1.0: USB hub found
[    1.039280] hub 9-0:1.0: 2 ports detected
[    1.039458] usb usb10: We don't know the algorithms for LPM for this host, disabling LPM.
[    1.039464] usb usb10: New USB device found, idVendor=1d6b, idProduct=0003, bcdDevice= 6.17
[    1.039465] usb usb10: New USB device strings: Mfr=3, Product=2, SerialNumber=1
[    1.039465] usb usb10: Product: xHCI Host Controller
[    1.039466] usb usb10: Manufacturer: Linux 6.17.0-22-generic xhci-hcd
[    1.039466] usb usb10: SerialNumber: 0000:7c:00.4
[    1.039489] hub 10-0:1.0: USB hub found
[    1.039495] hub 10-0:1.0: 2 ports detected
[    1.039683] xhci_hcd 0000:7d:00.0: xHCI Host Controller
[    1.039684] xhci_hcd 0000:7d:00.0: new USB bus registered, assigned bus number 11
[    1.040937] xhci_hcd 0000:7d:00.0: USB3 root hub has no ports
[    1.040951] xhci_hcd 0000:7d:00.0: hcc params 0x0110ffc5 hci version 0x120 quirks 0x0000000200000010
[    1.041137] usb usb11: New USB device found, idVendor=1d6b, idProduct=0002, bcdDevice= 6.17
[    1.041137] usb usb11: New USB device strings: Mfr=3, Product=2, SerialNumber=1
[    1.041138] usb usb11: Product: xHCI Host Controller
[    1.041138] usb usb11: Manufacturer: Linux 6.17.0-22-generic xhci-hcd
[    1.041139] usb usb11: SerialNumber: 0000:7d:00.0
[    1.041163] hub 11-0:1.0: USB hub found
[    1.041170] hub 11-0:1.0: 1 port detected
[    1.041287] i8042: PNP: No PS/2 controller found.
[    1.041310] mousedev: PS/2 mouse device common for all mice
[    1.041346] rtc_cmos 00:02: RTC can wake from S4
[    1.041488] rtc_cmos 00:02: registered as rtc0
[    1.041508] rtc_cmos 00:02: setting system clock to 2026-04-24T22:25:40 UTC (1777069540)
[    1.041523] rtc_cmos 00:02: alarms up to one month, y3k, 114 bytes nvram
[    1.041526] i2c_dev: i2c /dev entries driver
[    1.041547] device-mapper: core: CONFIG_IMA_DISABLE_HTABLE is disabled. Duplicate IMA measurements will not be recorded in the IMA log.
[    1.041552] device-mapper: uevent: version 1.0.3
[    1.041569] device-mapper: ioctl: 4.50.0-ioctl (2025-04-28) initialised: dm-devel@lists.linux.dev
[    1.042143] Relocating firmware framebuffer to offset 0x0000000000000000[d] within [mem 0x1000000000-0x13ffffffff flags 0x14220c]
[    1.042221] simple-framebuffer simple-framebuffer.0: [drm] Registered 1 planes with drm panic
[    1.042222] [drm] Initialized simpledrm 1.0.0 for simple-framebuffer.0 on minor 0
[    1.044838] fbcon: Deferring console take-over
[    1.044839] simple-framebuffer simple-framebuffer.0: [drm] fb0: simpledrmdrmfb frame buffer device
[    1.044880] drop_monitor: Initializing network drop monitor service
[    1.044934] NET: Registered PF_INET6 protocol family
[    1.045088] Segment Routing with IPv6
[    1.045092] In-situ OAM (IOAM) with IPv6
[    1.045103] NET: Registered PF_PACKET protocol family
[    1.045130] Key type dns_resolver registered
[    1.045845] x86/amd: Previous system reset reason [0x00080800]: software wrote 0x6 to reset control register 0xCF9
[    1.045849] microcode: Current revision: 0x0b404035
[    1.046072] resctrl: L3 allocation detected
[    1.046072] resctrl: MB allocation detected
[    1.046073] resctrl: SMBA allocation detected
[    1.046073] resctrl: L3 monitoring detected
[    1.046082] IPI shorthand broadcast: enabled
[    1.046718] sched_clock: Marking stable (1046010017, 290922)->(1053373286, -7072347)
[    1.046797] registered taskstats version 1
[    1.047007] Loading compiled-in X.509 certificates
[    1.047219] Loaded X.509 cert 'Build time autogenerated kernel key: 10e561fe75970ebe98357e1cb1b79397dec08fd7'
[    1.047395] Loaded X.509 cert 'Canonical Ltd. Live Patch Signing 2025 Kmod: d541cef61dc7e793b7eb7e899970a2eef0b5dc8c'
[    1.047572] Loaded X.509 cert 'Canonical Ltd. Live Patch Signing: 14df34d1a87cf37625abec039ef2bf521249b969'
[    1.047746] Loaded X.509 cert 'Canonical Ltd. Kernel Module Signing: 88f752e560a1e0737e31163a466ad7b70a850c19'
[    1.047747] blacklist: Loading compiled-in revocation X.509 certificates
[    1.047753] Loaded X.509 cert 'Canonical Ltd. Secure Boot Signing: 61482aa2830d0ab2ad5af10b7250da9033ddcef0'
[    1.047757] Loaded X.509 cert 'Canonical Ltd. Secure Boot Signing (2017): 242ade75ac4a15e50d50c84b0d45ff3eae707a03'
[    1.047760] Loaded X.509 cert 'Canonical Ltd. Secure Boot Signing (ESM 2018): 365188c1d374d6b07c3c8f240f8ef722433d6a8b'
[    1.047764] Loaded X.509 cert 'Canonical Ltd. Secure Boot Signing (2019): c0746fd6c5da3ae827864651ad66ae47fe24b3e8'
[    1.047767] Loaded X.509 cert 'Canonical Ltd. Secure Boot Signing (2021 v1): a8d54bbb3825cfb94fa13c9f8a594a195c107b8d'
[    1.047771] Loaded X.509 cert 'Canonical Ltd. Secure Boot Signing (2021 v2): 4cf046892d6fd3c9a5b03f98d845f90851dc6a8c'
[    1.047774] Loaded X.509 cert 'Canonical Ltd. Secure Boot Signing (2021 v3): 100437bb6de6e469b581e61cd66bce3ef4ed53af'
[    1.047777] Loaded X.509 cert 'Canonical Ltd. Secure Boot Signing (Ubuntu Core 2019): c1d57b8f6b743f23ee41f4f7ee292f06eecadfb9'
[    1.049289] Demotion targets for Node 0: null
[    1.049306] Key type .fscrypt registered
[    1.049307] Key type fscrypt-provisioning registered
[    1.049331] Key type big_key registered
[    1.049333] Key type trusted registered
[    1.053294] Key type encrypted registered
[    1.053295] AppArmor: AppArmor sha256 policy hashing enabled
[    1.053345] integrity: Loading X.509 certificate: UEFI:db
[    1.053426] integrity: Loaded X.509 cert 'ASUSTeK MotherBoard SW Key Certificate: da83b990422ebc8c441f8d8b039a65a2'
[    1.053427] integrity: Loading X.509 certificate: UEFI:db
[    1.053482] integrity: Loaded X.509 cert 'ASUSTeK Notebook SW Key Certificate: b8e581e4df77a5bb4282d5ccfc00c071'
[    1.053482] integrity: Loading X.509 certificate: UEFI:db
[    1.053488] integrity: Loaded X.509 cert 'Microsoft Corporation UEFI CA 2011: 13adbf4309bd82709c8cd54f316ed522988a1bd4'
[    1.053489] integrity: Loading X.509 certificate: UEFI:db
[    1.053493] integrity: Loaded X.509 cert 'Microsoft Windows Production PCA 2011: a92902398e16c49778cd90f99e4f9ae17c55af53'
[    1.053494] integrity: Loading X.509 certificate: UEFI:db
[    1.053497] integrity: Loaded X.509 cert 'Microsoft Option ROM UEFI CA 2023: 514fbf937fa46fb57bf07af8bed84b3b864b1711'
[    1.053498] integrity: Loading X.509 certificate: UEFI:db
[    1.053501] integrity: Loaded X.509 cert 'Microsoft UEFI CA 2023: 81aa6b3244c935bce0d6628af39827421e32497d'
[    1.053502] integrity: Loading X.509 certificate: UEFI:db
[    1.053505] integrity: Loaded X.509 cert 'Microsoft Corporation: Windows UEFI CA 2023: aefc5fbbbe055d8f8daa585473499417ab5a5272'
[    1.053938] Loading compiled-in module X.509 certificates
[    1.054118] Loaded X.509 cert 'Build time autogenerated kernel key: 10e561fe75970ebe98357e1cb1b79397dec08fd7'
[    1.054118] ima: Allocated hash algorithm: sha256
[    1.066316] ima: No architecture policies found
[    1.066323] evm: Initialising EVM extended attributes:
[    1.066323] evm: security.selinux
[    1.066324] evm: security.SMACK64
[    1.066324] evm: security.SMACK64EXEC
[    1.066324] evm: security.SMACK64TRANSMUTE
[    1.066325] evm: security.SMACK64MMAP
[    1.066325] evm: security.apparmor
[    1.066325] evm: security.ima
[    1.066326] evm: security.capability
[    1.066326] evm: HMAC attrs: 0x1
[    1.066485] PM:   Magic number: 6:501:452
[    1.068295] RAS: Correctable Errors collector initialized.
[    1.072117] clk: Disabling unused clocks
[    1.072118] PM: genpd: Disabling unused power domains
[    1.072724] Freeing unused decrypted memory: 2028K
[    1.073134] Freeing unused kernel image (initmem) memory: 5268K
[    1.073141] Write protecting the kernel read-only data: 38912k
[    1.073274] Freeing unused kernel image (text/rodata gap) memory: 308K
[    1.073314] Freeing unused kernel image (rodata/data gap) memory: 88K
[    1.091942] x86/mm: Checked W+X mappings: passed, no W+X pages found.
[    1.091945] Run /init as init process
[    1.091946]   with arguments:
[    1.091946]     /init
[    1.091947]     splash
[    1.091947]   with environment:
[    1.091948]     HOME=/
[    1.091948]     TERM=linux
[    1.149181] ACPI: bus type thunderbolt registered
[    1.149387] thunderbolt 0000:7b:00.0: enabling device (0000 -> 0002)
[    1.151967] Key type psk registered
[    1.152036] ACPI: video: Video Device [VGA] (multi-head: yes  rom: no  post: no)
[    1.152398] ahci 0000:11:00.0: enabling device (0000 -> 0002)
[    1.152926] input: Video Bus as /devices/LNXSYSTM:00/LNXSYBUS:00/PNP0A08:00/device:20/LNXVIDEO:00/input/input2
[    1.153214] ahci 0000:11:00.0: SSS flag set, parallel bus scan disabled
[    1.153252] ahci 0000:11:00.0: AHCI vers 0001.0301, 32 command slots, 6 Gbps, SATA mode
[    1.153254] ahci 0000:11:00.0: 4/6 ports implemented (port mask 0xf)
[    1.153255] ahci 0000:11:00.0: flags: 64bit ncq sntf stag pm led clo only pmp pio slum part sxs deso sadm sds apst 
[    1.158512] scsi host0: ahci
[    1.158597] scsi host1: ahci
[    1.158703] scsi host2: ahci
[    1.158761] scsi host3: ahci
[    1.158800] scsi host4: ahci
[    1.158855] scsi host5: ahci
[    1.159315] ata1: SATA max UDMA/133 abar m1024@0xf2580000 port 0xf2580100 irq 106 lpm-pol 3
[    1.159319] ata2: SATA max UDMA/133 abar m1024@0xf2580000 port 0xf2580180 irq 106 lpm-pol 3
[    1.159320] ata3: SATA max UDMA/133 abar m1024@0xf2580000 port 0xf2580200 irq 106 lpm-pol 3
[    1.159322] ata4: SATA max UDMA/133 abar m1024@0xf2580000 port 0xf2580280 irq 106 lpm-pol 3
[    1.159323] ata5: DUMMY
[    1.159323] ata6: DUMMY
[    1.159542] ahci 0000:13:00.0: enabling device (0000 -> 0002)
[    1.160704] ahci 0000:13:00.0: SSS flag set, parallel bus scan disabled
[    1.160919] ahci 0000:13:00.0: AHCI vers 0001.0301, 32 command slots, 6 Gbps, SATA mode
[    1.160921] ahci 0000:13:00.0: 4/6 ports implemented (port mask 0xf)
[    1.160922] ahci 0000:13:00.0: flags: 64bit ncq sntf stag pm led clo only pmp pio slum part sxs deso sadm sds apst 
[    1.161156] nvme nvme0: pci function 0000:02:00.0
[    1.161192] nvme nvme1: pci function 0000:04:00.0
[    1.161715] nvme nvme2: pci function 0000:03:00.0
[    1.162534] scsi host6: ahci
[    1.162585] scsi host7: ahci
[    1.162646] scsi host8: ahci
[    1.162691] scsi host9: ahci
[    1.162736] scsi host10: ahci
[    1.162930] scsi host11: ahci
[    1.162961] ata7: SATA max UDMA/133 abar m1024@0xf2780000 port 0xf2780100 irq 115 lpm-pol 3
[    1.163393] ata8: SATA max UDMA/133 abar m1024@0xf2780000 port 0xf2780180 irq 115 lpm-pol 3
[    1.163748] ata9: SATA max UDMA/133 abar m1024@0xf2780000 port 0xf2780200 irq 115 lpm-pol 3
[    1.163749] ata10: SATA max UDMA/133 abar m1024@0xf2780000 port 0xf2780280 irq 115 lpm-pol 3
[    1.164066] ata11: DUMMY
[    1.164067] ata12: DUMMY
[    1.190360] r8169 0000:0e:00.0 eth0: RTL8126A, bc:fc:e7:ca:d0:ff, XID 64a, IRQ 119
[    1.190363] r8169 0000:0e:00.0 eth0: jumbo features [frames: 16362 bytes, tx checksumming: ko]
[    1.234249] nvme nvme2: D3 entry latency set to 10 seconds
[    1.239749] nvme nvme2: 15/0/0 default/read/poll queues
[    1.241296]  nvme2n1: p1 p2 p3 p4 p5
[    1.241492] nvme nvme1: bad crto:0 cap:8202020ff0103ff
[    1.242945] nvme nvme0: 16/0/0 default/read/poll queues
[    1.244957]  nvme0n1: p1 p2 p3 p4
[    1.252614] nvme nvme1: allocated 40 MiB host memory buffer (1 segment).
[    1.282309] usb 9-2: new high-speed USB device number 2 using xhci_hcd
[    1.284305] usb 1-2: new full-speed USB device number 2 using xhci_hcd
[    1.301191] nvme nvme1: 16/0/0 default/read/poll queues
[    1.332305] usb 3-5: new high-speed USB device number 2 using xhci_hcd
[    1.340445]  nvme1n1: p1 p2 p3 p4
[    1.420422] usb 9-2: New USB device found, idVendor=0b05, idProduct=1c01, bcdDevice= 1.29
[    1.420425] usb 9-2: New USB device strings: Mfr=1, Product=2, SerialNumber=0
[    1.420427] usb 9-2: Product: USB2.1 Hub
[    1.420428] usb 9-2: Manufacturer: Generic
[    1.456489] hub 9-2:1.0: USB hub found
[    1.457880] hub 9-2:1.0: 5 ports detected
[    1.467888] ata1: SATA link down (SStatus 0 SControl 300)
[    1.476150] ata7: SATA link down (SStatus 0 SControl 300)
[    1.524964] usb 10-2: new SuperSpeed USB device number 2 using xhci_hcd
[    1.544539] usb 10-2: New USB device found, idVendor=0b05, idProduct=1c02, bcdDevice= 1.29
[    1.544541] usb 10-2: New USB device strings: Mfr=1, Product=2, SerialNumber=0
[    1.544542] usb 10-2: Product: USB3.2 Hub
[    1.544543] usb 10-2: Manufacturer: Generic
[    1.562141] usb 3-5: New USB device found, idVendor=174c, idProduct=2074, bcdDevice= 0.01
[    1.562148] usb 3-5: New USB device strings: Mfr=2, Product=3, SerialNumber=0
[    1.562150] usb 3-5: Product: ASM107x
[    1.562151] usb 3-5: Manufacturer: ASUS TEK.
[    1.567870] hub 10-2:1.0: USB hub found
[    1.569139] hub 10-2:1.0: 3 ports detected
[    1.571260] hub 3-5:1.0: USB hub found
[    1.576129] hub 3-5:1.0: 4 ports detected
[    1.650285] usb 4-5: new SuperSpeed USB device number 2 using xhci_hcd
[    1.654968] usb 1-2: New USB device found, idVendor=0b05, idProduct=1b3f, bcdDevice= 4.12
[    1.654972] usb 1-2: New USB device strings: Mfr=1, Product=2, SerialNumber=3
[    1.654974] usb 1-2: Product: ROG AZOTH EXTREME
[    1.654975] usb 1-2: Manufacturer: ASUSTeK
[    1.654976] usb 1-2: SerialNumber: T4MPGDD00TJJxÍ
[    1.682446] workqueue: pm_runtime_work hogged CPU for >10000us 4 times, consider switching to WQ_UNBOUND
[    1.700210] usb 4-5: New USB device found, idVendor=174c, idProduct=3074, bcdDevice= 0.01
[    1.700215] usb 4-5: New USB device strings: Mfr=2, Product=3, SerialNumber=0
[    1.700216] usb 4-5: Product: ASM107x
[    1.700218] usb 4-5: Manufacturer: ASUS TEK.
[    1.711950] hub 4-5:1.0: USB hub found
[    1.715659] hub 4-5:1.0: 4 ports detected
[    1.779566] ata2: SATA link down (SStatus 0 SControl 300)
[    1.808346] usb 9-2.4: new full-speed USB device number 3 using xhci_hcd
[    1.854592] usb 3-6: new high-speed USB device number 3 using xhci_hcd
[    1.858603] usb 1-3: new full-speed USB device number 3 using xhci_hcd
[    1.917317] tsc: Refined TSC clocksource calibration: 4699.981 MHz
[    1.917326] clocksource: tsc: mask: 0xffffffffffffffff max_cycles: 0x43bf5b389ac, max_idle_ns: 440795414621 ns
[    1.917353] clocksource: Switched to clocksource tsc
[    1.918218] usb 9-2.4: New USB device found, idVendor=0b05, idProduct=1bfd, bcdDevice= 1.00
[    1.918224] usb 9-2.4: New USB device strings: Mfr=1, Product=2, SerialNumber=3
[    1.918226] usb 9-2.4: Product: ROG Gaming Display Aura Device
[    1.918227] usb 9-2.4: Manufacturer: AsusTek Computer Inc.
[    1.918227] usb 9-2.4: SerialNumber: 9876543210
[    1.972471] hid: raw HID events driver (C) Jiri Kosina
[    2.086530] ata3: SATA link down (SStatus 0 SControl 300)
[    2.095186] usb 3-6: New USB device found, idVendor=1a2c, idProduct=1520, bcdDevice= 0.74
[    2.095193] usb 3-6: New USB device strings: Mfr=1, Product=2, SerialNumber=3
[    2.095194] usb 3-6: Product: TCOMAS LG600
[    2.095195] usb 3-6: Manufacturer: TCOMAS  
[    2.095196] usb 3-6: SerialNumber: A247392SS000000
[    2.227585] usb 1-3: New USB device found, idVendor=1038, idProduct=12e0, bcdDevice= 1.30
[    2.227592] usb 1-3: New USB device strings: Mfr=1, Product=2, SerialNumber=0
[    2.227593] usb 1-3: Product: Arctis Nova Pro Wireless
[    2.227594] usb 1-3: Manufacturer: SteelSeries
[    2.291599] usb 3-9: new high-speed USB device number 4 using xhci_hcd
[    2.395026] ata4: SATA link down (SStatus 0 SControl 300)
[    2.423595] usb 1-4: new high-speed USB device number 4 using xhci_hcd
[    2.494165] usb 3-9: New USB device found, idVendor=1a86, idProduct=8091, bcdDevice=13.10
[    2.494171] usb 3-9: New USB device strings: Mfr=0, Product=2, SerialNumber=0
[    2.494172] usb 3-9: Product: USB HUB
[    2.503256] hub 3-9:1.0: USB hub found
[    2.506133] hub 3-9:1.0: 4 ports detected
[    2.641088] usb 1-4: New USB device found, idVendor=1532, idProduct=00bf, bcdDevice= 3.07
[    2.641095] usb 1-4: New USB device strings: Mfr=1, Product=2, SerialNumber=3
[    2.641096] usb 1-4: Product: DeathAdder V4 Pro
[    2.641097] usb 1-4: Manufacturer: Razer
[    2.641098] usb 1-4: SerialNumber: 05BBF9054331D443
[    2.701391] ata8: SATA link down (SStatus 0 SControl 300)
[    2.703340] usb 3-11: new full-speed USB device number 5 using xhci_hcd
[    2.837590] usb 1-6: new high-speed USB device number 5 using xhci_hcd
[    3.010467] ata9: SATA link down (SStatus 0 SControl 300)
[    3.053327] usb 3-9.2: new high-speed USB device number 6 using xhci_hcd
[    3.055089] usb 1-6: New USB device found, idVendor=0489, idProduct=e13a, bcdDevice= 1.00
[    3.055095] usb 1-6: New USB device strings: Mfr=5, Product=6, SerialNumber=7
[    3.055096] usb 1-6: Product: Wireless_Device
[    3.055097] usb 1-6: Manufacturer: MediaTek Inc.
[    3.055098] usb 1-6: SerialNumber: 000000000
[    3.060939] usb 3-11: config 1 has an invalid interface number: 2 but max is 1
[    3.060943] usb 3-11: config 1 has no interface number 1
[    3.072918] usb 3-11: New USB device found, idVendor=0b05, idProduct=19af, bcdDevice= 1.00
[    3.072921] usb 3-11: New USB device strings: Mfr=1, Product=2, SerialNumber=3
[    3.072923] usb 3-11: Product: AURA LED Controller
[    3.072925] usb 3-11: Manufacturer: AsusTek Computer Inc.
[    3.072926] usb 3-11: SerialNumber: 9876543210
[    3.171144] usb 3-9.2: New USB device found, idVendor=43a8, idProduct=0e61, bcdDevice= 0.01
[    3.171150] usb 3-9.2: New USB device strings: Mfr=1, Product=2, SerialNumber=3
[    3.171152] usb 3-9.2: Product: TURZX-338inch-r
[    3.171153] usb 3-9.2: Manufacturer: turzx.com
[    3.171154] usb 3-9.2: SerialNumber: bcd6994430
[    3.222697] usbcore: registered new interface driver usbhid
[    3.222700] usbhid: USB HID core driver
[    3.270336] usb 1-11: new high-speed USB device number 6 using xhci_hcd
[    3.271345] usb 3-9.3: new high-speed USB device number 7 using xhci_hcd
[    3.317393] ata10: SATA link down (SStatus 0 SControl 300)
[    3.319626] r8169 0000:0e:00.0 enp14s0: renamed from eth0
[    3.320697] input: ASUSTeK ROG AZOTH EXTREME as /devices/pci0000:00/0000:00:02.1/0000:05:00.0/0000:06:08.0/0000:08:00.0/0000:09:0c.0/0000:10:00.0/usb1/1-2/1-2:1.0/0003:0B05:1B3F.0001/input/input3
[    3.371496] hid-generic 0003:0B05:1B3F.0001: input,hidraw0: USB HID v1.11 Keyboard [ASUSTeK ROG AZOTH EXTREME] on usb-0000:10:00.0-2/input0
[    3.371619] hid-generic 0003:0B05:1B3F.0002: hiddev0,hidraw1: USB HID v1.11 Device [ASUSTeK ROG AZOTH EXTREME] on usb-0000:10:00.0-2/input1
[    3.371686] input: ASUSTeK ROG AZOTH EXTREME Consumer Control as /devices/pci0000:00/0000:00:02.1/0000:05:00.0/0000:06:08.0/0000:08:00.0/0000:09:0c.0/0000:10:00.0/usb1/1-2/1-2:1.2/0003:0B05:1B3F.0003/input/input4
[    3.388142] usb 3-9.3: New USB device found, idVendor=43a8, idProduct=0e61, bcdDevice= 0.01
[    3.388148] usb 3-9.3: New USB device strings: Mfr=1, Product=2, SerialNumber=3
[    3.388151] usb 3-9.3: Product: TURZX-338inch-r
[    3.388153] usb 3-9.3: Manufacturer: turzx.com
[    3.388154] usb 3-9.3: SerialNumber: bcd68d2424
[    3.422700] input: ASUSTeK ROG AZOTH EXTREME System Control as /devices/pci0000:00/0000:00:02.1/0000:05:00.0/0000:06:08.0/0000:08:00.0/0000:09:0c.0/0000:10:00.0/usb1/1-2/1-2:1.2/0003:0B05:1B3F.0003/input/input5
[    3.422739] input: ASUSTeK ROG AZOTH EXTREME as /devices/pci0000:00/0000:00:02.1/0000:05:00.0/0000:06:08.0/0000:08:00.0/0000:09:0c.0/0000:10:00.0/usb1/1-2/1-2:1.2/0003:0B05:1B3F.0003/input/input6
[    3.422765] input: ASUSTeK ROG AZOTH EXTREME Mouse as /devices/pci0000:00/0000:00:02.1/0000:05:00.0/0000:06:08.0/0000:08:00.0/0000:09:0c.0/0000:10:00.0/usb1/1-2/1-2:1.2/0003:0B05:1B3F.0003/input/input7
[    3.422831] hid-generic 0003:0B05:1B3F.0003: input,hiddev1,hidraw2: USB HID v1.11 Mouse [ASUSTeK ROG AZOTH EXTREME] on usb-0000:10:00.0-2/input2
[    3.422907] input: ASUSTeK ROG AZOTH EXTREME as /devices/pci0000:00/0000:00:02.1/0000:05:00.0/0000:06:08.0/0000:08:00.0/0000:09:0c.0/0000:10:00.0/usb1/1-2/1-2:1.3/0003:0B05:1B3F.0004/input/input8
[    3.473721] hid-generic 0003:0B05:1B3F.0004: input,hidraw3: USB HID v1.11 Keyboard [ASUSTeK ROG AZOTH EXTREME] on usb-0000:10:00.0-2/input3
[    3.473850] hid-generic 0003:0B05:1B3F.0005: hiddev2,hidraw4: USB HID v1.11 Device [ASUSTeK ROG AZOTH EXTREME] on usb-0000:10:00.0-2/input4
[    3.473907] hid-generic 0003:0B05:1BFD.0006: hiddev3,hidraw5: USB HID v1.11 Device [AsusTek Computer Inc. ROG Gaming Display Aura Device] on usb-0000:7c:00.4-2.4/input1
[    3.474068] hid-generic 0003:1A2C:1520.0007: hiddev4,hidraw6: USB HID v1.10 Device [TCOMAS   TCOMAS LG600] on usb-0000:12:00.0-6/input0
[    3.474110] hid-generic 0003:1A2C:1520.0008: hiddev5,hidraw7: USB HID v1.10 Device [TCOMAS   TCOMAS LG600] on usb-0000:12:00.0-6/input1
[    3.474149] input: SteelSeries Arctis Nova Pro Wireless as /devices/pci0000:00/0000:00:02.1/0000:05:00.0/0000:06:08.0/0000:08:00.0/0000:09:0c.0/0000:10:00.0/usb1/1-3/1-3:1.3/0003:1038:12E0.0009/input/input9
[    3.490605] usb 3-9.4: new high-speed USB device number 8 using xhci_hcd
[    3.524704] hid-generic 0003:1038:12E0.0009: input,hidraw8: USB HID v1.00 Device [SteelSeries Arctis Nova Pro Wireless] on usb-0000:10:00.0-3/input3
[    3.524847] hid-generic 0003:1038:12E0.000A: hiddev6,hidraw9: USB HID v1.00 Device [SteelSeries Arctis Nova Pro Wireless] on usb-0000:10:00.0-3/input4
[    3.524895] input: Razer DeathAdder V4 Pro as /devices/pci0000:00/0000:00:02.1/0000:05:00.0/0000:06:08.0/0000:08:00.0/0000:09:0c.0/0000:10:00.0/usb1/1-4/1-4:1.0/0003:1532:00BF.000B/input/input10
[    3.524938] hid-generic 0003:1532:00BF.000B: input,hidraw10: USB HID v1.11 Mouse [Razer DeathAdder V4 Pro] on usb-0000:10:00.0-4/input0
[    3.525068] input: Razer DeathAdder V4 Pro Keyboard as /devices/pci0000:00/0000:00:02.1/0000:05:00.0/0000:06:08.0/0000:08:00.0/0000:09:0c.0/0000:10:00.0/usb1/1-4/1-4:1.1/0003:1532:00BF.000C/input/input11
[    3.575722] input: Razer DeathAdder V4 Pro Mouse as /devices/pci0000:00/0000:00:02.1/0000:05:00.0/0000:06:08.0/0000:08:00.0/0000:09:0c.0/0000:10:00.0/usb1/1-4/1-4:1.1/0003:1532:00BF.000C/input/input12
[    3.575771] input: Razer DeathAdder V4 Pro as /devices/pci0000:00/0000:00:02.1/0000:05:00.0/0000:06:08.0/0000:08:00.0/0000:09:0c.0/0000:10:00.0/usb1/1-4/1-4:1.1/0003:1532:00BF.000C/input/input13
[    3.575809] hid-generic 0003:1532:00BF.000C: input,hidraw11: USB HID v1.11 Keyboard [Razer DeathAdder V4 Pro] on usb-0000:10:00.0-4/input1
[    3.575959] input: Razer DeathAdder V4 Pro as /devices/pci0000:00/0000:00:02.1/0000:05:00.0/0000:06:08.0/0000:08:00.0/0000:09:0c.0/0000:10:00.0/usb1/1-4/1-4:1.2/0003:1532:00BF.000D/input/input14
[    3.610163] usb 3-9.4: New USB device found, idVendor=43a8, idProduct=0e61, bcdDevice= 0.01
[    3.610169] usb 3-9.4: New USB device strings: Mfr=1, Product=2, SerialNumber=3
[    3.610171] usb 3-9.4: Product: TURZX-338inch-r
[    3.610172] usb 3-9.4: Manufacturer: turzx.com
[    3.610173] usb 3-9.4: SerialNumber: bcd68fd027
[    3.626721] hid-generic 0003:1532:00BF.000D: input,hidraw12: USB HID v1.11 Keyboard [Razer DeathAdder V4 Pro] on usb-0000:10:00.0-4/input2
[    3.626851] hid-generic 0003:0B05:19AF.000E: hiddev7,hidraw13: USB HID v1.11 Device [AsusTek Computer Inc. AURA LED Controller] on usb-0000:12:00.0-11/input2
[    5.097085] usb 1-11: New USB device found, idVendor=0b05, idProduct=1b9b, bcdDevice= 0.13
[    5.097091] usb 1-11: New USB device strings: Mfr=3, Product=1, SerialNumber=0
[    5.097092] usb 1-11: Product: USB Audio
[    5.097093] usb 1-11: Manufacturer: Generic
[    5.158729] hid-generic 0003:0B05:1B9B.000F: hiddev8,hidraw14: USB HID v1.11 Device [Generic USB Audio] on usb-0000:10:00.0-11/input7
[    5.295909] EXT4-fs (nvme2n1p3): mounted filesystem 1cb60356-1086-4a6c-b75c-b013a6c4a9a0 ro with ordered data mode. Quota mode: none.
[    5.343049] systemd[1]: Inserted module 'autofs4'
[    5.351429] systemd[1]: systemd 255.4-1ubuntu8.14 running in system mode (+PAM +AUDIT +SELINUX +APPARMOR +IMA +SMACK +SECCOMP +GCRYPT -GNUTLS +OPENSSL +ACL +BLKID +CURL +ELFUTILS +FIDO2 +IDN2 -IDN +IPTC +KMOD +LIBCRYPTSETUP +LIBFDISK +PCRE2 -PWQUALITY +P11KIT +QRENCODE +TPM2 +BZIP2 +LZ4 +XZ +ZLIB +ZSTD -BPF_FRAMEWORK -XKBCOMMON +UTMP +SYSVINIT default-hierarchy=unified)
[    5.351433] systemd[1]: Detected architecture x86-64.
[    5.351796] systemd[1]: Hostname set to <leafiel-lune-pc>.
[    5.427478] systemd[1]: Queued start job for default target graphical.target.
[    5.443624] systemd[1]: Created slice system-modprobe.slice - Slice /system/modprobe.
[    5.443910] systemd[1]: Created slice system-systemd\x2dfsck.slice - Slice /system/systemd-fsck.
[    5.444015] systemd[1]: Created slice user.slice - User and Session Slice.
[    5.444039] systemd[1]: Started systemd-ask-password-wall.path - Forward Password Requests to Wall Directory Watch.
[    5.444115] systemd[1]: Set up automount proc-sys-fs-binfmt_misc.automount - Arbitrary Executable File Formats File System Automount Point.
[    5.444123] systemd[1]: Expecting device dev-disk-by\x2duuid-47ffb457\x2dd852\x2d4b89\x2db187\x2d506be1f31c37.device - /dev/disk/by-uuid/47ffb457-d852-4b89-b187-506be1f31c37...
[    5.444127] systemd[1]: Expecting device dev-disk-by\x2duuid-C829\x2dB614.device - /dev/disk/by-uuid/C829-B614...
[    5.444136] systemd[1]: Reached target integritysetup.target - Local Integrity Protected Volumes.
[    5.444147] systemd[1]: Reached target remote-fs.target - Remote File Systems.
[    5.444152] systemd[1]: Reached target slices.target - Slice Units.
[    5.444157] systemd[1]: Reached target snapd.mounts-pre.target - Mounting snaps.
[    5.444168] systemd[1]: Reached target veritysetup.target - Local Verity Protected Volumes.
[    5.444237] systemd[1]: Listening on syslog.socket - Syslog Socket.
[    5.444263] systemd[1]: Listening on systemd-fsckd.socket - fsck to fsckd communication Socket.
[    5.444281] systemd[1]: Listening on systemd-initctl.socket - initctl Compatibility Named Pipe.
[    5.444314] systemd[1]: Listening on systemd-journald-dev-log.socket - Journal Socket (/dev/log).
[    5.444347] systemd[1]: Listening on systemd-journald.socket - Journal Socket.
[    5.444404] systemd[1]: Listening on systemd-oomd.socket - Userspace Out-Of-Memory (OOM) Killer Socket.
[    5.444419] systemd[1]: systemd-pcrextend.socket - TPM2 PCR Extension (Varlink) was skipped because of an unmet condition check (ConditionSecurity=measured-uki).
[    5.444462] systemd[1]: Listening on systemd-udevd-control.socket - udev Control Socket.
[    5.444493] systemd[1]: Listening on systemd-udevd-kernel.socket - udev Kernel Socket.
[    5.444945] systemd[1]: Mounting dev-hugepages.mount - Huge Pages File System...
[    5.445332] systemd[1]: Mounting dev-mqueue.mount - POSIX Message Queue File System...
[    5.445759] systemd[1]: Mounting sys-kernel-debug.mount - Kernel Debug File System...
[    5.446132] systemd[1]: Mounting sys-kernel-tracing.mount - Kernel Trace File System...
[    5.448921] systemd[1]: Starting systemd-journald.service - Journal Service...
[    5.449317] systemd[1]: Starting keyboard-setup.service - Set the console keyboard layout...
[    5.449707] systemd[1]: Starting kmod-static-nodes.service - Create List of Static Device Nodes...
[    5.450023] systemd[1]: Starting modprobe@configfs.service - Load Kernel Module configfs...
[    5.450426] systemd[1]: Starting modprobe@dm_mod.service - Load Kernel Module dm_mod...
[    5.450827] systemd[1]: Starting modprobe@drm.service - Load Kernel Module drm...
[    5.451168] systemd[1]: Starting modprobe@efi_pstore.service - Load Kernel Module efi_pstore...
[    5.451527] systemd[1]: Starting modprobe@fuse.service - Load Kernel Module fuse...
[    5.451856] systemd[1]: Starting modprobe@loop.service - Load Kernel Module loop...
[    5.451928] systemd[1]: systemd-fsck-root.service - File System Check on Root Device was skipped because of an unmet condition check (ConditionPathExists=!/run/initramfs/fsck-root).
[    5.452673] systemd[1]: Starting systemd-modules-load.service - Load Kernel Modules...
[    5.452686] systemd[1]: systemd-pcrmachine.service - TPM2 PCR Machine ID Measurement was skipped because of an unmet condition check (ConditionSecurity=measured-uki).
[    5.453150] systemd[1]: Starting systemd-remount-fs.service - Remount Root and Kernel File Systems...
[    5.453171] systemd[1]: systemd-tpm2-setup-early.service - TPM2 SRK Setup (Early) was skipped because of an unmet condition check (ConditionSecurity=measured-uki).
[    5.453607] systemd[1]: Starting systemd-udev-trigger.service - Coldplug All udev Devices...
[    5.453632] pstore: Using crash dump compression: deflate
[    5.454139] systemd[1]: Mounted dev-hugepages.mount - Huge Pages File System.
[    5.454176] systemd[1]: Mounted dev-mqueue.mount - POSIX Message Queue File System.
[    5.454200] systemd[1]: Mounted sys-kernel-debug.mount - Kernel Debug File System.
[    5.454221] systemd[1]: Mounted sys-kernel-tracing.mount - Kernel Trace File System.
[    5.454330] systemd[1]: Finished kmod-static-nodes.service - Create List of Static Device Nodes.
[    5.454496] systemd[1]: modprobe@configfs.service: Deactivated successfully.
[    5.454555] systemd[1]: Finished modprobe@configfs.service - Load Kernel Module configfs.
[    5.454634] systemd[1]: modprobe@dm_mod.service: Deactivated successfully.
[    5.454673] systemd[1]: Finished modprobe@dm_mod.service - Load Kernel Module dm_mod.
[    5.454738] systemd[1]: modprobe@drm.service: Deactivated successfully.
[    5.454773] systemd[1]: Finished modprobe@drm.service - Load Kernel Module drm.
[    5.454833] systemd[1]: modprobe@fuse.service: Deactivated successfully.
[    5.454870] systemd[1]: Finished modprobe@fuse.service - Load Kernel Module fuse.
[    5.454929] systemd[1]: modprobe@loop.service: Deactivated successfully.
[    5.454964] systemd[1]: Finished modprobe@loop.service - Load Kernel Module loop.
[    5.455034] pstore: Registered efi_pstore as persistent store backend
[    5.455370] systemd[1]: Mounting sys-fs-fuse-connections.mount - FUSE Control File System...
[    5.455686] systemd[1]: Mounting sys-kernel-config.mount - Kernel Configuration File System...
[    5.455703] systemd-journald[447]: Collecting audit messages is disabled.
[    5.455724] systemd[1]: systemd-repart.service - Repartition Root Disk was skipped because no trigger condition checks were met.
[    5.456166] systemd[1]: Starting systemd-tmpfiles-setup-dev-early.service - Create Static Device Nodes in /dev gracefully...
[    5.456297] systemd[1]: modprobe@efi_pstore.service: Deactivated successfully.
[    5.456364] systemd[1]: Finished modprobe@efi_pstore.service - Load Kernel Module efi_pstore.
[    5.457608] systemd[1]: Mounted sys-fs-fuse-connections.mount - FUSE Control File System.
[    5.457648] systemd[1]: Mounted sys-kernel-config.mount - Kernel Configuration File System.
[    5.458231] lp: driver loaded but no devices found
[    5.459462] ppdev: user-space parallel port driver
[    5.461776] EXT4-fs (nvme2n1p3): re-mounted 1cb60356-1086-4a6c-b75c-b013a6c4a9a0 r/w.
[    5.462176] systemd[1]: Finished systemd-remount-fs.service - Remount Root and Kernel File Systems.
[    5.462561] systemd[1]: Activating swap swap.img.swap - /swap.img...
[    5.462838] systemd[1]: systemd-hwdb-update.service - Rebuild Hardware Database was skipped because of an unmet condition check (ConditionNeedsUpdate=/etc).
[    5.462854] systemd[1]: systemd-pstore.service - Platform Persistent Storage Archival was skipped because of an unmet condition check (ConditionDirectoryNotEmpty=/sys/fs/pstore).
[    5.463219] systemd[1]: Starting systemd-random-seed.service - Load/Save OS Random Seed...
[    5.463229] systemd[1]: systemd-tpm2-setup.service - TPM2 SRK Setup was skipped because of an unmet condition check (ConditionSecurity=measured-uki).
[    5.463331] systemd[1]: Finished systemd-tmpfiles-setup-dev-early.service - Create Static Device Nodes in /dev gracefully.
[    5.463389] systemd[1]: systemd-sysusers.service - Create System Users was skipped because no trigger condition checks were met.
[    5.463772] systemd[1]: Starting systemd-tmpfiles-setup-dev.service - Create Static Device Nodes in /dev...
[    5.465447] Adding 8388604k swap on /swap.img.  Priority:-2 extents:5 across:8912892k SS
[    5.465472] systemd[1]: Activated swap swap.img.swap - /swap.img.
[    5.465511] systemd[1]: Reached target swap.target - Swaps.
[    5.465893] systemd[1]: Finished systemd-modules-load.service - Load Kernel Modules.
[    5.466268] systemd[1]: Starting systemd-sysctl.service - Apply Kernel Variables...
[    5.467367] systemd[1]: Finished systemd-tmpfiles-setup-dev.service - Create Static Device Nodes in /dev.
[    5.468002] systemd[1]: Starting systemd-udevd.service - Rule-based Manager for Device Events and Files...
[    5.469988] systemd[1]: Finished keyboard-setup.service - Set the console keyboard layout.
[    5.470034] systemd[1]: Reached target local-fs-pre.target - Preparation for Local File Systems.
[    5.470631] systemd[1]: Mounting snap-bare-5.mount - Mount unit for bare, revision 5...
[    5.471216] systemd[1]: Mounting snap-core22-2292.mount - Mount unit for core22, revision 2292...
[    5.471950] systemd[1]: Mounting snap-core22-2411.mount - Mount unit for core22, revision 2411...
[    5.472660] systemd[1]: Mounting snap-core24-1587.mount - Mount unit for core24, revision 1587...
[    5.473526] systemd[1]: Mounting snap-firefox-8107.mount - Mount unit for firefox, revision 8107...
[    5.474529] systemd[1]: Mounting snap-firefox-8191.mount - Mount unit for firefox, revision 8191...
[    5.475088] systemd[1]: Mounting snap-firmware\x2dupdater-210.mount - Mount unit for firmware-updater, revision 210...
[    5.475526] systemd[1]: Mounting snap-firmware\x2dupdater-224.mount - Mount unit for firmware-updater, revision 224...
[    5.475943] systemd[1]: Mounting snap-gnome\x2d42\x2d2204-247.mount - Mount unit for gnome-42-2204, revision 247...
[    5.476040] loop0: detected capacity change from 0 to 8
[    5.476265] loop1: detected capacity change from 0 to 151464
[    5.476450] loop2: detected capacity change from 0 to 136904
[    5.476456] systemd[1]: Mounting snap-gnome\x2d46\x2d2404-153.mount - Mount unit for gnome-46-2404, revision 153...
[    5.476618] loop3: detected capacity change from 0 to 151512
[    5.476857] systemd[1]: Mounting snap-gtk\x2dcommon\x2dthemes-1535.mount - Mount unit for gtk-common-themes, revision 1535...
[    5.477971] systemd[1]: Mounting snap-mesa\x2d2404-1165.mount - Mount unit for mesa-2404, revision 1165...
[    5.478445] systemd[1]: Mounting snap-snap\x2dstore-1338.mount - Mount unit for snap-store, revision 1338...
[    5.478780] systemd[1]: Mounting snap-snap\x2dstore-1367.mount - Mount unit for snap-store, revision 1367...
[    5.479479] systemd[1]: Mounting snap-snapd-26382.mount - Mount unit for snapd, revision 26382...
[    5.479496] loop4: detected capacity change from 0 to 560536
[    5.479867] systemd[1]: Mounting snap-snapd-26865.mount - Mount unit for snapd, revision 26865...
[    5.479998] loop5: detected capacity change from 0 to 562840
[    5.480152] loop6: detected capacity change from 0 to 37864
[    5.480532] systemd[1]: Mounting snap-snapd\x2ddesktop\x2dintegration-357.mount - Mount unit for snapd-desktop-integration, revision 357...
[    5.481292] systemd[1]: Mounting snap-snapd\x2ddesktop\x2dintegration-361.mount - Mount unit for snapd-desktop-integration, revision 361...
[    5.482204] loop7: detected capacity change from 0 to 1088256
[    5.483053] systemd[1]: Finished systemd-random-seed.service - Load/Save OS Random Seed.
[    5.483149] systemd[1]: Finished systemd-sysctl.service - Apply Kernel Variables.
[    5.483572] loop11: detected capacity change from 0 to 31888
[    5.483621] loop8: detected capacity change from 0 to 33688
[    5.483709] systemd[1]: Mounted snap-bare-5.mount - Mount unit for bare, revision 5.
[    5.483773] systemd[1]: Mounted snap-core22-2292.mount - Mount unit for core22, revision 2292.
[    5.483803] systemd[1]: Mounted snap-core22-2411.mount - Mount unit for core22, revision 2411.
[    5.483822] systemd[1]: Mounted snap-core24-1587.mount - Mount unit for core24, revision 1587.
[    5.483841] systemd[1]: Mounted snap-firefox-8107.mount - Mount unit for firefox, revision 8107.
[    5.483859] systemd[1]: Mounted snap-firefox-8191.mount - Mount unit for firefox, revision 8191.
[    5.483882] systemd[1]: Mounted snap-firmware\x2dupdater-210.mount - Mount unit for firmware-updater, revision 210.
[    5.483900] systemd[1]: Mounted snap-gnome\x2d42\x2d2204-247.mount - Mount unit for gnome-42-2204, revision 247.
[    5.484713] systemd[1]: Mounted snap-snap\x2dstore-1338.mount - Mount unit for snap-store, revision 1338.
[    5.484751] systemd[1]: Mounted snap-firmware\x2dupdater-224.mount - Mount unit for firmware-updater, revision 224.
[    5.487029] systemd[1]: Mounted snap-mesa\x2d2404-1165.mount - Mount unit for mesa-2404, revision 1165.
[    5.488475] systemd[1]: Mounted snap-gnome\x2d46\x2d2404-153.mount - Mount unit for gnome-46-2404, revision 153.
[    5.488536] systemd[1]: Mounted snap-gtk\x2dcommon\x2dthemes-1535.mount - Mount unit for gtk-common-themes, revision 1535.
[    5.488556] systemd[1]: Mounted snap-snap\x2dstore-1367.mount - Mount unit for snap-store, revision 1367.
[    5.488574] systemd[1]: Mounted snap-snapd-26382.mount - Mount unit for snapd, revision 26382.
[    5.488592] systemd[1]: Mounted snap-snapd-26865.mount - Mount unit for snapd, revision 26865.
[    5.488610] systemd[1]: Mounted snap-snapd\x2ddesktop\x2dintegration-357.mount - Mount unit for snapd-desktop-integration, revision 357.
[    5.488627] systemd[1]: Mounted snap-snapd\x2ddesktop\x2dintegration-361.mount - Mount unit for snapd-desktop-integration, revision 361.
[    5.488660] systemd[1]: Reached target snapd.mounts.target - Mounted snaps.
[    5.493936] systemd[1]: Started systemd-journald.service - Journal Service.
[    5.496569] systemd-journald[447]: Received client request to flush runtime journal.
[    5.501896] systemd-journald[447]: /var/log/journal/6d4de8b16c6d4a0881271747e74b8a0d/system.journal: Journal file uses a different sequence number ID, rotating.
[    5.501899] systemd-journald[447]: Rotating system journal.
[    5.560477] mc: Linux media interface: v0.10
[    5.573939] ccp 0000:7c:00.2: enabling device (0000 -> 0002)
[    5.574775] piix4_smbus 0000:00:14.0: SMBus Host Controller at 0xb00, revision 0
[    5.574778] piix4_smbus 0000:00:14.0: Using register 0x02 for SMBus port selection
[    5.576228] ccp 0000:7c:00.2: tee enabled
[    5.576541] ccp 0000:7c:00.2: psp enabled
[    5.578288] i2c i2c-1: Successfully instantiated SPD at 0x51
[    5.578582] piix4_smbus 0000:00:14.0: Auxiliary SMBus Host Controller at 0xb20
[    5.582316] RAPL PMU: API unit is 2^-32 Joules, 2 fixed counters, 163840 ms ovfl timer
[    5.582319] RAPL PMU: hw unit of domain package 2^-16 Joules
[    5.582319] RAPL PMU: hw unit of domain core 2^-16 Joules
[    5.583060] asus_wmi: ASUS WMI generic driver loaded
[    5.583785] asus_wmi: failed to register LPS0 sleep handler in asus-wmi
[    5.584017] asus_wmi: Initialization: 0x0
[    5.584115] asus_wmi: BIOS WMI version: 0.0
[    5.584208] asus_wmi: SFUN value: 0x0
[    5.584210] eeepc-wmi eeepc-wmi: Detected AsusMbSwInterface, not ASUSWMI, use DSTS
[    5.586761] input: Eee PC WMI hotkeys as /devices/platform/eeepc-wmi/input/input15
[    5.590855] snd_hda_intel 0000:01:00.1: enabling device (0000 -> 0002)
[    5.590931] snd_hda_intel 0000:01:00.1: Disabling MSI
[    5.590937] snd_hda_intel 0000:01:00.1: Handle vga_switcheroo audio client
[    5.591034] snd_hda_intel 0000:7c:00.1: enabling device (0000 -> 0002)
[    5.591073] snd_hda_intel 0000:7c:00.1: Handle vga_switcheroo audio client
[    5.593970] nvidia: loading out-of-tree module taints kernel.
[    5.623760] Bluetooth: Core ver 2.22
[    5.650324] NET: Registered PF_BLUETOOTH protocol family
[    5.650326] Bluetooth: HCI device and connection manager initialized
[    5.650331] Bluetooth: HCI socket layer initialized
[    5.650332] Bluetooth: L2CAP socket layer initialized
[    5.650336] Bluetooth: SCO socket layer initialized
[    5.655684] nvidia-nvlink: Nvlink Core is being initialized, major device number 510

[    5.657429] nvidia 0000:01:00.0: enabling device (0002 -> 0003)
[    5.657560] input: HD-Audio Generic HDMI/DP,pcm=3 as /devices/pci0000:00/0000:00:08.1/0000:7c:00.1/sound/card1/input16
[    5.657559] nvidia 0000:01:00.0: vgaarb: VGA decodes changed: olddecodes=io+mem,decodes=none:owns=none
[    5.660349] spd5118 1-0051: DDR5 temperature sensor: vendor 0x08:0x0e revision 1.8
[    5.661784] kvm_amd: TSC scaling supported
[    5.661786] kvm_amd: Nested Virtualization enabled
[    5.661787] kvm_amd: Nested Paging enabled
[    5.661788] kvm_amd: LBR virtualization supported
[    5.661790] kvm_amd: Virtual VMLOAD VMSAVE supported
[    5.661791] kvm_amd: Virtual GIF supported
[    5.661791] kvm_amd: Virtual NMI enabled
[    5.665487] MCE: In-kernel MCE decoding enabled.
[    5.668277] input: HDA NVidia HDMI/DP,pcm=3 as /devices/pci0000:00/0000:00:01.1/0000:01:00.1/sound/card0/input18
[    5.668352] NVRM: loading NVIDIA UNIX Open Kernel Module for x86_64  580.126.09  Release Build  (dvs-builder@U22-I3-AM02-24-3)  Wed Jan  7 22:51:36 UTC 2026
[    5.675944] nvidia-modeset: Loading NVIDIA UNIX Open Kernel Mode Setting Driver for x86_64  580.126.09  Release Build  (dvs-builder@U22-I3-AM02-24-3)  Wed Jan  7 22:33:56 UTC 2026
[    5.677773] [drm] [nvidia-drm] [GPU ID 0x00000100] Loading driver
[    5.679364] usbcore: registered new interface driver btusb
[    5.681204] Bluetooth: hci0: Opcode 0x0c03 failed: -16
[    5.697481] input: HD-Audio Generic HDMI/DP,pcm=7 as /devices/pci0000:00/0000:00:08.1/0000:7c:00.1/sound/card1/input17
[    5.697740] input: HDA NVidia HDMI/DP,pcm=7 as /devices/pci0000:00/0000:00:01.1/0000:01:00.1/sound/card0/input19
[    5.697840] input: HDA NVidia HDMI/DP,pcm=8 as /devices/pci0000:00/0000:00:01.1/0000:01:00.1/sound/card0/input20
[    5.697978] input: HDA NVidia HDMI/DP,pcm=9 as /devices/pci0000:00/0000:00:01.1/0000:01:00.1/sound/card0/input21
[    5.732800] intel_rapl_common: Found RAPL domain package
[    5.732803] intel_rapl_common: Found RAPL domain core
[    5.733284] amd_atl: AMD Address Translation Library initialized
[    6.927848] [drm] amdgpu kernel modesetting enabled.
[    6.927858] amdgpu: vga_switcheroo: detected switching method \_SB_.PCI0.GP17.VGA_.ATPX handle
[    6.927948] amdgpu: ATPX version 1, functions 0x00000000
[    6.931380] amdgpu: Virtual CRAT table created for CPU
[    6.931389] amdgpu: Topology: Add CPU node
[    6.931454] amdgpu 0000:7c:00.0: enabling device (0006 -> 0007)
[    6.931474] amdgpu 0000:7c:00.0: amdgpu: initializing kernel modesetting (IP DISCOVERY 0x1002:0x13C0 0x1043:0x8877 0xCB).
[    6.931480] amdgpu 0000:7c:00.0: amdgpu: register mmio base: 0xDD100000
[    6.931480] amdgpu 0000:7c:00.0: amdgpu: register mmio size: 524288
[    6.932902] amdgpu 0000:7c:00.0: amdgpu: detected ip block number 0 <nv_common>
[    6.932903] amdgpu 0000:7c:00.0: amdgpu: detected ip block number 1 <gmc_v10_0>
[    6.932903] amdgpu 0000:7c:00.0: amdgpu: detected ip block number 2 <navi10_ih>
[    6.932904] amdgpu 0000:7c:00.0: amdgpu: detected ip block number 3 <psp>
[    6.932904] amdgpu 0000:7c:00.0: amdgpu: detected ip block number 4 <smu>
[    6.932905] amdgpu 0000:7c:00.0: amdgpu: detected ip block number 5 <dm>
[    6.932905] amdgpu 0000:7c:00.0: amdgpu: detected ip block number 6 <gfx_v10_0>
[    6.932905] amdgpu 0000:7c:00.0: amdgpu: detected ip block number 7 <sdma_v5_2>
[    6.932906] amdgpu 0000:7c:00.0: amdgpu: detected ip block number 8 <vcn_v3_0>
[    6.932906] amdgpu 0000:7c:00.0: amdgpu: detected ip block number 9 <jpeg_v3_0>
[    6.932915] amdgpu 0000:7c:00.0: amdgpu: Fetched VBIOS from VFCT
[    6.932916] amdgpu: ATOM BIOS: 102-RAPHAEL-008
[    6.941449] amdgpu 0000:7c:00.0: amdgpu: Trusted Memory Zone (TMZ) feature disabled as experimental (default)
[    6.941469] amdgpu 0000:7c:00.0: amdgpu: vm size is 262144 GB, 4 levels, block size is 9-bit, fragment size is 9-bit
[    6.941472] amdgpu 0000:7c:00.0: amdgpu: VRAM: 512M 0x000000F400000000 - 0x000000F41FFFFFFF (512M used)
[    6.941473] amdgpu 0000:7c:00.0: amdgpu: GART: 1024M 0x0000000000000000 - 0x000000003FFFFFFF
[    6.941477] [drm] Detected VRAM RAM=512M, BAR=512M
[    6.941478] [drm] RAM width 128bits DDR5
[    6.941518] amdgpu 0000:7c:00.0: amdgpu: amdgpu: 512M of VRAM memory ready
[    6.941519] amdgpu 0000:7c:00.0: amdgpu: amdgpu: 23648M of GTT memory ready.
[    6.941529] [drm] GART: num cpu pages 262144, num gpu pages 262144
[    6.941616] [drm] PCIE GART of 1024M enabled (table at 0x000000F41FC00000).
[    6.941813] amdgpu 0000:7c:00.0: amdgpu: [drm] Loading DMUB firmware via PSP: version=0x05000F00
[    6.942057] [drm] use_doorbell being set to: [true]
[    6.942068] amdgpu 0000:7c:00.0: amdgpu: Found VCN firmware Version ENC: 1.30 DEC: 3 VEP: 0 Revision: 4
[    6.963911] amdgpu 0000:7c:00.0: amdgpu: reserve 0xa00000 from 0xf41e000000 for PSP TMR
[    6.994149] EXT4-fs (nvme2n1p5): mounted filesystem 47ffb457-d852-4b89-b187-506be1f31c37 r/w with ordered data mode. Quota mode: none.
[    7.021869] audit: type=1400 audit(1777069546.478:2): apparmor="STATUS" operation="profile_load" profile="unconfined" name="chrome" pid=837 comm="apparmor_parser"
[    7.021890] audit: type=1400 audit(1777069546.478:3): apparmor="STATUS" operation="profile_load" profile="unconfined" name=4D6F6E676F444220436F6D70617373 pid=828 comm="apparmor_parser"
[    7.021911] audit: type=1400 audit(1777069546.478:4): apparmor="STATUS" operation="profile_load" profile="unconfined" name="ch-run" pid=836 comm="apparmor_parser"
[    7.021937] audit: type=1400 audit(1777069546.478:5): apparmor="STATUS" operation="profile_load" profile="unconfined" name="busybox" pid=833 comm="apparmor_parser"
[    7.021957] audit: type=1400 audit(1777069546.478:6): apparmor="STATUS" operation="profile_load" profile="unconfined" name="brave" pid=831 comm="apparmor_parser"
[    7.022002] audit: type=1400 audit(1777069546.478:7): apparmor="STATUS" operation="profile_load" profile="unconfined" name="cam" pid=834 comm="apparmor_parser"
[    7.022006] audit: type=1400 audit(1777069546.478:8): apparmor="STATUS" operation="profile_load" profile="unconfined" name="ch-checkns" pid=835 comm="apparmor_parser"
[    7.022060] audit: type=1400 audit(1777069546.478:9): apparmor="STATUS" operation="profile_load" profile="unconfined" name="buildah" pid=832 comm="apparmor_parser"
[    7.022061] audit: type=1400 audit(1777069546.478:10): apparmor="STATUS" operation="profile_load" profile="unconfined" name="QtWebEngineProcess" pid=829 comm="apparmor_parser"
[    7.022062] audit: type=1400 audit(1777069546.478:11): apparmor="STATUS" operation="profile_load" profile="unconfined" name="1password" pid=826 comm="apparmor_parser"
[    7.022163] amdgpu 0000:7c:00.0: amdgpu: RAS: optional ras ta ucode is not available
[    7.027806] amdgpu 0000:7c:00.0: amdgpu: RAP: optional rap ta ucode is not available
[    7.027808] amdgpu 0000:7c:00.0: amdgpu: SECUREDISPLAY: optional securedisplay ta ucode is not available
[    7.029561] amdgpu 0000:7c:00.0: amdgpu: SMU is initialized successfully!
[    7.029892] amdgpu 0000:7c:00.0: amdgpu: [drm] Display Core v3.2.340 initialized on DCN 3.1.5
[    7.029894] amdgpu 0000:7c:00.0: amdgpu: [drm] DP-HDMI FRL PCON supported
[    7.030554] amdgpu 0000:7c:00.0: amdgpu: [drm] DMUB hardware initialized: version=0x05000F00
[    7.031060] snd_hda_intel 0000:7c:00.1: bound 0000:7c:00.0 (ops amdgpu_dm_audio_component_bind_ops [amdgpu])
[    7.031477] amdgpu 0000:7c:00.0: amdgpu: [drm] PSR support 0, DC PSR ver -1, sink PSR ver 0 DPCD caps 0x0 su_y_granularity 0
[    7.031506] amdgpu 0000:7c:00.0: amdgpu: [drm] PSR support 0, DC PSR ver -1, sink PSR ver 0 DPCD caps 0x0 su_y_granularity 0
[    7.031749] amdgpu 0000:7c:00.0: amdgpu: kiq ring mec 2 pipe 1 q 0
[    7.034645] kfd kfd: amdgpu: Allocated 3969056 bytes on gart
[    7.034660] kfd kfd: amdgpu: Total number of KFD nodes to be created: 1
[    7.034770] amdgpu: Virtual CRAT table created for GPU
[    7.034861] amdgpu: Topology: Add dGPU node [0x13c0:0x1002]
[    7.034864] kfd kfd: amdgpu: added device 1002:13c0
[    7.034873] amdgpu 0000:7c:00.0: amdgpu: SE 1, SH per SE 1, CU per SH 2, active_cu_number 2
[    7.034875] amdgpu 0000:7c:00.0: amdgpu: ring gfx_0.0.0 uses VM inv eng 0 on hub 0
[    7.034877] amdgpu 0000:7c:00.0: amdgpu: ring gfx_0.1.0 uses VM inv eng 1 on hub 0
[    7.034877] amdgpu 0000:7c:00.0: amdgpu: ring comp_1.0.0 uses VM inv eng 4 on hub 0
[    7.034878] amdgpu 0000:7c:00.0: amdgpu: ring comp_1.1.0 uses VM inv eng 5 on hub 0
[    7.034878] amdgpu 0000:7c:00.0: amdgpu: ring comp_1.2.0 uses VM inv eng 6 on hub 0
[    7.034878] amdgpu 0000:7c:00.0: amdgpu: ring comp_1.3.0 uses VM inv eng 7 on hub 0
[    7.034879] amdgpu 0000:7c:00.0: amdgpu: ring comp_1.0.1 uses VM inv eng 8 on hub 0
[    7.034879] amdgpu 0000:7c:00.0: amdgpu: ring comp_1.1.1 uses VM inv eng 9 on hub 0
[    7.034879] amdgpu 0000:7c:00.0: amdgpu: ring comp_1.2.1 uses VM inv eng 10 on hub 0
[    7.034880] amdgpu 0000:7c:00.0: amdgpu: ring comp_1.3.1 uses VM inv eng 11 on hub 0
[    7.034880] amdgpu 0000:7c:00.0: amdgpu: ring kiq_0.2.1.0 uses VM inv eng 12 on hub 0
[    7.034881] amdgpu 0000:7c:00.0: amdgpu: ring sdma0 uses VM inv eng 13 on hub 0
[    7.034881] amdgpu 0000:7c:00.0: amdgpu: ring vcn_dec_0 uses VM inv eng 0 on hub 8
[    7.034881] amdgpu 0000:7c:00.0: amdgpu: ring vcn_enc_0.0 uses VM inv eng 1 on hub 8
[    7.034882] amdgpu 0000:7c:00.0: amdgpu: ring vcn_enc_0.1 uses VM inv eng 4 on hub 8
[    7.034882] amdgpu 0000:7c:00.0: amdgpu: ring jpeg_dec uses VM inv eng 5 on hub 8
[    7.035615] amdgpu 0000:7c:00.0: amdgpu: Runtime PM not available
[    7.035821] amdgpu 0000:7c:00.0: [drm] Registered 4 planes with drm panic
[    7.035822] [drm] Initialized amdgpu 3.64.0 for 0000:7c:00.0 on minor 2
[    7.038092] amdgpu 0000:7c:00.0: [drm] Cannot find any crtc or sizes
[    7.038104] [drm] pre_validate_dsc:1635 MST_DSC dsc precompute is not needed
[    7.108708] [drm] Initialized nvidia-drm 0.0.0 for 0000:01:00.0 on minor 1
[    7.137838] nvidia 0000:01:00.0: vgaarb: deactivate vga console
[    7.177899] fbcon: nvidia-drmdrmfb (fb0) is primary device
[    7.177901] fbcon: Deferring console take-over
[    7.177903] nvidia 0000:01:00.0: [drm] fb0: nvidia-drmdrmfb frame buffer device
[    7.221567] Bluetooth: BNEP (Ethernet Emulation) ver 1.3
[    7.221570] Bluetooth: BNEP filters: protocol multicast
[    7.221574] Bluetooth: BNEP socket layer initialized
[    7.244736] nvme nvme0: using unchecked data buffer
[    7.262524] block nvme0n1: No UUID available providing old NGUID
[    7.262718] NET: Registered PF_QIPCRTR protocol family
[    7.517302] Realtek Internal NBASE-T PHY r8169-0-e00:00: attached PHY driver (mii_bus:phy_addr=r8169-0-e00:00, irq=MAC)
[    7.895472] r8169 0000:0e:00.0 enp14s0: Link is Down
[    8.015795] systemd-journald[447]: /var/log/journal/6d4de8b16c6d4a0881271747e74b8a0d/user-1000.journal: Journal file uses a different sequence number ID, rotating.
[   10.697636] r8169 0000:0e:00.0 enp14s0: Link is Up - 2.5Gbps/Full - flow control rx/tx
[   11.180324] usbcore: registered new interface driver snd-usb-audio
[   12.927138] rfkill: input handler disabled
[   13.076668] [UFW BLOCK] IN=enp14s0 OUT= MAC= SRC=fe80:0000:0000:0000:befc:e7ff:feca:d0ff DST=ff02:0000:0000:0000:0000:0000:0000:000c LEN=655 TC=0 HOPLIMIT=1 FLOWLBL=492628 PROTO=UDP SPT=54520 DPT=3702 LEN=615 
[   13.336986] kauditd_printk_skb: 152 callbacks suppressed
[   13.336989] audit: type=1400 audit(1777069552.793:164): apparmor="DENIED" operation="symlink" class="file" profile="snap.snapd-desktop-integration.snapd-desktop-integration" name="/dev/char/195:255" pid=2932 comm="snapd-desktop-i" requested_mask="c" denied_mask="c" fsuid=1000 ouid=1000
[   13.338104] audit: type=1400 audit(1777069552.794:165): apparmor="DENIED" operation="symlink" class="file" profile="snap.snapd-desktop-integration.snapd-desktop-integration" name="/dev/char/195:0" pid=2932 comm="snapd-desktop-i" requested_mask="c" denied_mask="c" fsuid=1000 ouid=1000
[   13.338125] audit: type=1400 audit(1777069552.794:166): apparmor="DENIED" operation="symlink" class="file" profile="snap.snapd-desktop-integration.snapd-desktop-integration" name="/dev/char/195:0" pid=2932 comm="snapd-desktop-i" requested_mask="c" denied_mask="c" fsuid=1000 ouid=1000
[   13.338629] audit: type=1400 audit(1777069552.795:167): apparmor="DENIED" operation="symlink" class="file" profile="snap.snapd-desktop-integration.snapd-desktop-integration" name="/dev/char/195:0" pid=2932 comm="snapd-desktop-i" requested_mask="c" denied_mask="c" fsuid=1000 ouid=1000
[   13.343727] audit: type=1400 audit(1777069552.800:168): apparmor="DENIED" operation="symlink" class="file" profile="snap.snapd-desktop-integration.snapd-desktop-integration" name="/dev/char/195:255" pid=2932 comm="snapd-desktop-i" requested_mask="c" denied_mask="c" fsuid=1000 ouid=1000
[   13.343778] audit: type=1400 audit(1777069552.800:169): apparmor="DENIED" operation="symlink" class="file" profile="snap.snapd-desktop-integration.snapd-desktop-integration" name="/dev/char/195:254" pid=2932 comm="snapd-desktop-i" requested_mask="c" denied_mask="c" fsuid=1000 ouid=1000
[   13.343996] audit: type=1400 audit(1777069552.800:170): apparmor="DENIED" operation="symlink" class="file" profile="snap.snapd-desktop-integration.snapd-desktop-integration" name="/dev/char/195:0" pid=2932 comm="snapd-desktop-i" requested_mask="c" denied_mask="c" fsuid=1000 ouid=1000
[   13.344483] audit: type=1400 audit(1777069552.801:171): apparmor="DENIED" operation="symlink" class="file" profile="snap.snapd-desktop-integration.snapd-desktop-integration" name="/dev/char/195:0" pid=2932 comm="snapd-desktop-i" requested_mask="c" denied_mask="c" fsuid=1000 ouid=1000
[   13.348213] audit: type=1107 audit(1777069552.804:172): pid=1184 uid=101 auid=4294967295 ses=4294967295 subj=unconfined msg='apparmor="DENIED" operation="dbus_method_call"  bus="system" path="/org/freedesktop/DBus" interface="org.freedesktop.DBus" member="ListNames" mask="send" name="org.freedesktop.DBus" pid=2932 label="snap.snapd-desktop-integration.snapd-desktop-integration" peer_label="unconfined"
                exe="/usr/bin/dbus-daemon" sauid=101 hostname=? addr=? terminal=?'
[   19.626440] workqueue: pm_runtime_work hogged CPU for >10000us 5 times, consider switching to WQ_UNBOUND
[   19.740301] workqueue: pm_runtime_work hogged CPU for >10000us 7 times, consider switching to WQ_UNBOUND
[   20.395163] audit: type=1400 audit(1777069559.851:173): apparmor="STATUS" operation="profile_load" profile="unconfined" name="docker-default" pid=3343 comm="apparmor_parser"
[   20.419608] evm: overlay not supported
[   20.470524] Initializing XFRM netlink socket
[   20.527774] bridge: filtering via arp/ip/ip6tables is no longer available by default. Update your scripts to load br_netfilter if you need this.
[   42.477210] systemd-journald[447]: Time jumped backwards, rotating.
[  141.186147] [UFW BLOCK] IN=enp14s0 OUT= MAC=01:00:5e:00:00:01:0a:c5:99:39:0d:bc:08:00 SRC=0.0.0.0 DST=224.0.0.1 LEN=32 TOS=0x00 PREC=0xC0 TTL=1 ID=0 DF PROTO=2 
[  231.768624] audit: type=1400 audit(1777069770.675:174): apparmor="AUDIT" operation="userns_create" class="namespace" info="Userns create - transitioning profile" profile="unconfined" pid=5987 comm="exe" requested="userns_create" target="unprivileged_userns" execpath="/opt/bytedance/feishu/feishu"
[  231.768636] audit: type=1400 audit(1777069770.675:175): apparmor="DENIED" operation="capable" class="cap" profile="unprivileged_userns" pid=5987 comm="exe" capability=21  capname="sys_admin"
[  231.791020] audit: type=1400 audit(1777069770.697:176): apparmor="DENIED" operation="capable" class="cap" profile="unprivileged_userns" pid=5987 comm="feishu" capability=18  capname="sys_chroot"
[  231.826325] audit: type=1400 audit(1777069770.732:177): apparmor="AUDIT" operation="userns_create" class="namespace" info="Userns create - transitioning profile" profile="unconfined" pid=6011 comm="exe" requested="userns_create" target="unprivileged_userns" execpath="/opt/bytedance/feishu/feishu"
[  231.826337] audit: type=1400 audit(1777069770.732:178): apparmor="DENIED" operation="capable" class="cap" profile="unprivileged_userns" pid=6011 comm="exe" capability=21  capname="sys_admin"
[  231.849273] audit: type=1400 audit(1777069770.755:179): apparmor="DENIED" operation="capable" class="cap" profile="unprivileged_userns" pid=6011 comm="feishu" capability=18  capname="sys_chroot"
[  269.189390] [UFW BLOCK] IN=enp14s0 OUT= MAC=01:00:5e:00:00:01:0a:c5:99:39:0d:bc:08:00 SRC=0.0.0.0 DST=224.0.0.1 LEN=32 TOS=0x00 PREC=0xC0 TTL=1 ID=0 DF PROTO=2 
[  397.194324] [UFW BLOCK] IN=enp14s0 OUT= MAC=01:00:5e:00:00:01:0a:c5:99:39:0d:bc:08:00 SRC=0.0.0.0 DST=224.0.0.1 LEN=32 TOS=0x00 PREC=0xC0 TTL=1 ID=0 DF PROTO=2 
[  458.848255] usb 1-2: USB disconnect, device number 2
[  459.204186] [UFW BLOCK] IN=enp14s0 OUT= MAC= SRC=192.168.50.205 DST=239.255.255.250 LEN=635 TOS=0x00 PREC=0x00 TTL=1 ID=14063 DF PROTO=UDP SPT=41435 DPT=3702 LEN=615 
[  459.204246] [UFW BLOCK] IN=enp14s0 OUT= MAC= SRC=fe80:0000:0000:0000:befc:e7ff:feca:d0ff DST=ff02:0000:0000:0000:0000:0000:0000:000c LEN=655 TC=0 HOPLIMIT=1 FLOWLBL=342740 PROTO=UDP SPT=56766 DPT=3702 LEN=615 
[  459.204266] [UFW BLOCK] IN=docker0 OUT= MAC= SRC=172.17.0.1 DST=239.255.255.250 LEN=635 TOS=0x00 PREC=0x00 TTL=1 ID=63954 DF PROTO=UDP SPT=47186 DPT=3702 LEN=615 
[  459.220625] [UFW BLOCK] IN=enp14s0 OUT= MAC=01:00:5e:00:00:01:0a:c5:99:39:0d:bc:08:00 SRC=0.0.0.0 DST=224.0.0.1 LEN=32 TOS=0x00 PREC=0xC0 TTL=1 ID=0 DF PROTO=2 
[  460.098338] [UFW BLOCK] IN=enp14s0 OUT= MAC=01:00:5e:00:00:01:0a:c5:99:39:0d:bc:08:00 SRC=0.0.0.0 DST=224.0.0.1 LEN=32 TOS=0x00 PREC=0xC0 TTL=1 ID=0 DF PROTO=2 
[  462.153631] [UFW BLOCK] IN=enp14s0 OUT= MAC=01:00:5e:00:00:01:0a:c5:99:39:0d:bc:08:00 SRC=0.0.0.0 DST=224.0.0.1 LEN=32 TOS=0x00 PREC=0xC0 TTL=1 ID=0 DF PROTO=2 
[  591.756888] [UFW BLOCK] IN=enp14s0 OUT= MAC=01:00:5e:00:00:01:0a:c5:99:39:0d:bc:08:00 SRC=0.0.0.0 DST=224.0.0.1 LEN=32 TOS=0x00 PREC=0xC0 TTL=1 ID=0 DF PROTO=2 
[  719.759635] [UFW BLOCK] IN=enp14s0 OUT= MAC=01:00:5e:00:00:01:0a:c5:99:39:0d:bc:08:00 SRC=0.0.0.0 DST=224.0.0.1 LEN=32 TOS=0x00 PREC=0xC0 TTL=1 ID=0 DF PROTO=2 
[  802.750143] usb 1-2: new full-speed USB device number 7 using xhci_hcd
[  803.117803] usb 1-2: New USB device found, idVendor=0b05, idProduct=1b3f, bcdDevice= 4.12
[  803.117809] usb 1-2: New USB device strings: Mfr=1, Product=2, SerialNumber=3
[  803.117809] usb 1-2: Product: ROG AZOTH EXTREME
[  803.117810] usb 1-2: Manufacturer: ASUSTeK
[  803.117811] usb 1-2: SerialNumber: T4MPGDD00TJJ
[  803.166969] input: ASUSTeK ROG AZOTH EXTREME as /devices/pci0000:00/0000:00:02.1/0000:05:00.0/0000:06:08.0/0000:08:00.0/0000:09:0c.0/0000:10:00.0/usb1/1-2/1-2:1.0/0003:0B05:1B3F.0010/input/input22
[  803.242244] hid-generic 0003:0B05:1B3F.0010: input,hidraw0: USB HID v1.11 Keyboard [ASUSTeK ROG AZOTH EXTREME] on usb-0000:10:00.0-2/input0
[  803.249069] hid-generic 0003:0B05:1B3F.0011: hiddev0,hidraw1: USB HID v1.11 Device [ASUSTeK ROG AZOTH EXTREME] on usb-0000:10:00.0-2/input1
[  803.258902] input: ASUSTeK ROG AZOTH EXTREME Consumer Control as /devices/pci0000:00/0000:00:02.1/0000:05:00.0/0000:06:08.0/0000:08:00.0/0000:09:0c.0/0000:10:00.0/usb1/1-2/1-2:1.2/0003:0B05:1B3F.0012/input/input23
[  803.309214] input: ASUSTeK ROG AZOTH EXTREME System Control as /devices/pci0000:00/0000:00:02.1/0000:05:00.0/0000:06:08.0/0000:08:00.0/0000:09:0c.0/0000:10:00.0/usb1/1-2/1-2:1.2/0003:0B05:1B3F.0012/input/input24
[  803.309238] input: ASUSTeK ROG AZOTH EXTREME as /devices/pci0000:00/0000:00:02.1/0000:05:00.0/0000:06:08.0/0000:08:00.0/0000:09:0c.0/0000:10:00.0/usb1/1-2/1-2:1.2/0003:0B05:1B3F.0012/input/input25
[  803.309259] input: ASUSTeK ROG AZOTH EXTREME Mouse as /devices/pci0000:00/0000:00:02.1/0000:05:00.0/0000:06:08.0/0000:08:00.0/0000:09:0c.0/0000:10:00.0/usb1/1-2/1-2:1.2/0003:0B05:1B3F.0012/input/input26
[  803.309305] hid-generic 0003:0B05:1B3F.0012: input,hiddev1,hidraw2: USB HID v1.11 Mouse [ASUSTeK ROG AZOTH EXTREME] on usb-0000:10:00.0-2/input2
[  803.315896] input: ASUSTeK ROG AZOTH EXTREME as /devices/pci0000:00/0000:00:02.1/0000:05:00.0/0000:06:08.0/0000:08:00.0/0000:09:0c.0/0000:10:00.0/usb1/1-2/1-2:1.3/0003:0B05:1B3F.0013/input/input27
[  803.366227] hid-generic 0003:0B05:1B3F.0013: input,hidraw3: USB HID v1.11 Keyboard [ASUSTeK ROG AZOTH EXTREME] on usb-0000:10:00.0-2/input3
[  803.377959] hid-generic 0003:0B05:1B3F.0014: hiddev2,hidraw4: USB HID v1.11 Device [ASUSTeK ROG AZOTH EXTREME] on usb-0000:10:00.0-2/input4
[  803.646264] [UFW BLOCK] IN=enp14s0 OUT= MAC= SRC=192.168.50.205 DST=239.255.255.250 LEN=635 TOS=0x00 PREC=0x00 TTL=1 ID=26482 DF PROTO=UDP SPT=35229 DPT=3702 LEN=615 
[  803.646326] [UFW BLOCK] IN=enp14s0 OUT= MAC= SRC=fe80:0000:0000:0000:befc:e7ff:feca:d0ff DST=ff02:0000:0000:0000:0000:0000:0000:000c LEN=655 TC=0 HOPLIMIT=1 FLOWLBL=665564 PROTO=UDP SPT=60055 DPT=3702 LEN=615 
[  803.646343] [UFW BLOCK] IN=docker0 OUT= MAC= SRC=172.17.0.1 DST=239.255.255.250 LEN=635 TOS=0x00 PREC=0x00 TTL=1 ID=57250 DF PROTO=UDP SPT=59627 DPT=3702 LEN=615 
[  803.661500] [UFW BLOCK] IN=enp14s0 OUT= MAC=01:00:5e:00:00:01:0a:c5:99:39:0d:bc:08:00 SRC=0.0.0.0 DST=224.0.0.1 LEN=32 TOS=0x00 PREC=0xC0 TTL=1 ID=0 DF PROTO=2 
[  804.435454] [UFW BLOCK] IN=enp14s0 OUT= MAC=01:00:5e:00:00:01:0a:c5:99:39:0d:bc:08:00 SRC=0.0.0.0 DST=224.0.0.1 LEN=32 TOS=0x00 PREC=0xC0 TTL=1 ID=0 DF PROTO=2 
[  806.481268] [UFW BLOCK] IN=enp14s0 OUT= MAC=01:00:5e:00:00:01:0a:c5:99:39:0d:bc:08:00 SRC=0.0.0.0 DST=224.0.0.1 LEN=32 TOS=0x00 PREC=0xC0 TTL=1 ID=0 DF PROTO=2 
[  934.804662] [UFW BLOCK] IN=enp14s0 OUT= MAC=01:00:5e:00:00:01:0a:c5:99:39:0d:bc:08:00 SRC=0.0.0.0 DST=224.0.0.1 LEN=32 TOS=0x00 PREC=0xC0 TTL=1 ID=0 DF PROTO=2 
[  963.292741] usb 1-2: USB disconnect, device number 7
[  963.650128] [UFW BLOCK] IN=enp14s0 OUT= MAC= SRC=192.168.50.205 DST=239.255.255.250 LEN=635 TOS=0x00 PREC=0x00 TTL=1 ID=40665 DF PROTO=UDP SPT=45247 DPT=3702 LEN=615 
[  963.650199] [UFW BLOCK] IN=enp14s0 OUT= MAC= SRC=fe80:0000:0000:0000:befc:e7ff:feca:d0ff DST=ff02:0000:0000:0000:0000:0000:0000:000c LEN=655 TC=0 HOPLIMIT=1 FLOWLBL=950777 PROTO=UDP SPT=46338 DPT=3702 LEN=615 
[  963.650213] [UFW BLOCK] IN=docker0 OUT= MAC= SRC=172.17.0.1 DST=239.255.255.250 LEN=635 TOS=0x00 PREC=0x00 TTL=1 ID=8000 DF PROTO=UDP SPT=43786 DPT=3702 LEN=615 
[  963.664897] [UFW BLOCK] IN=enp14s0 OUT= MAC=01:00:5e:00:00:01:0a:c5:99:39:0d:bc:08:00 SRC=0.0.0.0 DST=224.0.0.1 LEN=32 TOS=0x00 PREC=0xC0 TTL=1 ID=0 DF PROTO=2 
[  963.807634] [UFW BLOCK] IN=enp14s0 OUT= MAC=01:00:5e:00:00:01:0a:c5:99:39:0d:bc:08:00 SRC=0.0.0.0 DST=224.0.0.1 LEN=32 TOS=0x00 PREC=0xC0 TTL=1 ID=0 DF PROTO=2 
[  965.848591] [UFW BLOCK] IN=enp14s0 OUT= MAC=01:00:5e:00:00:01:0a:c5:99:39:0d:bc:08:00 SRC=0.0.0.0 DST=224.0.0.1 LEN=32 TOS=0x00 PREC=0xC0 TTL=1 ID=0 DF PROTO=2 
[ 1093.528230] [UFW BLOCK] IN=enp14s0 OUT= MAC=01:00:5e:00:00:01:0a:c5:99:39:0d:bc:08:00 SRC=0.0.0.0 DST=224.0.0.1 LEN=32 TOS=0x00 PREC=0xC0 TTL=1 ID=0 DF PROTO=2 
[ 1221.530700] [UFW BLOCK] IN=enp14s0 OUT= MAC=01:00:5e:00:00:01:0a:c5:99:39:0d:bc:08:00 SRC=0.0.0.0 DST=224.0.0.1 LEN=32 TOS=0x00 PREC=0xC0 TTL=1 ID=0 DF PROTO=2 
[ 1349.534071] [UFW BLOCK] IN=enp14s0 OUT= MAC=01:00:5e:00:00:01:0a:c5:99:39:0d:bc:08:00 SRC=0.0.0.0 DST=224.0.0.1 LEN=32 TOS=0x00 PREC=0xC0 TTL=1 ID=0 DF PROTO=2 
[ 1477.536795] [UFW BLOCK] IN=enp14s0 OUT= MAC=01:00:5e:00:00:01:0a:c5:99:39:0d:bc:08:00 SRC=0.0.0.0 DST=224.0.0.1 LEN=32 TOS=0x00 PREC=0xC0 TTL=1 ID=0 DF PROTO=2 
[ 1605.540116] [UFW BLOCK] IN=enp14s0 OUT= MAC=01:00:5e:00:00:01:0a:c5:99:39:0d:bc:08:00 SRC=0.0.0.0 DST=224.0.0.1 LEN=32 TOS=0x00 PREC=0xC0 TTL=1 ID=0 DF PROTO=2 
[ 1733.543187] [UFW BLOCK] IN=enp14s0 OUT= MAC=01:00:5e:00:00:01:0a:c5:99:39:0d:bc:08:00 SRC=0.0.0.0 DST=224.0.0.1 LEN=32 TOS=0x00 PREC=0xC0 TTL=1 ID=0 DF PROTO=2 
[ 1861.546440] [UFW BLOCK] IN=enp14s0 OUT= MAC=01:00:5e:00:00:01:0a:c5:99:39:0d:bc:08:00 SRC=0.0.0.0 DST=224.0.0.1 LEN=32 TOS=0x00 PREC=0xC0 TTL=1 ID=0 DF PROTO=2 
[ 1989.548882] [UFW BLOCK] IN=enp14s0 OUT= MAC=01:00:5e:00:00:01:0a:c5:99:39:0d:bc:08:00 SRC=0.0.0.0 DST=224.0.0.1 LEN=32 TOS=0x00 PREC=0xC0 TTL=1 ID=0 DF PROTO=2 
[ 1990.945519] workqueue: pm_runtime_work hogged CPU for >10000us 11 times, consider switching to WQ_UNBOUND
[ 2117.552572] [UFW BLOCK] IN=enp14s0 OUT= MAC=01:00:5e:00:00:01:0a:c5:99:39:0d:bc:08:00 SRC=0.0.0.0 DST=224.0.0.1 LEN=32 TOS=0x00 PREC=0xC0 TTL=1 ID=0 DF PROTO=2 
[ 2245.556287] [UFW BLOCK] IN=enp14s0 OUT= MAC=01:00:5e:00:00:01:0a:c5:99:39:0d:bc:08:00 SRC=0.0.0.0 DST=224.0.0.1 LEN=32 TOS=0x00 PREC=0xC0 TTL=1 ID=0 DF PROTO=2 
[ 2373.559068] [UFW BLOCK] IN=enp14s0 OUT= MAC=01:00:5e:00:00:01:0a:c5:99:39:0d:bc:08:00 SRC=0.0.0.0 DST=224.0.0.1 LEN=32 TOS=0x00 PREC=0xC0 TTL=1 ID=0 DF PROTO=2 
[ 2501.560392] [UFW BLOCK] IN=enp14s0 OUT= MAC=01:00:5e:00:00:01:0a:c5:99:39:0d:bc:08:00 SRC=0.0.0.0 DST=224.0.0.1 LEN=32 TOS=0x00 PREC=0xC0 TTL=1 ID=0 DF PROTO=2 
[ 2629.564724] [UFW BLOCK] IN=enp14s0 OUT= MAC=01:00:5e:00:00:01:0a:c5:99:39:0d:bc:08:00 SRC=0.0.0.0 DST=224.0.0.1 LEN=32 TOS=0x00 PREC=0xC0 TTL=1 ID=0 DF PROTO=2 
[ 2757.566966] [UFW BLOCK] IN=enp14s0 OUT= MAC=01:00:5e:00:00:01:0a:c5:99:39:0d:bc:08:00 SRC=0.0.0.0 DST=224.0.0.1 LEN=32 TOS=0x00 PREC=0xC0 TTL=1 ID=0 DF PROTO=2 
[ 2885.571331] [UFW BLOCK] IN=enp14s0 OUT= MAC=01:00:5e:00:00:01:0a:c5:99:39:0d:bc:08:00 SRC=0.0.0.0 DST=224.0.0.1 LEN=32 TOS=0x00 PREC=0xC0 TTL=1 ID=0 DF PROTO=2 
[ 3013.573718] [UFW BLOCK] IN=enp14s0 OUT= MAC=01:00:5e:00:00:01:0a:c5:99:39:0d:bc:08:00 SRC=0.0.0.0 DST=224.0.0.1 LEN=32 TOS=0x00 PREC=0xC0 TTL=1 ID=0 DF PROTO=2 
[ 3141.575973] [UFW BLOCK] IN=enp14s0 OUT= MAC=01:00:5e:00:00:01:0a:c5:99:39:0d:bc:08:00 SRC=0.0.0.0 DST=224.0.0.1 LEN=32 TOS=0x00 PREC=0xC0 TTL=1 ID=0 DF PROTO=2 
[ 3269.578739] [UFW BLOCK] IN=enp14s0 OUT= MAC=01:00:5e:00:00:01:0a:c5:99:39:0d:bc:08:00 SRC=0.0.0.0 DST=224.0.0.1 LEN=32 TOS=0x00 PREC=0xC0 TTL=1 ID=0 DF PROTO=2 
[ 3397.581362] [UFW BLOCK] IN=enp14s0 OUT= MAC=01:00:5e:00:00:01:0a:c5:99:39:0d:bc:08:00 SRC=0.0.0.0 DST=224.0.0.1 LEN=32 TOS=0x00 PREC=0xC0 TTL=1 ID=0 DF PROTO=2 
[ 3525.585712] [UFW BLOCK] IN=enp14s0 OUT= MAC=01:00:5e:00:00:01:0a:c5:99:39:0d:bc:08:00 SRC=0.0.0.0 DST=224.0.0.1 LEN=32 TOS=0x00 PREC=0xC0 TTL=1 ID=0 DF PROTO=2 
[ 3653.587526] [UFW BLOCK] IN=enp14s0 OUT= MAC=01:00:5e:00:00:01:0a:c5:99:39:0d:bc:08:00 SRC=0.0.0.0 DST=224.0.0.1 LEN=32 TOS=0x00 PREC=0xC0 TTL=1 ID=0 DF PROTO=2 
[ 3781.590310] [UFW BLOCK] IN=enp14s0 OUT= MAC=01:00:5e:00:00:01:0a:c5:99:39:0d:bc:08:00 SRC=0.0.0.0 DST=224.0.0.1 LEN=32 TOS=0x00 PREC=0xC0 TTL=1 ID=0 DF PROTO=2 
[ 3909.592871] [UFW BLOCK] IN=enp14s0 OUT= MAC=01:00:5e:00:00:01:0a:c5:99:39:0d:bc:08:00 SRC=0.0.0.0 DST=224.0.0.1 LEN=32 TOS=0x00 PREC=0xC0 TTL=1 ID=0 DF PROTO=2 
[ 4037.595792] [UFW BLOCK] IN=enp14s0 OUT= MAC=01:00:5e:00:00:01:0a:c5:99:39:0d:bc:08:00 SRC=0.0.0.0 DST=224.0.0.1 LEN=32 TOS=0x00 PREC=0xC0 TTL=1 ID=0 DF PROTO=2 
[ 4165.608548] [UFW BLOCK] IN=enp14s0 OUT= MAC=01:00:5e:00:00:01:0a:c5:99:39:0d:bc:08:00 SRC=0.0.0.0 DST=224.0.0.1 LEN=32 TOS=0x00 PREC=0xC0 TTL=1 ID=0 DF PROTO=2 
[ 4293.607340] [UFW BLOCK] IN=enp14s0 OUT= MAC=01:00:5e:00:00:01:0a:c5:99:39:0d:bc:08:00 SRC=0.0.0.0 DST=224.0.0.1 LEN=32 TOS=0x00 PREC=0xC0 TTL=1 ID=0 DF PROTO=2 
[ 4421.604974] [UFW BLOCK] IN=enp14s0 OUT= MAC=01:00:5e:00:00:01:0a:c5:99:39:0d:bc:08:00 SRC=0.0.0.0 DST=224.0.0.1 LEN=32 TOS=0x00 PREC=0xC0 TTL=1 ID=0 DF PROTO=2 
[ 4549.607601] [UFW BLOCK] IN=enp14s0 OUT= MAC=01:00:5e:00:00:01:0a:c5:99:39:0d:bc:08:00 SRC=0.0.0.0 DST=224.0.0.1 LEN=32 TOS=0x00 PREC=0xC0 TTL=1 ID=0 DF PROTO=2 
[ 4677.610148] [UFW BLOCK] IN=enp14s0 OUT= MAC=01:00:5e:00:00:01:0a:c5:99:39:0d:bc:08:00 SRC=0.0.0.0 DST=224.0.0.1 LEN=32 TOS=0x00 PREC=0xC0 TTL=1 ID=0 DF PROTO=2 
[ 4805.613447] [UFW BLOCK] IN=enp14s0 OUT= MAC=01:00:5e:00:00:01:0a:c5:99:39:0d:bc:08:00 SRC=0.0.0.0 DST=224.0.0.1 LEN=32 TOS=0x00 PREC=0xC0 TTL=1 ID=0 DF PROTO=2 
[ 4933.616132] [UFW BLOCK] IN=enp14s0 OUT= MAC=01:00:5e:00:00:01:0a:c5:99:39:0d:bc:08:00 SRC=0.0.0.0 DST=224.0.0.1 LEN=32 TOS=0x00 PREC=0xC0 TTL=1 ID=0 DF PROTO=2 
[ 5061.618426] [UFW BLOCK] IN=enp14s0 OUT= MAC=01:00:5e:00:00:01:0a:c5:99:39:0d:bc:08:00 SRC=0.0.0.0 DST=224.0.0.1 LEN=32 TOS=0x00 PREC=0xC0 TTL=1 ID=0 DF PROTO=2 
[ 5189.621917] [UFW BLOCK] IN=enp14s0 OUT= MAC=01:00:5e:00:00:01:0a:c5:99:39:0d:bc:08:00 SRC=0.0.0.0 DST=224.0.0.1 LEN=32 TOS=0x00 PREC=0xC0 TTL=1 ID=0 DF PROTO=2 
[ 5317.627954] [UFW BLOCK] IN=enp14s0 OUT= MAC=01:00:5e:00:00:01:0a:c5:99:39:0d:bc:08:00 SRC=0.0.0.0 DST=224.0.0.1 LEN=32 TOS=0x00 PREC=0xC0 TTL=1 ID=0 DF PROTO=2 
[ 5445.628231] [UFW BLOCK] IN=enp14s0 OUT= MAC=01:00:5e:00:00:01:0a:c5:99:39:0d:bc:08:00 SRC=0.0.0.0 DST=224.0.0.1 LEN=32 TOS=0x00 PREC=0xC0 TTL=1 ID=0 DF PROTO=2 
[ 5573.631314] [UFW BLOCK] IN=enp14s0 OUT= MAC=01:00:5e:00:00:01:0a:c5:99:39:0d:bc:08:00 SRC=0.0.0.0 DST=224.0.0.1 LEN=32 TOS=0x00 PREC=0xC0 TTL=1 ID=0 DF PROTO=2 
[ 5701.634099] [UFW BLOCK] IN=enp14s0 OUT= MAC=01:00:5e:00:00:01:0a:c5:99:39:0d:bc:08:00 SRC=0.0.0.0 DST=224.0.0.1 LEN=32 TOS=0x00 PREC=0xC0 TTL=1 ID=0 DF PROTO=2 
[ 5829.637451] [UFW BLOCK] IN=enp14s0 OUT= MAC=01:00:5e:00:00:01:0a:c5:99:39:0d:bc:08:00 SRC=0.0.0.0 DST=224.0.0.1 LEN=32 TOS=0x00 PREC=0xC0 TTL=1 ID=0 DF PROTO=2 
[ 5957.640329] [UFW BLOCK] IN=enp14s0 OUT= MAC=01:00:5e:00:00:01:0a:c5:99:39:0d:bc:08:00 SRC=0.0.0.0 DST=224.0.0.1 LEN=32 TOS=0x00 PREC=0xC0 TTL=1 ID=0 DF PROTO=2 
[ 6085.642619] [UFW BLOCK] IN=enp14s0 OUT= MAC=01:00:5e:00:00:01:0a:c5:99:39:0d:bc:08:00 SRC=0.0.0.0 DST=224.0.0.1 LEN=32 TOS=0x00 PREC=0xC0 TTL=1 ID=0 DF PROTO=2 
[ 6213.645900] [UFW BLOCK] IN=enp14s0 OUT= MAC=01:00:5e:00:00:01:0a:c5:99:39:0d:bc:08:00 SRC=0.0.0.0 DST=224.0.0.1 LEN=32 TOS=0x00 PREC=0xC0 TTL=1 ID=0 DF PROTO=2 
[ 6341.648945] [UFW BLOCK] IN=enp14s0 OUT= MAC=01:00:5e:00:00:01:0a:c5:99:39:0d:bc:08:00 SRC=0.0.0.0 DST=224.0.0.1 LEN=32 TOS=0x00 PREC=0xC0 TTL=1 ID=0 DF PROTO=2 
[ 6469.651378] [UFW BLOCK] IN=enp14s0 OUT= MAC=01:00:5e:00:00:01:0a:c5:99:39:0d:bc:08:00 SRC=0.0.0.0 DST=224.0.0.1 LEN=32 TOS=0x00 PREC=0xC0 TTL=1 ID=0 DF PROTO=2 
[ 6597.664806] [UFW BLOCK] IN=enp14s0 OUT= MAC=01:00:5e:00:00:01:0a:c5:99:39:0d:bc:08:00 SRC=0.0.0.0 DST=224.0.0.1 LEN=32 TOS=0x00 PREC=0xC0 TTL=1 ID=0 DF PROTO=2 
[ 6725.657670] [UFW BLOCK] IN=enp14s0 OUT= MAC=01:00:5e:00:00:01:0a:c5:99:39:0d:bc:08:00 SRC=0.0.0.0 DST=224.0.0.1 LEN=32 TOS=0x00 PREC=0xC0 TTL=1 ID=0 DF PROTO=2 
[ 6853.662265] [UFW BLOCK] IN=enp14s0 OUT= MAC=01:00:5e:00:00:01:0a:c5:99:39:0d:bc:08:00 SRC=0.0.0.0 DST=224.0.0.1 LEN=32 TOS=0x00 PREC=0xC0 TTL=1 ID=0 DF PROTO=2 
[ 6981.663978] [UFW BLOCK] IN=enp14s0 OUT= MAC=01:00:5e:00:00:01:0a:c5:99:39:0d:bc:08:00 SRC=0.0.0.0 DST=224.0.0.1 LEN=32 TOS=0x00 PREC=0xC0 TTL=1 ID=0 DF PROTO=2 
[ 7109.666495] [UFW BLOCK] IN=enp14s0 OUT= MAC=01:00:5e:00:00:01:0a:c5:99:39:0d:bc:08:00 SRC=0.0.0.0 DST=224.0.0.1 LEN=32 TOS=0x00 PREC=0xC0 TTL=1 ID=0 DF PROTO=2 
[ 7237.668840] [UFW BLOCK] IN=enp14s0 OUT= MAC=01:00:5e:00:00:01:0a:c5:99:39:0d:bc:08:00 SRC=0.0.0.0 DST=224.0.0.1 LEN=32 TOS=0x00 PREC=0xC0 TTL=1 ID=0 DF PROTO=2 
[ 7365.671047] [UFW BLOCK] IN=enp14s0 OUT= MAC=01:00:5e:00:00:01:0a:c5:99:39:0d:bc:08:00 SRC=0.0.0.0 DST=224.0.0.1 LEN=32 TOS=0x00 PREC=0xC0 TTL=1 ID=0 DF PROTO=2 
[ 7493.674607] [UFW BLOCK] IN=enp14s0 OUT= MAC=01:00:5e:00:00:01:0a:c5:99:39:0d:bc:08:00 SRC=0.0.0.0 DST=224.0.0.1 LEN=32 TOS=0x00 PREC=0xC0 TTL=1 ID=0 DF PROTO=2 
[ 7621.676850] [UFW BLOCK] IN=enp14s0 OUT= MAC=01:00:5e:00:00:01:0a:c5:99:39:0d:bc:08:00 SRC=0.0.0.0 DST=224.0.0.1 LEN=32 TOS=0x00 PREC=0xC0 TTL=1 ID=0 DF PROTO=2 
[ 7749.679984] [UFW BLOCK] IN=enp14s0 OUT= MAC=01:00:5e:00:00:01:0a:c5:99:39:0d:bc:08:00 SRC=0.0.0.0 DST=224.0.0.1 LEN=32 TOS=0x00 PREC=0xC0 TTL=1 ID=0 DF PROTO=2 
[ 7877.684302] [UFW BLOCK] IN=enp14s0 OUT= MAC=01:00:5e:00:00:01:0a:c5:99:39:0d:bc:08:00 SRC=0.0.0.0 DST=224.0.0.1 LEN=32 TOS=0x00 PREC=0xC0 TTL=1 ID=0 DF PROTO=2 
[ 8005.686350] [UFW BLOCK] IN=enp14s0 OUT= MAC=01:00:5e:00:00:01:0a:c5:99:39:0d:bc:08:00 SRC=0.0.0.0 DST=224.0.0.1 LEN=32 TOS=0x00 PREC=0xC0 TTL=1 ID=0 DF PROTO=2 
[ 8133.688525] [UFW BLOCK] IN=enp14s0 OUT= MAC=01:00:5e:00:00:01:0a:c5:99:39:0d:bc:08:00 SRC=0.0.0.0 DST=224.0.0.1 LEN=32 TOS=0x00 PREC=0xC0 TTL=1 ID=0 DF PROTO=2 
[ 8261.691665] [UFW BLOCK] IN=enp14s0 OUT= MAC=01:00:5e:00:00:01:0a:c5:99:39:0d:bc:08:00 SRC=0.0.0.0 DST=224.0.0.1 LEN=32 TOS=0x00 PREC=0xC0 TTL=1 ID=0 DF PROTO=2 
[ 8389.695732] [UFW BLOCK] IN=enp14s0 OUT= MAC=01:00:5e:00:00:01:0a:c5:99:39:0d:bc:08:00 SRC=0.0.0.0 DST=224.0.0.1 LEN=32 TOS=0x00 PREC=0xC0 TTL=1 ID=0 DF PROTO=2 
[ 8517.700160] [UFW BLOCK] IN=enp14s0 OUT= MAC=01:00:5e:00:00:01:0a:c5:99:39:0d:bc:08:00 SRC=0.0.0.0 DST=224.0.0.1 LEN=32 TOS=0x00 PREC=0xC0 TTL=1 ID=0 DF PROTO=2 
[ 8645.699937] [UFW BLOCK] IN=enp14s0 OUT= MAC=01:00:5e:00:00:01:0a:c5:99:39:0d:bc:08:00 SRC=0.0.0.0 DST=224.0.0.1 LEN=32 TOS=0x00 PREC=0xC0 TTL=1 ID=0 DF PROTO=2 
[ 8773.704447] [UFW BLOCK] IN=enp14s0 OUT= MAC=01:00:5e:00:00:01:0a:c5:99:39:0d:bc:08:00 SRC=0.0.0.0 DST=224.0.0.1 LEN=32 TOS=0x00 PREC=0xC0 TTL=1 ID=0 DF PROTO=2 
[ 8901.715988] [UFW BLOCK] IN=enp14s0 OUT= MAC=01:00:5e:00:00:01:0a:c5:99:39:0d:bc:08:00 SRC=0.0.0.0 DST=224.0.0.1 LEN=32 TOS=0x00 PREC=0xC0 TTL=1 ID=0 DF PROTO=2 
[ 9029.709245] [UFW BLOCK] IN=enp14s0 OUT= MAC=01:00:5e:00:00:01:0a:c5:99:39:0d:bc:08:00 SRC=0.0.0.0 DST=224.0.0.1 LEN=32 TOS=0x00 PREC=0xC0 TTL=1 ID=0 DF PROTO=2 
[ 9157.713168] [UFW BLOCK] IN=enp14s0 OUT= MAC=01:00:5e:00:00:01:0a:c5:99:39:0d:bc:08:00 SRC=0.0.0.0 DST=224.0.0.1 LEN=32 TOS=0x00 PREC=0xC0 TTL=1 ID=0 DF PROTO=2 
[ 9262.972523] audit: type=1400 audit(1777078801.735:180): apparmor="DENIED" operation="open" class="file" profile="snap.firmware-updater.firmware-notifier" name="/proc/sys/vm/max_map_count" pid=63097 comm="firmware-notifi" requested_mask="r" denied_mask="r" fsuid=1000 ouid=0
[ 9285.715466] [UFW BLOCK] IN=enp14s0 OUT= MAC=01:00:5e:00:00:01:0a:c5:99:39:0d:bc:08:00 SRC=0.0.0.0 DST=224.0.0.1 LEN=32 TOS=0x00 PREC=0xC0 TTL=1 ID=0 DF PROTO=2 
[ 9413.717856] [UFW BLOCK] IN=enp14s0 OUT= MAC=01:00:5e:00:00:01:0a:c5:99:39:0d:bc:08:00 SRC=0.0.0.0 DST=224.0.0.1 LEN=32 TOS=0x00 PREC=0xC0 TTL=1 ID=0 DF PROTO=2 
[ 9541.721621] [UFW BLOCK] IN=enp14s0 OUT= MAC=01:00:5e:00:00:01:0a:c5:99:39:0d:bc:08:00 SRC=0.0.0.0 DST=224.0.0.1 LEN=32 TOS=0x00 PREC=0xC0 TTL=1 ID=0 DF PROTO=2 
[ 9669.727581] [UFW BLOCK] IN=enp14s0 OUT= MAC=01:00:5e:00:00:01:0a:c5:99:39:0d:bc:08:00 SRC=0.0.0.0 DST=224.0.0.1 LEN=32 TOS=0x00 PREC=0xC0 TTL=1 ID=0 DF PROTO=2 
[ 9797.726446] [UFW BLOCK] IN=enp14s0 OUT= MAC=01:00:5e:00:00:01:0a:c5:99:39:0d:bc:08:00 SRC=0.0.0.0 DST=224.0.0.1 LEN=32 TOS=0x00 PREC=0xC0 TTL=1 ID=0 DF PROTO=2 
[ 9925.729948] [UFW BLOCK] IN=enp14s0 OUT= MAC=01:00:5e:00:00:01:0a:c5:99:39:0d:bc:08:00 SRC=0.0.0.0 DST=224.0.0.1 LEN=32 TOS=0x00 PREC=0xC0 TTL=1 ID=0 DF PROTO=2 
[10053.732759] [UFW BLOCK] IN=enp14s0 OUT= MAC=01:00:5e:00:00:01:0a:c5:99:39:0d:bc:08:00 SRC=0.0.0.0 DST=224.0.0.1 LEN=32 TOS=0x00 PREC=0xC0 TTL=1 ID=0 DF PROTO=2 
[10181.737222] [UFW BLOCK] IN=enp14s0 OUT= MAC=01:00:5e:00:00:01:0a:c5:99:39:0d:bc:08:00 SRC=0.0.0.0 DST=224.0.0.1 LEN=32 TOS=0x00 PREC=0xC0 TTL=1 ID=0 DF PROTO=2 
[10309.738124] [UFW BLOCK] IN=enp14s0 OUT= MAC=01:00:5e:00:00:01:0a:c5:99:39:0d:bc:08:00 SRC=0.0.0.0 DST=224.0.0.1 LEN=32 TOS=0x00 PREC=0xC0 TTL=1 ID=0 DF PROTO=2 
[10437.753438] [UFW BLOCK] IN=enp14s0 OUT= MAC=01:00:5e:00:00:01:0a:c5:99:39:0d:bc:08:00 SRC=0.0.0.0 DST=224.0.0.1 LEN=32 TOS=0x00 PREC=0xC0 TTL=1 ID=0 DF PROTO=2 
[10565.743772] [UFW BLOCK] IN=enp14s0 OUT= MAC=01:00:5e:00:00:01:0a:c5:99:39:0d:bc:08:00 SRC=0.0.0.0 DST=224.0.0.1 LEN=32 TOS=0x00 PREC=0xC0 TTL=1 ID=0 DF PROTO=2 
[10693.747188] [UFW BLOCK] IN=enp14s0 OUT= MAC=01:00:5e:00:00:01:0a:c5:99:39:0d:bc:08:00 SRC=0.0.0.0 DST=224.0.0.1 LEN=32 TOS=0x00 PREC=0xC0 TTL=1 ID=0 DF PROTO=2 
[10821.749642] [UFW BLOCK] IN=enp14s0 OUT= MAC=01:00:5e:00:00:01:0a:c5:99:39:0d:bc:08:00 SRC=0.0.0.0 DST=224.0.0.1 LEN=32 TOS=0x00 PREC=0xC0 TTL=1 ID=0 DF PROTO=2 
[10949.762684] [UFW BLOCK] IN=enp14s0 OUT= MAC=01:00:5e:00:00:01:0a:c5:99:39:0d:bc:08:00 SRC=0.0.0.0 DST=224.0.0.1 LEN=32 TOS=0x00 PREC=0xC0 TTL=1 ID=0 DF PROTO=2 
[11077.756307] [UFW BLOCK] IN=enp14s0 OUT= MAC=01:00:5e:00:00:01:0a:c5:99:39:0d:bc:08:00 SRC=0.0.0.0 DST=224.0.0.1 LEN=32 TOS=0x00 PREC=0xC0 TTL=1 ID=0 DF PROTO=2 
[11205.758958] [UFW BLOCK] IN=enp14s0 OUT= MAC=01:00:5e:00:00:01:0a:c5:99:39:0d:bc:08:00 SRC=0.0.0.0 DST=224.0.0.1 LEN=32 TOS=0x00 PREC=0xC0 TTL=1 ID=0 DF PROTO=2 
[11333.763578] [UFW BLOCK] IN=enp14s0 OUT= MAC=01:00:5e:00:00:01:0a:c5:99:39:0d:bc:08:00 SRC=0.0.0.0 DST=224.0.0.1 LEN=32 TOS=0x00 PREC=0xC0 TTL=1 ID=0 DF PROTO=2 
[11461.765807] [UFW BLOCK] IN=enp14s0 OUT= MAC=01:00:5e:00:00:01:0a:c5:99:39:0d:bc:08:00 SRC=0.0.0.0 DST=224.0.0.1 LEN=32 TOS=0x00 PREC=0xC0 TTL=1 ID=0 DF PROTO=2 
[11589.777886] [UFW BLOCK] IN=enp14s0 OUT= MAC=01:00:5e:00:00:01:0a:c5:99:39:0d:bc:08:00 SRC=0.0.0.0 DST=224.0.0.1 LEN=32 TOS=0x00 PREC=0xC0 TTL=1 ID=0 DF PROTO=2 
[11717.770911] [UFW BLOCK] IN=enp14s0 OUT= MAC=01:00:5e:00:00:01:0a:c5:99:39:0d:bc:08:00 SRC=0.0.0.0 DST=224.0.0.1 LEN=32 TOS=0x00 PREC=0xC0 TTL=1 ID=0 DF PROTO=2 
[11845.773170] [UFW BLOCK] IN=enp14s0 OUT= MAC=01:00:5e:00:00:01:0a:c5:99:39:0d:bc:08:00 SRC=0.0.0.0 DST=224.0.0.1 LEN=32 TOS=0x00 PREC=0xC0 TTL=1 ID=0 DF PROTO=2 
[11973.775127] [UFW BLOCK] IN=enp14s0 OUT= MAC=01:00:5e:00:00:01:0a:c5:99:39:0d:bc:08:00 SRC=0.0.0.0 DST=224.0.0.1 LEN=32 TOS=0x00 PREC=0xC0 TTL=1 ID=0 DF PROTO=2 
[12101.779387] [UFW BLOCK] IN=enp14s0 OUT= MAC=01:00:5e:00:00:01:0a:c5:99:39:0d:bc:08:00 SRC=0.0.0.0 DST=224.0.0.1 LEN=32 TOS=0x00 PREC=0xC0 TTL=1 ID=0 DF PROTO=2 
[12229.781092] [UFW BLOCK] IN=enp14s0 OUT= MAC=01:00:5e:00:00:01:0a:c5:99:39:0d:bc:08:00 SRC=0.0.0.0 DST=224.0.0.1 LEN=32 TOS=0x00 PREC=0xC0 TTL=1 ID=0 DF PROTO=2 
[12357.784516] [UFW BLOCK] IN=enp14s0 OUT= MAC=01:00:5e:00:00:01:0a:c5:99:39:0d:bc:08:00 SRC=0.0.0.0 DST=224.0.0.1 LEN=32 TOS=0x00 PREC=0xC0 TTL=1 ID=0 DF PROTO=2 
[12485.797666] [UFW BLOCK] IN=enp14s0 OUT= MAC=01:00:5e:00:00:01:0a:c5:99:39:0d:bc:08:00 SRC=0.0.0.0 DST=224.0.0.1 LEN=32 TOS=0x00 PREC=0xC0 TTL=1 ID=0 DF PROTO=2 
[12613.789634] [UFW BLOCK] IN=enp14s0 OUT= MAC=01:00:5e:00:00:01:0a:c5:99:39:0d:bc:08:00 SRC=0.0.0.0 DST=224.0.0.1 LEN=32 TOS=0x00 PREC=0xC0 TTL=1 ID=0 DF PROTO=2 
[12741.793492] [UFW BLOCK] IN=enp14s0 OUT= MAC=01:00:5e:00:00:01:0a:c5:99:39:0d:bc:08:00 SRC=0.0.0.0 DST=224.0.0.1 LEN=32 TOS=0x00 PREC=0xC0 TTL=1 ID=0 DF PROTO=2 
[12869.795586] [UFW BLOCK] IN=enp14s0 OUT= MAC=01:00:5e:00:00:01:0a:c5:99:39:0d:bc:08:00 SRC=0.0.0.0 DST=224.0.0.1 LEN=32 TOS=0x00 PREC=0xC0 TTL=1 ID=0 DF PROTO=2 
[12997.798970] [UFW BLOCK] IN=enp14s0 OUT= MAC=01:00:5e:00:00:01:0a:c5:99:39:0d:bc:08:00 SRC=0.0.0.0 DST=224.0.0.1 LEN=32 TOS=0x00 PREC=0xC0 TTL=1 ID=0 DF PROTO=2 
[13125.802300] [UFW BLOCK] IN=enp14s0 OUT= MAC=01:00:5e:00:00:01:0a:c5:99:39:0d:bc:08:00 SRC=0.0.0.0 DST=224.0.0.1 LEN=32 TOS=0x00 PREC=0xC0 TTL=1 ID=0 DF PROTO=2 
[13253.804940] [UFW BLOCK] IN=enp14s0 OUT= MAC=01:00:5e:00:00:01:0a:c5:99:39:0d:bc:08:00 SRC=0.0.0.0 DST=224.0.0.1 LEN=32 TOS=0x00 PREC=0xC0 TTL=1 ID=0 DF PROTO=2 
[13381.808231] [UFW BLOCK] IN=enp14s0 OUT= MAC=01:00:5e:00:00:01:0a:c5:99:39:0d:bc:08:00 SRC=0.0.0.0 DST=224.0.0.1 LEN=32 TOS=0x00 PREC=0xC0 TTL=1 ID=0 DF PROTO=2 
[13509.809950] [UFW BLOCK] IN=enp14s0 OUT= MAC=01:00:5e:00:00:01:0a:c5:99:39:0d:bc:08:00 SRC=0.0.0.0 DST=224.0.0.1 LEN=32 TOS=0x00 PREC=0xC0 TTL=1 ID=0 DF PROTO=2 
[13637.824002] [UFW BLOCK] IN=enp14s0 OUT= MAC=01:00:5e:00:00:01:0a:c5:99:39:0d:bc:08:00 SRC=0.0.0.0 DST=224.0.0.1 LEN=32 TOS=0x00 PREC=0xC0 TTL=1 ID=0 DF PROTO=2 
[13765.816071] [UFW BLOCK] IN=enp14s0 OUT= MAC=01:00:5e:00:00:01:0a:c5:99:39:0d:bc:08:00 SRC=0.0.0.0 DST=224.0.0.1 LEN=32 TOS=0x00 PREC=0xC0 TTL=1 ID=0 DF PROTO=2 
[13893.828995] [UFW BLOCK] IN=enp14s0 OUT= MAC=01:00:5e:00:00:01:0a:c5:99:39:0d:bc:08:00 SRC=0.0.0.0 DST=224.0.0.1 LEN=32 TOS=0x00 PREC=0xC0 TTL=1 ID=0 DF PROTO=2 
[14021.821868] [UFW BLOCK] IN=enp14s0 OUT= MAC=01:00:5e:00:00:01:0a:c5:99:39:0d:bc:08:00 SRC=0.0.0.0 DST=224.0.0.1 LEN=32 TOS=0x00 PREC=0xC0 TTL=1 ID=0 DF PROTO=2 
[14149.824637] [UFW BLOCK] IN=enp14s0 OUT= MAC=01:00:5e:00:00:01:0a:c5:99:39:0d:bc:08:00 SRC=0.0.0.0 DST=224.0.0.1 LEN=32 TOS=0x00 PREC=0xC0 TTL=1 ID=0 DF PROTO=2 
[14277.828624] [UFW BLOCK] IN=enp14s0 OUT= MAC=01:00:5e:00:00:01:0a:c5:99:39:0d:bc:08:00 SRC=0.0.0.0 DST=224.0.0.1 LEN=32 TOS=0x00 PREC=0xC0 TTL=1 ID=0 DF PROTO=2 
[14405.830568] [UFW BLOCK] IN=enp14s0 OUT= MAC=01:00:5e:00:00:01:0a:c5:99:39:0d:bc:08:00 SRC=0.0.0.0 DST=224.0.0.1 LEN=32 TOS=0x00 PREC=0xC0 TTL=1 ID=0 DF PROTO=2 
[14533.833558] [UFW BLOCK] IN=enp14s0 OUT= MAC=01:00:5e:00:00:01:0a:c5:99:39:0d:bc:08:00 SRC=0.0.0.0 DST=224.0.0.1 LEN=32 TOS=0x00 PREC=0xC0 TTL=1 ID=0 DF PROTO=2 
[14661.836288] [UFW BLOCK] IN=enp14s0 OUT= MAC=01:00:5e:00:00:01:0a:c5:99:39:0d:bc:08:00 SRC=0.0.0.0 DST=224.0.0.1 LEN=32 TOS=0x00 PREC=0xC0 TTL=1 ID=0 DF PROTO=2 
[14789.839440] [UFW BLOCK] IN=enp14s0 OUT= MAC=01:00:5e:00:00:01:0a:c5:99:39:0d:bc:08:00 SRC=0.0.0.0 DST=224.0.0.1 LEN=32 TOS=0x00 PREC=0xC0 TTL=1 ID=0 DF PROTO=2 
[14917.855806] [UFW BLOCK] IN=enp14s0 OUT= MAC=01:00:5e:00:00:01:0a:c5:99:39:0d:bc:08:00 SRC=0.0.0.0 DST=224.0.0.1 LEN=32 TOS=0x00 PREC=0xC0 TTL=1 ID=0 DF PROTO=2 
[15045.844615] [UFW BLOCK] IN=enp14s0 OUT= MAC=01:00:5e:00:00:01:0a:c5:99:39:0d:bc:08:00 SRC=0.0.0.0 DST=224.0.0.1 LEN=32 TOS=0x00 PREC=0xC0 TTL=1 ID=0 DF PROTO=2 
[15173.847667] [UFW BLOCK] IN=enp14s0 OUT= MAC=01:00:5e:00:00:01:0a:c5:99:39:0d:bc:08:00 SRC=0.0.0.0 DST=224.0.0.1 LEN=32 TOS=0x00 PREC=0xC0 TTL=1 ID=0 DF PROTO=2 
[15301.849645] [UFW BLOCK] IN=enp14s0 OUT= MAC=01:00:5e:00:00:01:0a:c5:99:39:0d:bc:08:00 SRC=0.0.0.0 DST=224.0.0.1 LEN=32 TOS=0x00 PREC=0xC0 TTL=1 ID=0 DF PROTO=2 
[15429.852875] [UFW BLOCK] IN=enp14s0 OUT= MAC=01:00:5e:00:00:01:0a:c5:99:39:0d:bc:08:00 SRC=0.0.0.0 DST=224.0.0.1 LEN=32 TOS=0x00 PREC=0xC0 TTL=1 ID=0 DF PROTO=2 
[15557.865555] [UFW BLOCK] IN=enp14s0 OUT= MAC=01:00:5e:00:00:01:0a:c5:99:39:0d:bc:08:00 SRC=0.0.0.0 DST=224.0.0.1 LEN=32 TOS=0x00 PREC=0xC0 TTL=1 ID=0 DF PROTO=2 
[15685.858628] [UFW BLOCK] IN=enp14s0 OUT= MAC=01:00:5e:00:00:01:0a:c5:99:39:0d:bc:08:00 SRC=0.0.0.0 DST=224.0.0.1 LEN=32 TOS=0x00 PREC=0xC0 TTL=1 ID=0 DF PROTO=2 
[15813.863071] [UFW BLOCK] IN=enp14s0 OUT= MAC=01:00:5e:00:00:01:0a:c5:99:39:0d:bc:08:00 SRC=0.0.0.0 DST=224.0.0.1 LEN=32 TOS=0x00 PREC=0xC0 TTL=1 ID=0 DF PROTO=2 
[15941.864318] [UFW BLOCK] IN=enp14s0 OUT= MAC=01:00:5e:00:00:01:0a:c5:99:39:0d:bc:08:00 SRC=0.0.0.0 DST=224.0.0.1 LEN=32 TOS=0x00 PREC=0xC0 TTL=1 ID=0 DF PROTO=2 
[16069.867116] [UFW BLOCK] IN=enp14s0 OUT= MAC=01:00:5e:00:00:01:0a:c5:99:39:0d:bc:08:00 SRC=0.0.0.0 DST=224.0.0.1 LEN=32 TOS=0x00 PREC=0xC0 TTL=1 ID=0 DF PROTO=2 
[16197.869850] [UFW BLOCK] IN=enp14s0 OUT= MAC=01:00:5e:00:00:01:0a:c5:99:39:0d:bc:08:00 SRC=0.0.0.0 DST=224.0.0.1 LEN=32 TOS=0x00 PREC=0xC0 TTL=1 ID=0 DF PROTO=2 
[16325.882999] [UFW BLOCK] IN=enp14s0 OUT= MAC=01:00:5e:00:00:01:0a:c5:99:39:0d:bc:08:00 SRC=0.0.0.0 DST=224.0.0.1 LEN=32 TOS=0x00 PREC=0xC0 TTL=1 ID=0 DF PROTO=2 
[16453.875578] [UFW BLOCK] IN=enp14s0 OUT= MAC=01:00:5e:00:00:01:0a:c5:99:39:0d:bc:08:00 SRC=0.0.0.0 DST=224.0.0.1 LEN=32 TOS=0x00 PREC=0xC0 TTL=1 ID=0 DF PROTO=2 
[16581.890803] [UFW BLOCK] IN=enp14s0 OUT= MAC=01:00:5e:00:00:01:0a:c5:99:39:0d:bc:08:00 SRC=0.0.0.0 DST=224.0.0.1 LEN=32 TOS=0x00 PREC=0xC0 TTL=1 ID=0 DF PROTO=2 
[16709.881821] [UFW BLOCK] IN=enp14s0 OUT= MAC=01:00:5e:00:00:01:0a:c5:99:39:0d:bc:08:00 SRC=0.0.0.0 DST=224.0.0.1 LEN=32 TOS=0x00 PREC=0xC0 TTL=1 ID=0 DF PROTO=2 
[16837.886256] [UFW BLOCK] IN=enp14s0 OUT= MAC=01:00:5e:00:00:01:0a:c5:99:39:0d:bc:08:00 SRC=0.0.0.0 DST=224.0.0.1 LEN=32 TOS=0x00 PREC=0xC0 TTL=1 ID=0 DF PROTO=2 
[16965.888059] [UFW BLOCK] IN=enp14s0 OUT= MAC=01:00:5e:00:00:01:0a:c5:99:39:0d:bc:08:00 SRC=0.0.0.0 DST=224.0.0.1 LEN=32 TOS=0x00 PREC=0xC0 TTL=1 ID=0 DF PROTO=2 
[17093.890190] [UFW BLOCK] IN=enp14s0 OUT= MAC=01:00:5e:00:00:01:0a:c5:99:39:0d:bc:08:00 SRC=0.0.0.0 DST=224.0.0.1 LEN=32 TOS=0x00 PREC=0xC0 TTL=1 ID=0 DF PROTO=2 
[17221.894681] [UFW BLOCK] IN=enp14s0 OUT= MAC=01:00:5e:00:00:01:0a:c5:99:39:0d:bc:08:00 SRC=0.0.0.0 DST=224.0.0.1 LEN=32 TOS=0x00 PREC=0xC0 TTL=1 ID=0 DF PROTO=2 
[17349.896166] [UFW BLOCK] IN=enp14s0 OUT= MAC=01:00:5e:00:00:01:0a:c5:99:39:0d:bc:08:00 SRC=0.0.0.0 DST=224.0.0.1 LEN=32 TOS=0x00 PREC=0xC0 TTL=1 ID=0 DF PROTO=2 
[17477.899495] [UFW BLOCK] IN=enp14s0 OUT= MAC=01:00:5e:00:00:01:0a:c5:99:39:0d:bc:08:00 SRC=0.0.0.0 DST=224.0.0.1 LEN=32 TOS=0x00 PREC=0xC0 TTL=1 ID=0 DF PROTO=2 
[17605.901814] [UFW BLOCK] IN=enp14s0 OUT= MAC=01:00:5e:00:00:01:0a:c5:99:39:0d:bc:08:00 SRC=0.0.0.0 DST=224.0.0.1 LEN=32 TOS=0x00 PREC=0xC0 TTL=1 ID=0 DF PROTO=2 
[17733.905488] [UFW BLOCK] IN=enp14s0 OUT= MAC=01:00:5e:00:00:01:0a:c5:99:39:0d:bc:08:00 SRC=0.0.0.0 DST=224.0.0.1 LEN=32 TOS=0x00 PREC=0xC0 TTL=1 ID=0 DF PROTO=2 
[17861.909335] [UFW BLOCK] IN=enp14s0 OUT= MAC=01:00:5e:00:00:01:0a:c5:99:39:0d:bc:08:00 SRC=0.0.0.0 DST=224.0.0.1 LEN=32 TOS=0x00 PREC=0xC0 TTL=1 ID=0 DF PROTO=2 
[17989.911676] [UFW BLOCK] IN=enp14s0 OUT= MAC=01:00:5e:00:00:01:0a:c5:99:39:0d:bc:08:00 SRC=0.0.0.0 DST=224.0.0.1 LEN=32 TOS=0x00 PREC=0xC0 TTL=1 ID=0 DF PROTO=2 
[18117.913547] [UFW BLOCK] IN=enp14s0 OUT= MAC=01:00:5e:00:00:01:0a:c5:99:39:0d:bc:08:00 SRC=0.0.0.0 DST=224.0.0.1 LEN=32 TOS=0x00 PREC=0xC0 TTL=1 ID=0 DF PROTO=2 
[18245.916980] [UFW BLOCK] IN=enp14s0 OUT= MAC=01:00:5e:00:00:01:0a:c5:99:39:0d:bc:08:00 SRC=0.0.0.0 DST=224.0.0.1 LEN=32 TOS=0x00 PREC=0xC0 TTL=1 ID=0 DF PROTO=2 
[18373.919117] [UFW BLOCK] IN=enp14s0 OUT= MAC=01:00:5e:00:00:01:0a:c5:99:39:0d:bc:08:00 SRC=0.0.0.0 DST=224.0.0.1 LEN=32 TOS=0x00 PREC=0xC0 TTL=1 ID=0 DF PROTO=2 
[18501.922802] [UFW BLOCK] IN=enp14s0 OUT= MAC=01:00:5e:00:00:01:0a:c5:99:39:0d:bc:08:00 SRC=0.0.0.0 DST=224.0.0.1 LEN=32 TOS=0x00 PREC=0xC0 TTL=1 ID=0 DF PROTO=2 
[18629.936173] [UFW BLOCK] IN=enp14s0 OUT= MAC=01:00:5e:00:00:01:0a:c5:99:39:0d:bc:08:00 SRC=0.0.0.0 DST=224.0.0.1 LEN=32 TOS=0x00 PREC=0xC0 TTL=1 ID=0 DF PROTO=2 
[18757.929112] [UFW BLOCK] IN=enp14s0 OUT= MAC=01:00:5e:00:00:01:0a:c5:99:39:0d:bc:08:00 SRC=0.0.0.0 DST=224.0.0.1 LEN=32 TOS=0x00 PREC=0xC0 TTL=1 ID=0 DF PROTO=2 
[18885.930735] [UFW BLOCK] IN=enp14s0 OUT= MAC=01:00:5e:00:00:01:0a:c5:99:39:0d:bc:08:00 SRC=0.0.0.0 DST=224.0.0.1 LEN=32 TOS=0x00 PREC=0xC0 TTL=1 ID=0 DF PROTO=2 
[19013.934192] [UFW BLOCK] IN=enp14s0 OUT= MAC=01:00:5e:00:00:01:0a:c5:99:39:0d:bc:08:00 SRC=0.0.0.0 DST=224.0.0.1 LEN=32 TOS=0x00 PREC=0xC0 TTL=1 ID=0 DF PROTO=2 
[19141.938327] [UFW BLOCK] IN=enp14s0 OUT= MAC=01:00:5e:00:00:01:0a:c5:99:39:0d:bc:08:00 SRC=0.0.0.0 DST=224.0.0.1 LEN=32 TOS=0x00 PREC=0xC0 TTL=1 ID=0 DF PROTO=2 
[19269.939228] [UFW BLOCK] IN=enp14s0 OUT= MAC=01:00:5e:00:00:01:0a:c5:99:39:0d:bc:08:00 SRC=0.0.0.0 DST=224.0.0.1 LEN=32 TOS=0x00 PREC=0xC0 TTL=1 ID=0 DF PROTO=2 
[19397.948578] [UFW BLOCK] IN=enp14s0 OUT= MAC=01:00:5e:00:00:01:0a:c5:99:39:0d:bc:08:00 SRC=0.0.0.0 DST=224.0.0.1 LEN=32 TOS=0x00 PREC=0xC0 TTL=1 ID=0 DF PROTO=2 
[19525.956326] [UFW BLOCK] IN=enp14s0 OUT= MAC=01:00:5e:00:00:01:0a:c5:99:39:0d:bc:08:00 SRC=0.0.0.0 DST=224.0.0.1 LEN=32 TOS=0x00 PREC=0xC0 TTL=1 ID=0 DF PROTO=2 
[19653.959663] [UFW BLOCK] IN=enp14s0 OUT= MAC=01:00:5e:00:00:01:0a:c5:99:39:0d:bc:08:00 SRC=0.0.0.0 DST=224.0.0.1 LEN=32 TOS=0x00 PREC=0xC0 TTL=1 ID=0 DF PROTO=2 
[19726.216322] [UFW BLOCK] IN=enp14s0 OUT= MAC=01:00:5e:00:00:fb:0a:c5:99:39:0d:bc:08:00 SRC=192.168.50.191 DST=224.0.0.251 LEN=68 TOS=0x00 PREC=0x00 TTL=1 ID=34084 DF PROTO=UDP SPT=48295 DPT=5355 LEN=48 
[19726.722749] [UFW BLOCK] IN=enp14s0 OUT= MAC=01:00:5e:00:00:fb:0a:c5:99:39:0d:bc:08:00 SRC=192.168.50.191 DST=224.0.0.251 LEN=68 TOS=0x00 PREC=0x00 TTL=1 ID=34151 DF PROTO=UDP SPT=48295 DPT=5355 LEN=48 
[19727.216310] [UFW BLOCK] IN=enp14s0 OUT= MAC=01:00:5e:00:00:fb:0a:c5:99:39:0d:bc:08:00 SRC=192.168.50.191 DST=224.0.0.251 LEN=68 TOS=0x00 PREC=0x00 TTL=1 ID=34225 DF PROTO=UDP SPT=48295 DPT=5355 LEN=48 
[19781.953490] [UFW BLOCK] IN=enp14s0 OUT= MAC=01:00:5e:00:00:01:0a:c5:99:39:0d:bc:08:00 SRC=0.0.0.0 DST=224.0.0.1 LEN=32 TOS=0x00 PREC=0xC0 TTL=1 ID=0 DF PROTO=2 
[19909.966666] [UFW BLOCK] IN=enp14s0 OUT= MAC=01:00:5e:00:00:01:0a:c5:99:39:0d:bc:08:00 SRC=0.0.0.0 DST=224.0.0.1 LEN=32 TOS=0x00 PREC=0xC0 TTL=1 ID=0 DF PROTO=2 
[20037.957962] [UFW BLOCK] IN=enp14s0 OUT= MAC=01:00:5e:00:00:01:0a:c5:99:39:0d:bc:08:00 SRC=0.0.0.0 DST=224.0.0.1 LEN=32 TOS=0x00 PREC=0xC0 TTL=1 ID=0 DF PROTO=2 
[20063.017536] audit: type=1400 audit(1777089601.564:181): apparmor="DENIED" operation="open" class="file" profile="snap.firmware-updater.firmware-notifier" name="/proc/sys/vm/max_map_count" pid=180937 comm="firmware-notifi" requested_mask="r" denied_mask="r" fsuid=1000 ouid=0
[20165.960754] [UFW BLOCK] IN=enp14s0 OUT= MAC=01:00:5e:00:00:01:0a:c5:99:39:0d:bc:08:00 SRC=0.0.0.0 DST=224.0.0.1 LEN=32 TOS=0x00 PREC=0xC0 TTL=1 ID=0 DF PROTO=2 
[20293.964997] [UFW BLOCK] IN=enp14s0 OUT= MAC=01:00:5e:00:00:01:0a:c5:99:39:0d:bc:08:00 SRC=0.0.0.0 DST=224.0.0.1 LEN=32 TOS=0x00 PREC=0xC0 TTL=1 ID=0 DF PROTO=2 
[20421.966288] [UFW BLOCK] IN=enp14s0 OUT= MAC=01:00:5e:00:00:01:0a:c5:99:39:0d:bc:08:00 SRC=0.0.0.0 DST=224.0.0.1 LEN=32 TOS=0x00 PREC=0xC0 TTL=1 ID=0 DF PROTO=2 
[20549.969740] [UFW BLOCK] IN=enp14s0 OUT= MAC=01:00:5e:00:00:01:0a:c5:99:39:0d:bc:08:00 SRC=0.0.0.0 DST=224.0.0.1 LEN=32 TOS=0x00 PREC=0xC0 TTL=1 ID=0 DF PROTO=2 
[20677.978563] [UFW BLOCK] IN=enp14s0 OUT= MAC=01:00:5e:00:00:01:0a:c5:99:39:0d:bc:08:00 SRC=0.0.0.0 DST=224.0.0.1 LEN=32 TOS=0x00 PREC=0xC0 TTL=1 ID=0 DF PROTO=2 
[20805.975671] [UFW BLOCK] IN=enp14s0 OUT= MAC=01:00:5e:00:00:01:0a:c5:99:39:0d:bc:08:00 SRC=0.0.0.0 DST=224.0.0.1 LEN=32 TOS=0x00 PREC=0xC0 TTL=1 ID=0 DF PROTO=2 
[20933.979717] [UFW BLOCK] IN=enp14s0 OUT= MAC=01:00:5e:00:00:01:0a:c5:99:39:0d:bc:08:00 SRC=0.0.0.0 DST=224.0.0.1 LEN=32 TOS=0x00 PREC=0xC0 TTL=1 ID=0 DF PROTO=2 
[21061.987377] [UFW BLOCK] IN=enp14s0 OUT= MAC=01:00:5e:00:00:01:0a:c5:99:39:0d:bc:08:00 SRC=0.0.0.0 DST=224.0.0.1 LEN=32 TOS=0x00 PREC=0xC0 TTL=1 ID=0 DF PROTO=2 
[21189.985359] [UFW BLOCK] IN=enp14s0 OUT= MAC=01:00:5e:00:00:01:0a:c5:99:39:0d:bc:08:00 SRC=0.0.0.0 DST=224.0.0.1 LEN=32 TOS=0x00 PREC=0xC0 TTL=1 ID=0 DF PROTO=2 
[21317.987174] [UFW BLOCK] IN=enp14s0 OUT= MAC=01:00:5e:00:00:01:0a:c5:99:39:0d:bc:08:00 SRC=0.0.0.0 DST=224.0.0.1 LEN=32 TOS=0x00 PREC=0xC0 TTL=1 ID=0 DF PROTO=2 
[21446.000927] [UFW BLOCK] IN=enp14s0 OUT= MAC=01:00:5e:00:00:01:0a:c5:99:39:0d:bc:08:00 SRC=0.0.0.0 DST=224.0.0.1 LEN=32 TOS=0x00 PREC=0xC0 TTL=1 ID=0 DF PROTO=2 
[21573.992862] [UFW BLOCK] IN=enp14s0 OUT= MAC=01:00:5e:00:00:01:0a:c5:99:39:0d:bc:08:00 SRC=0.0.0.0 DST=224.0.0.1 LEN=32 TOS=0x00 PREC=0xC0 TTL=1 ID=0 DF PROTO=2 
[21701.995837] [UFW BLOCK] IN=enp14s0 OUT= MAC=01:00:5e:00:00:01:0a:c5:99:39:0d:bc:08:00 SRC=0.0.0.0 DST=224.0.0.1 LEN=32 TOS=0x00 PREC=0xC0 TTL=1 ID=0 DF PROTO=2 
[21830.003487] [UFW BLOCK] IN=enp14s0 OUT= MAC=01:00:5e:00:00:01:0a:c5:99:39:0d:bc:08:00 SRC=0.0.0.0 DST=224.0.0.1 LEN=32 TOS=0x00 PREC=0xC0 TTL=1 ID=0 DF PROTO=2 
[21958.002096] [UFW BLOCK] IN=enp14s0 OUT= MAC=01:00:5e:00:00:01:0a:c5:99:39:0d:bc:08:00 SRC=0.0.0.0 DST=224.0.0.1 LEN=32 TOS=0x00 PREC=0xC0 TTL=1 ID=0 DF PROTO=2 
[22086.004875] [UFW BLOCK] IN=enp14s0 OUT= MAC=01:00:5e:00:00:01:0a:c5:99:39:0d:bc:08:00 SRC=0.0.0.0 DST=224.0.0.1 LEN=32 TOS=0x00 PREC=0xC0 TTL=1 ID=0 DF PROTO=2 
[22214.007362] [UFW BLOCK] IN=enp14s0 OUT= MAC=01:00:5e:00:00:01:0a:c5:99:39:0d:bc:08:00 SRC=0.0.0.0 DST=224.0.0.1 LEN=32 TOS=0x00 PREC=0xC0 TTL=1 ID=0 DF PROTO=2 
[22342.010326] [UFW BLOCK] IN=enp14s0 OUT= MAC=01:00:5e:00:00:01:0a:c5:99:39:0d:bc:08:00 SRC=0.0.0.0 DST=224.0.0.1 LEN=32 TOS=0x00 PREC=0xC0 TTL=1 ID=0 DF PROTO=2 
[22470.012698] [UFW BLOCK] IN=enp14s0 OUT= MAC=01:00:5e:00:00:01:0a:c5:99:39:0d:bc:08:00 SRC=0.0.0.0 DST=224.0.0.1 LEN=32 TOS=0x00 PREC=0xC0 TTL=1 ID=0 DF PROTO=2 
[22598.015890] [UFW BLOCK] IN=enp14s0 OUT= MAC=01:00:5e:00:00:01:0a:c5:99:39:0d:bc:08:00 SRC=0.0.0.0 DST=224.0.0.1 LEN=32 TOS=0x00 PREC=0xC0 TTL=1 ID=0 DF PROTO=2 
[22726.018559] [UFW BLOCK] IN=enp14s0 OUT= MAC=01:00:5e:00:00:01:0a:c5:99:39:0d:bc:08:00 SRC=0.0.0.0 DST=224.0.0.1 LEN=32 TOS=0x00 PREC=0xC0 TTL=1 ID=0 DF PROTO=2 
[22854.022009] [UFW BLOCK] IN=enp14s0 OUT= MAC=01:00:5e:00:00:01:0a:c5:99:39:0d:bc:08:00 SRC=0.0.0.0 DST=224.0.0.1 LEN=32 TOS=0x00 PREC=0xC0 TTL=1 ID=0 DF PROTO=2 
[22982.024625] [UFW BLOCK] IN=enp14s0 OUT= MAC=01:00:5e:00:00:01:0a:c5:99:39:0d:bc:08:00 SRC=0.0.0.0 DST=224.0.0.1 LEN=32 TOS=0x00 PREC=0xC0 TTL=1 ID=0 DF PROTO=2 
[23110.027254] [UFW BLOCK] IN=enp14s0 OUT= MAC=01:00:5e:00:00:01:0a:c5:99:39:0d:bc:08:00 SRC=0.0.0.0 DST=224.0.0.1 LEN=32 TOS=0x00 PREC=0xC0 TTL=1 ID=0 DF PROTO=2 
[23238.029963] [UFW BLOCK] IN=enp14s0 OUT= MAC=01:00:5e:00:00:01:0a:c5:99:39:0d:bc:08:00 SRC=0.0.0.0 DST=224.0.0.1 LEN=32 TOS=0x00 PREC=0xC0 TTL=1 ID=0 DF PROTO=2 
[23366.033249] [UFW BLOCK] IN=enp14s0 OUT= MAC=01:00:5e:00:00:01:0a:c5:99:39:0d:bc:08:00 SRC=0.0.0.0 DST=224.0.0.1 LEN=32 TOS=0x00 PREC=0xC0 TTL=1 ID=0 DF PROTO=2 
[23494.036306] [UFW BLOCK] IN=enp14s0 OUT= MAC=01:00:5e:00:00:01:0a:c5:99:39:0d:bc:08:00 SRC=0.0.0.0 DST=224.0.0.1 LEN=32 TOS=0x00 PREC=0xC0 TTL=1 ID=0 DF PROTO=2 
[23622.041732] [UFW BLOCK] IN=enp14s0 OUT= MAC=01:00:5e:00:00:01:0a:c5:99:39:0d:bc:08:00 SRC=0.0.0.0 DST=224.0.0.1 LEN=32 TOS=0x00 PREC=0xC0 TTL=1 ID=0 DF PROTO=2 
[23750.044408] [UFW BLOCK] IN=enp14s0 OUT= MAC=01:00:5e:00:00:01:0a:c5:99:39:0d:bc:08:00 SRC=0.0.0.0 DST=224.0.0.1 LEN=32 TOS=0x00 PREC=0xC0 TTL=1 ID=0 DF PROTO=2 
[23878.046456] [UFW BLOCK] IN=enp14s0 OUT= MAC=01:00:5e:00:00:01:0a:c5:99:39:0d:bc:08:00 SRC=0.0.0.0 DST=224.0.0.1 LEN=32 TOS=0x00 PREC=0xC0 TTL=1 ID=0 DF PROTO=2 
[24006.048978] [UFW BLOCK] IN=enp14s0 OUT= MAC=01:00:5e:00:00:01:0a:c5:99:39:0d:bc:08:00 SRC=0.0.0.0 DST=224.0.0.1 LEN=32 TOS=0x00 PREC=0xC0 TTL=1 ID=0 DF PROTO=2 
[24134.052605] [UFW BLOCK] IN=enp14s0 OUT= MAC=01:00:5e:00:00:01:0a:c5:99:39:0d:bc:08:00 SRC=0.0.0.0 DST=224.0.0.1 LEN=32 TOS=0x00 PREC=0xC0 TTL=1 ID=0 DF PROTO=2 
[24262.055366] [UFW BLOCK] IN=enp14s0 OUT= MAC=01:00:5e:00:00:01:0a:c5:99:39:0d:bc:08:00 SRC=0.0.0.0 DST=224.0.0.1 LEN=32 TOS=0x00 PREC=0xC0 TTL=1 ID=0 DF PROTO=2 
[24390.058591] [UFW BLOCK] IN=enp14s0 OUT= MAC=01:00:5e:00:00:01:0a:c5:99:39:0d:bc:08:00 SRC=0.0.0.0 DST=224.0.0.1 LEN=32 TOS=0x00 PREC=0xC0 TTL=1 ID=0 DF PROTO=2 
[24518.064586] [UFW BLOCK] IN=enp14s0 OUT= MAC=01:00:5e:00:00:01:0a:c5:99:39:0d:bc:08:00 SRC=0.0.0.0 DST=224.0.0.1 LEN=32 TOS=0x00 PREC=0xC0 TTL=1 ID=0 DF PROTO=2 
[24646.064001] [UFW BLOCK] IN=enp14s0 OUT= MAC=01:00:5e:00:00:01:0a:c5:99:39:0d:bc:08:00 SRC=0.0.0.0 DST=224.0.0.1 LEN=32 TOS=0x00 PREC=0xC0 TTL=1 ID=0 DF PROTO=2 
[24774.066677] [UFW BLOCK] IN=enp14s0 OUT= MAC=01:00:5e:00:00:01:0a:c5:99:39:0d:bc:08:00 SRC=0.0.0.0 DST=224.0.0.1 LEN=32 TOS=0x00 PREC=0xC0 TTL=1 ID=0 DF PROTO=2 
[24902.069454] [UFW BLOCK] IN=enp14s0 OUT= MAC=01:00:5e:00:00:01:0a:c5:99:39:0d:bc:08:00 SRC=0.0.0.0 DST=224.0.0.1 LEN=32 TOS=0x00 PREC=0xC0 TTL=1 ID=0 DF PROTO=2 
[25030.072168] [UFW BLOCK] IN=enp14s0 OUT= MAC=01:00:5e:00:00:01:0a:c5:99:39:0d:bc:08:00 SRC=0.0.0.0 DST=224.0.0.1 LEN=32 TOS=0x00 PREC=0xC0 TTL=1 ID=0 DF PROTO=2 
[25158.087014] [UFW BLOCK] IN=enp14s0 OUT= MAC=01:00:5e:00:00:01:0a:c5:99:39:0d:bc:08:00 SRC=0.0.0.0 DST=224.0.0.1 LEN=32 TOS=0x00 PREC=0xC0 TTL=1 ID=0 DF PROTO=2 
[25286.076695] [UFW BLOCK] IN=enp14s0 OUT= MAC=01:00:5e:00:00:01:0a:c5:99:39:0d:bc:08:00 SRC=0.0.0.0 DST=224.0.0.1 LEN=32 TOS=0x00 PREC=0xC0 TTL=1 ID=0 DF PROTO=2 
[25414.084637] [UFW BLOCK] IN=enp14s0 OUT= MAC=01:00:5e:00:00:01:0a:c5:99:39:0d:bc:08:00 SRC=0.0.0.0 DST=224.0.0.1 LEN=32 TOS=0x00 PREC=0xC0 TTL=1 ID=0 DF PROTO=2 
[25542.083172] [UFW BLOCK] IN=enp14s0 OUT= MAC=01:00:5e:00:00:01:0a:c5:99:39:0d:bc:08:00 SRC=0.0.0.0 DST=224.0.0.1 LEN=32 TOS=0x00 PREC=0xC0 TTL=1 ID=0 DF PROTO=2 
[25670.086227] [UFW BLOCK] IN=enp14s0 OUT= MAC=01:00:5e:00:00:01:0a:c5:99:39:0d:bc:08:00 SRC=0.0.0.0 DST=224.0.0.1 LEN=32 TOS=0x00 PREC=0xC0 TTL=1 ID=0 DF PROTO=2 
[25798.089415] [UFW BLOCK] IN=enp14s0 OUT= MAC=01:00:5e:00:00:01:0a:c5:99:39:0d:bc:08:00 SRC=0.0.0.0 DST=224.0.0.1 LEN=32 TOS=0x00 PREC=0xC0 TTL=1 ID=0 DF PROTO=2 
[25926.093600] [UFW BLOCK] IN=enp14s0 OUT= MAC=01:00:5e:00:00:01:0a:c5:99:39:0d:bc:08:00 SRC=0.0.0.0 DST=224.0.0.1 LEN=32 TOS=0x00 PREC=0xC0 TTL=1 ID=0 DF PROTO=2 
[26054.094354] [UFW BLOCK] IN=enp14s0 OUT= MAC=01:00:5e:00:00:01:0a:c5:99:39:0d:bc:08:00 SRC=0.0.0.0 DST=224.0.0.1 LEN=32 TOS=0x00 PREC=0xC0 TTL=1 ID=0 DF PROTO=2 
[26182.099511] [UFW BLOCK] IN=enp14s0 OUT= MAC=01:00:5e:00:00:01:0a:c5:99:39:0d:bc:08:00 SRC=0.0.0.0 DST=224.0.0.1 LEN=32 TOS=0x00 PREC=0xC0 TTL=1 ID=0 DF PROTO=2 
[26310.102162] [UFW BLOCK] IN=enp14s0 OUT= MAC=01:00:5e:00:00:01:0a:c5:99:39:0d:bc:08:00 SRC=0.0.0.0 DST=224.0.0.1 LEN=32 TOS=0x00 PREC=0xC0 TTL=1 ID=0 DF PROTO=2 
[26438.104609] [UFW BLOCK] IN=enp14s0 OUT= MAC=01:00:5e:00:00:01:0a:c5:99:39:0d:bc:08:00 SRC=0.0.0.0 DST=224.0.0.1 LEN=32 TOS=0x00 PREC=0xC0 TTL=1 ID=0 DF PROTO=2 
[26566.108447] [UFW BLOCK] IN=enp14s0 OUT= MAC=01:00:5e:00:00:01:0a:c5:99:39:0d:bc:08:00 SRC=0.0.0.0 DST=224.0.0.1 LEN=32 TOS=0x00 PREC=0xC0 TTL=1 ID=0 DF PROTO=2 
[26694.110660] [UFW BLOCK] IN=enp14s0 OUT= MAC=01:00:5e:00:00:01:0a:c5:99:39:0d:bc:08:00 SRC=0.0.0.0 DST=224.0.0.1 LEN=32 TOS=0x00 PREC=0xC0 TTL=1 ID=0 DF PROTO=2 
[26822.113674] [UFW BLOCK] IN=enp14s0 OUT= MAC=01:00:5e:00:00:01:0a:c5:99:39:0d:bc:08:00 SRC=0.0.0.0 DST=224.0.0.1 LEN=32 TOS=0x00 PREC=0xC0 TTL=1 ID=0 DF PROTO=2 
[26950.116626] [UFW BLOCK] IN=enp14s0 OUT= MAC=01:00:5e:00:00:01:0a:c5:99:39:0d:bc:08:00 SRC=0.0.0.0 DST=224.0.0.1 LEN=32 TOS=0x00 PREC=0xC0 TTL=1 ID=0 DF PROTO=2 
[27078.119031] [UFW BLOCK] IN=enp14s0 OUT= MAC=01:00:5e:00:00:01:0a:c5:99:39:0d:bc:08:00 SRC=0.0.0.0 DST=224.0.0.1 LEN=32 TOS=0x00 PREC=0xC0 TTL=1 ID=0 DF PROTO=2 
[27206.121293] [UFW BLOCK] IN=enp14s0 OUT= MAC=01:00:5e:00:00:01:0a:c5:99:39:0d:bc:08:00 SRC=0.0.0.0 DST=224.0.0.1 LEN=32 TOS=0x00 PREC=0xC0 TTL=1 ID=0 DF PROTO=2 
[27334.133686] [UFW BLOCK] IN=enp14s0 OUT= MAC=01:00:5e:00:00:01:0a:c5:99:39:0d:bc:08:00 SRC=0.0.0.0 DST=224.0.0.1 LEN=32 TOS=0x00 PREC=0xC0 TTL=1 ID=0 DF PROTO=2 
[27462.127082] [UFW BLOCK] IN=enp14s0 OUT= MAC=01:00:5e:00:00:01:0a:c5:99:39:0d:bc:08:00 SRC=0.0.0.0 DST=224.0.0.1 LEN=32 TOS=0x00 PREC=0xC0 TTL=1 ID=0 DF PROTO=2 
[27590.130033] [UFW BLOCK] IN=enp14s0 OUT= MAC=01:00:5e:00:00:01:0a:c5:99:39:0d:bc:08:00 SRC=0.0.0.0 DST=224.0.0.1 LEN=32 TOS=0x00 PREC=0xC0 TTL=1 ID=0 DF PROTO=2 
[27718.132988] [UFW BLOCK] IN=enp14s0 OUT= MAC=01:00:5e:00:00:01:0a:c5:99:39:0d:bc:08:00 SRC=0.0.0.0 DST=224.0.0.1 LEN=32 TOS=0x00 PREC=0xC0 TTL=1 ID=0 DF PROTO=2 
[27846.135678] [UFW BLOCK] IN=enp14s0 OUT= MAC=01:00:5e:00:00:01:0a:c5:99:39:0d:bc:08:00 SRC=0.0.0.0 DST=224.0.0.1 LEN=32 TOS=0x00 PREC=0xC0 TTL=1 ID=0 DF PROTO=2 
[27974.138747] [UFW BLOCK] IN=enp14s0 OUT= MAC=01:00:5e:00:00:01:0a:c5:99:39:0d:bc:08:00 SRC=0.0.0.0 DST=224.0.0.1 LEN=32 TOS=0x00 PREC=0xC0 TTL=1 ID=0 DF PROTO=2 
[28102.140935] [UFW BLOCK] IN=enp14s0 OUT= MAC=01:00:5e:00:00:01:0a:c5:99:39:0d:bc:08:00 SRC=0.0.0.0 DST=224.0.0.1 LEN=32 TOS=0x00 PREC=0xC0 TTL=1 ID=0 DF PROTO=2 
[28230.145743] [UFW BLOCK] IN=enp14s0 OUT= MAC=01:00:5e:00:00:01:0a:c5:99:39:0d:bc:08:00 SRC=0.0.0.0 DST=224.0.0.1 LEN=32 TOS=0x00 PREC=0xC0 TTL=1 ID=0 DF PROTO=2 
[28358.147330] [UFW BLOCK] IN=enp14s0 OUT= MAC=01:00:5e:00:00:01:0a:c5:99:39:0d:bc:08:00 SRC=0.0.0.0 DST=224.0.0.1 LEN=32 TOS=0x00 PREC=0xC0 TTL=1 ID=0 DF PROTO=2 
[28486.150329] [UFW BLOCK] IN=enp14s0 OUT= MAC=01:00:5e:00:00:01:0a:c5:99:39:0d:bc:08:00 SRC=0.0.0.0 DST=224.0.0.1 LEN=32 TOS=0x00 PREC=0xC0 TTL=1 ID=0 DF PROTO=2 
[28614.152517] [UFW BLOCK] IN=enp14s0 OUT= MAC=01:00:5e:00:00:01:0a:c5:99:39:0d:bc:08:00 SRC=0.0.0.0 DST=224.0.0.1 LEN=32 TOS=0x00 PREC=0xC0 TTL=1 ID=0 DF PROTO=2 
[28742.155892] [UFW BLOCK] IN=enp14s0 OUT= MAC=01:00:5e:00:00:01:0a:c5:99:39:0d:bc:08:00 SRC=0.0.0.0 DST=224.0.0.1 LEN=32 TOS=0x00 PREC=0xC0 TTL=1 ID=0 DF PROTO=2 
[28870.159046] [UFW BLOCK] IN=enp14s0 OUT= MAC=01:00:5e:00:00:01:0a:c5:99:39:0d:bc:08:00 SRC=0.0.0.0 DST=224.0.0.1 LEN=32 TOS=0x00 PREC=0xC0 TTL=1 ID=0 DF PROTO=2 
[28998.163172] [UFW BLOCK] IN=enp14s0 OUT= MAC=01:00:5e:00:00:01:0a:c5:99:39:0d:bc:08:00 SRC=0.0.0.0 DST=224.0.0.1 LEN=32 TOS=0x00 PREC=0xC0 TTL=1 ID=0 DF PROTO=2 
[29126.164788] [UFW BLOCK] IN=enp14s0 OUT= MAC=01:00:5e:00:00:01:0a:c5:99:39:0d:bc:08:00 SRC=0.0.0.0 DST=224.0.0.1 LEN=32 TOS=0x00 PREC=0xC0 TTL=1 ID=0 DF PROTO=2 
[29254.168624] [UFW BLOCK] IN=enp14s0 OUT= MAC=01:00:5e:00:00:01:0a:c5:99:39:0d:bc:08:00 SRC=0.0.0.0 DST=224.0.0.1 LEN=32 TOS=0x00 PREC=0xC0 TTL=1 ID=0 DF PROTO=2 
[29382.171055] [UFW BLOCK] IN=enp14s0 OUT= MAC=01:00:5e:00:00:01:0a:c5:99:39:0d:bc:08:00 SRC=0.0.0.0 DST=224.0.0.1 LEN=32 TOS=0x00 PREC=0xC0 TTL=1 ID=0 DF PROTO=2 
[29510.174412] [UFW BLOCK] IN=enp14s0 OUT= MAC=01:00:5e:00:00:01:0a:c5:99:39:0d:bc:08:00 SRC=0.0.0.0 DST=224.0.0.1 LEN=32 TOS=0x00 PREC=0xC0 TTL=1 ID=0 DF PROTO=2 
[29638.176284] [UFW BLOCK] IN=enp14s0 OUT= MAC=01:00:5e:00:00:01:0a:c5:99:39:0d:bc:08:00 SRC=0.0.0.0 DST=224.0.0.1 LEN=32 TOS=0x00 PREC=0xC0 TTL=1 ID=0 DF PROTO=2 
[29766.180240] [UFW BLOCK] IN=enp14s0 OUT= MAC=01:00:5e:00:00:01:0a:c5:99:39:0d:bc:08:00 SRC=0.0.0.0 DST=224.0.0.1 LEN=32 TOS=0x00 PREC=0xC0 TTL=1 ID=0 DF PROTO=2 
[29894.182820] [UFW BLOCK] IN=enp14s0 OUT= MAC=01:00:5e:00:00:01:0a:c5:99:39:0d:bc:08:00 SRC=0.0.0.0 DST=224.0.0.1 LEN=32 TOS=0x00 PREC=0xC0 TTL=1 ID=0 DF PROTO=2 
[30022.185371] [UFW BLOCK] IN=enp14s0 OUT= MAC=01:00:5e:00:00:01:0a:c5:99:39:0d:bc:08:00 SRC=0.0.0.0 DST=224.0.0.1 LEN=32 TOS=0x00 PREC=0xC0 TTL=1 ID=0 DF PROTO=2 
[30150.188597] [UFW BLOCK] IN=enp14s0 OUT= MAC=01:00:5e:00:00:01:0a:c5:99:39:0d:bc:08:00 SRC=0.0.0.0 DST=224.0.0.1 LEN=32 TOS=0x00 PREC=0xC0 TTL=1 ID=0 DF PROTO=2 
[30278.191250] [UFW BLOCK] IN=enp14s0 OUT= MAC=01:00:5e:00:00:01:0a:c5:99:39:0d:bc:08:00 SRC=0.0.0.0 DST=224.0.0.1 LEN=32 TOS=0x00 PREC=0xC0 TTL=1 ID=0 DF PROTO=2 
[30406.194526] [UFW BLOCK] IN=enp14s0 OUT= MAC=01:00:5e:00:00:01:0a:c5:99:39:0d:bc:08:00 SRC=0.0.0.0 DST=224.0.0.1 LEN=32 TOS=0x00 PREC=0xC0 TTL=1 ID=0 DF PROTO=2 
[30534.197361] [UFW BLOCK] IN=enp14s0 OUT= MAC=01:00:5e:00:00:01:0a:c5:99:39:0d:bc:08:00 SRC=0.0.0.0 DST=224.0.0.1 LEN=32 TOS=0x00 PREC=0xC0 TTL=1 ID=0 DF PROTO=2 
[30662.199934] [UFW BLOCK] IN=enp14s0 OUT= MAC=01:00:5e:00:00:01:0a:c5:99:39:0d:bc:08:00 SRC=0.0.0.0 DST=224.0.0.1 LEN=32 TOS=0x00 PREC=0xC0 TTL=1 ID=0 DF PROTO=2 
[30790.203224] [UFW BLOCK] IN=enp14s0 OUT= MAC=01:00:5e:00:00:01:0a:c5:99:39:0d:bc:08:00 SRC=0.0.0.0 DST=224.0.0.1 LEN=32 TOS=0x00 PREC=0xC0 TTL=1 ID=0 DF PROTO=2 
[30863.194762] audit: type=1400 audit(1777100401.575:182): apparmor="DENIED" operation="open" class="file" profile="snap.firmware-updater.firmware-notifier" name="/proc/sys/vm/max_map_count" pid=245179 comm="firmware-notifi" requested_mask="r" denied_mask="r" fsuid=1000 ouid=0
[30918.205617] [UFW BLOCK] IN=enp14s0 OUT= MAC=01:00:5e:00:00:01:0a:c5:99:39:0d:bc:08:00 SRC=0.0.0.0 DST=224.0.0.1 LEN=32 TOS=0x00 PREC=0xC0 TTL=1 ID=0 DF PROTO=2 
[31046.209498] [UFW BLOCK] IN=enp14s0 OUT= MAC=01:00:5e:00:00:01:0a:c5:99:39:0d:bc:08:00 SRC=0.0.0.0 DST=224.0.0.1 LEN=32 TOS=0x00 PREC=0xC0 TTL=1 ID=0 DF PROTO=2 
[31174.211351] [UFW BLOCK] IN=enp14s0 OUT= MAC=01:00:5e:00:00:01:0a:c5:99:39:0d:bc:08:00 SRC=0.0.0.0 DST=224.0.0.1 LEN=32 TOS=0x00 PREC=0xC0 TTL=1 ID=0 DF PROTO=2 
[31302.215346] [UFW BLOCK] IN=enp14s0 OUT= MAC=01:00:5e:00:00:01:0a:c5:99:39:0d:bc:08:00 SRC=0.0.0.0 DST=224.0.0.1 LEN=32 TOS=0x00 PREC=0xC0 TTL=1 ID=0 DF PROTO=2 
[31430.217065] [UFW BLOCK] IN=enp14s0 OUT= MAC=01:00:5e:00:00:01:0a:c5:99:39:0d:bc:08:00 SRC=0.0.0.0 DST=224.0.0.1 LEN=32 TOS=0x00 PREC=0xC0 TTL=1 ID=0 DF PROTO=2 
[31558.220175] [UFW BLOCK] IN=enp14s0 OUT= MAC=01:00:5e:00:00:01:0a:c5:99:39:0d:bc:08:00 SRC=0.0.0.0 DST=224.0.0.1 LEN=32 TOS=0x00 PREC=0xC0 TTL=1 ID=0 DF PROTO=2 
[31686.223227] [UFW BLOCK] IN=enp14s0 OUT= MAC=01:00:5e:00:00:01:0a:c5:99:39:0d:bc:08:00 SRC=0.0.0.0 DST=224.0.0.1 LEN=32 TOS=0x00 PREC=0xC0 TTL=1 ID=0 DF PROTO=2 
[31814.225654] [UFW BLOCK] IN=enp14s0 OUT= MAC=01:00:5e:00:00:01:0a:c5:99:39:0d:bc:08:00 SRC=0.0.0.0 DST=224.0.0.1 LEN=32 TOS=0x00 PREC=0xC0 TTL=1 ID=0 DF PROTO=2 
[31942.230148] [UFW BLOCK] IN=enp14s0 OUT= MAC=01:00:5e:00:00:01:0a:c5:99:39:0d:bc:08:00 SRC=0.0.0.0 DST=224.0.0.1 LEN=32 TOS=0x00 PREC=0xC0 TTL=1 ID=0 DF PROTO=2 
[32070.232057] [UFW BLOCK] IN=enp14s0 OUT= MAC=01:00:5e:00:00:01:0a:c5:99:39:0d:bc:08:00 SRC=0.0.0.0 DST=224.0.0.1 LEN=32 TOS=0x00 PREC=0xC0 TTL=1 ID=0 DF PROTO=2 
[32198.234726] [UFW BLOCK] IN=enp14s0 OUT= MAC=01:00:5e:00:00:01:0a:c5:99:39:0d:bc:08:00 SRC=0.0.0.0 DST=224.0.0.1 LEN=32 TOS=0x00 PREC=0xC0 TTL=1 ID=0 DF PROTO=2 
[32326.237911] [UFW BLOCK] IN=enp14s0 OUT= MAC=01:00:5e:00:00:01:0a:c5:99:39:0d:bc:08:00 SRC=0.0.0.0 DST=224.0.0.1 LEN=32 TOS=0x00 PREC=0xC0 TTL=1 ID=0 DF PROTO=2 
[32454.241828] [UFW BLOCK] IN=enp14s0 OUT= MAC=01:00:5e:00:00:01:0a:c5:99:39:0d:bc:08:00 SRC=0.0.0.0 DST=224.0.0.1 LEN=32 TOS=0x00 PREC=0xC0 TTL=1 ID=0 DF PROTO=2 
[32582.245146] [UFW BLOCK] IN=enp14s0 OUT= MAC=01:00:5e:00:00:01:0a:c5:99:39:0d:bc:08:00 SRC=0.0.0.0 DST=224.0.0.1 LEN=32 TOS=0x00 PREC=0xC0 TTL=1 ID=0 DF PROTO=2 
[32710.246271] [UFW BLOCK] IN=enp14s0 OUT= MAC=01:00:5e:00:00:01:0a:c5:99:39:0d:bc:08:00 SRC=0.0.0.0 DST=224.0.0.1 LEN=32 TOS=0x00 PREC=0xC0 TTL=1 ID=0 DF PROTO=2 
[32838.249311] [UFW BLOCK] IN=enp14s0 OUT= MAC=01:00:5e:00:00:01:0a:c5:99:39:0d:bc:08:00 SRC=0.0.0.0 DST=224.0.0.1 LEN=32 TOS=0x00 PREC=0xC0 TTL=1 ID=0 DF PROTO=2 
[32966.253012] [UFW BLOCK] IN=enp14s0 OUT= MAC=01:00:5e:00:00:01:0a:c5:99:39:0d:bc:08:00 SRC=0.0.0.0 DST=224.0.0.1 LEN=32 TOS=0x00 PREC=0xC0 TTL=1 ID=0 DF PROTO=2 
[33094.256281] [UFW BLOCK] IN=enp14s0 OUT= MAC=01:00:5e:00:00:01:0a:c5:99:39:0d:bc:08:00 SRC=0.0.0.0 DST=224.0.0.1 LEN=32 TOS=0x00 PREC=0xC0 TTL=1 ID=0 DF PROTO=2 
[33222.258733] [UFW BLOCK] IN=enp14s0 OUT= MAC=01:00:5e:00:00:01:0a:c5:99:39:0d:bc:08:00 SRC=0.0.0.0 DST=224.0.0.1 LEN=32 TOS=0x00 PREC=0xC0 TTL=1 ID=0 DF PROTO=2 
[33350.261495] [UFW BLOCK] IN=enp14s0 OUT= MAC=01:00:5e:00:00:01:0a:c5:99:39:0d:bc:08:00 SRC=0.0.0.0 DST=224.0.0.1 LEN=32 TOS=0x00 PREC=0xC0 TTL=1 ID=0 DF PROTO=2 
[33478.264609] [UFW BLOCK] IN=enp14s0 OUT= MAC=01:00:5e:00:00:01:0a:c5:99:39:0d:bc:08:00 SRC=0.0.0.0 DST=224.0.0.1 LEN=32 TOS=0x00 PREC=0xC0 TTL=1 ID=0 DF PROTO=2 
[33606.266941] [UFW BLOCK] IN=enp14s0 OUT= MAC=01:00:5e:00:00:01:0a:c5:99:39:0d:bc:08:00 SRC=0.0.0.0 DST=224.0.0.1 LEN=32 TOS=0x00 PREC=0xC0 TTL=1 ID=0 DF PROTO=2 
[33633.015881] [UFW BLOCK] IN=enp14s0 OUT= MAC=01:00:5e:00:00:fb:fe:52:ae:54:bd:d4:08:00 SRC=192.168.50.191 DST=224.0.0.251 LEN=68 TOS=0x00 PREC=0x00 TTL=1 ID=57911 DF PROTO=UDP SPT=37117 DPT=5355 LEN=48 
[33633.516843] [UFW BLOCK] IN=enp14s0 OUT= MAC=01:00:5e:00:00:fb:fe:52:ae:54:bd:d4:08:00 SRC=192.168.50.191 DST=224.0.0.251 LEN=68 TOS=0x00 PREC=0x00 TTL=1 ID=58007 DF PROTO=UDP SPT=37117 DPT=5355 LEN=48 
[33634.030743] [UFW BLOCK] IN=enp14s0 OUT= MAC=01:00:5e:00:00:fb:fe:52:ae:54:bd:d4:08:00 SRC=192.168.50.191 DST=224.0.0.251 LEN=68 TOS=0x00 PREC=0x00 TTL=1 ID=58071 DF PROTO=UDP SPT=37117 DPT=5355 LEN=48 
[33634.545360] [UFW BLOCK] IN=enp14s0 OUT= MAC=01:00:5e:00:00:fb:fe:52:ae:54:bd:d4:08:00 SRC=192.168.50.191 DST=224.0.0.251 LEN=68 TOS=0x00 PREC=0x00 TTL=1 ID=58189 DF PROTO=UDP SPT=37117 DPT=5355 LEN=48 
[33635.033518] [UFW BLOCK] IN=enp14s0 OUT= MAC=01:00:5e:00:00:fb:fe:52:ae:54:bd:d4:08:00 SRC=192.168.50.191 DST=224.0.0.251 LEN=68 TOS=0x00 PREC=0x00 TTL=1 ID=58236 DF PROTO=UDP SPT=37117 DPT=5355 LEN=48 
[33636.037567] [UFW BLOCK] IN=enp14s0 OUT= MAC=01:00:5e:00:00:fb:fe:52:ae:54:bd:d4:08:00 SRC=192.168.50.191 DST=224.0.0.251 LEN=68 TOS=0x00 PREC=0x00 TTL=1 ID=58432 DF PROTO=UDP SPT=37117 DPT=5355 LEN=48 
[33637.034245] [UFW BLOCK] IN=enp14s0 OUT= MAC=01:00:5e:00:00:fb:fe:52:ae:54:bd:d4:08:00 SRC=192.168.50.191 DST=224.0.0.251 LEN=68 TOS=0x00 PREC=0x00 TTL=1 ID=58640 DF PROTO=UDP SPT=37117 DPT=5355 LEN=48 
[33638.039482] [UFW BLOCK] IN=enp14s0 OUT= MAC=01:00:5e:00:00:fb:fe:52:ae:54:bd:d4:08:00 SRC=192.168.50.191 DST=224.0.0.251 LEN=68 TOS=0x00 PREC=0x00 TTL=1 ID=58811 DF PROTO=UDP SPT=37117 DPT=5355 LEN=48 
[33639.038622] [UFW BLOCK] IN=enp14s0 OUT= MAC=01:00:5e:00:00:fb:fe:52:ae:54:bd:d4:08:00 SRC=192.168.50.191 DST=224.0.0.251 LEN=68 TOS=0x00 PREC=0x00 TTL=1 ID=58964 DF PROTO=UDP SPT=37117 DPT=5355 LEN=48 
[33640.027484] [UFW BLOCK] IN=enp14s0 OUT= MAC=01:00:5e:00:00:fb:fe:52:ae:54:bd:d4:08:00 SRC=192.168.50.191 DST=224.0.0.251 LEN=68 TOS=0x00 PREC=0x00 TTL=1 ID=59050 DF PROTO=UDP SPT=37117 DPT=5355 LEN=48 
[33654.052179] [UFW BLOCK] IN=enp14s0 OUT= MAC=01:00:5e:00:00:fb:fe:52:ae:54:bd:d4:08:00 SRC=192.168.50.191 DST=224.0.0.251 LEN=68 TOS=0x00 PREC=0x00 TTL=1 ID=60720 DF PROTO=UDP SPT=37117 DPT=5355 LEN=48 
[33678.071052] [UFW BLOCK] IN=enp14s0 OUT= MAC=01:00:5e:00:00:fb:fe:52:ae:54:bd:d4:08:00 SRC=192.168.50.191 DST=224.0.0.251 LEN=68 TOS=0x00 PREC=0x00 TTL=1 ID=63367 DF PROTO=UDP SPT=37117 DPT=5355 LEN=48 
[33694.066789] [UFW BLOCK] IN=enp14s0 OUT= MAC=01:00:5e:00:00:fb:fe:52:ae:54:bd:d4:08:00 SRC=192.168.50.191 DST=224.0.0.251 LEN=68 TOS=0x00 PREC=0x00 TTL=1 ID=1501 DF PROTO=UDP SPT=37117 DPT=5355 LEN=48 
[33726.104968] [UFW BLOCK] IN=enp14s0 OUT= MAC=01:00:5e:00:00:fb:fe:52:ae:54:bd:d4:08:00 SRC=192.168.50.191 DST=224.0.0.251 LEN=68 TOS=0x00 PREC=0x00 TTL=1 ID=6159 DF PROTO=UDP SPT=37117 DPT=5355 LEN=48 
[33734.270214] [UFW BLOCK] IN=enp14s0 OUT= MAC=01:00:5e:00:00:01:0a:c5:99:39:0d:bc:08:00 SRC=0.0.0.0 DST=224.0.0.1 LEN=32 TOS=0x00 PREC=0xC0 TTL=1 ID=0 DF PROTO=2 
[33862.274439] [UFW BLOCK] IN=enp14s0 OUT= MAC=01:00:5e:00:00:01:0a:c5:99:39:0d:bc:08:00 SRC=0.0.0.0 DST=224.0.0.1 LEN=32 TOS=0x00 PREC=0xC0 TTL=1 ID=0 DF PROTO=2 
[33990.275859] [UFW BLOCK] IN=enp14s0 OUT= MAC=01:00:5e:00:00:01:0a:c5:99:39:0d:bc:08:00 SRC=0.0.0.0 DST=224.0.0.1 LEN=32 TOS=0x00 PREC=0xC0 TTL=1 ID=0 DF PROTO=2 
[34118.278588] [UFW BLOCK] IN=enp14s0 OUT= MAC=01:00:5e:00:00:01:0a:c5:99:39:0d:bc:08:00 SRC=0.0.0.0 DST=224.0.0.1 LEN=32 TOS=0x00 PREC=0xC0 TTL=1 ID=0 DF PROTO=2 
[34246.282476] [UFW BLOCK] IN=enp14s0 OUT= MAC=01:00:5e:00:00:01:0a:c5:99:39:0d:bc:08:00 SRC=0.0.0.0 DST=224.0.0.1 LEN=32 TOS=0x00 PREC=0xC0 TTL=1 ID=0 DF PROTO=2 
[34374.284409] [UFW BLOCK] IN=enp14s0 OUT= MAC=01:00:5e:00:00:01:0a:c5:99:39:0d:bc:08:00 SRC=0.0.0.0 DST=224.0.0.1 LEN=32 TOS=0x00 PREC=0xC0 TTL=1 ID=0 DF PROTO=2 
[34502.287324] [UFW BLOCK] IN=enp14s0 OUT= MAC=01:00:5e:00:00:01:0a:c5:99:39:0d:bc:08:00 SRC=0.0.0.0 DST=224.0.0.1 LEN=32 TOS=0x00 PREC=0xC0 TTL=1 ID=0 DF PROTO=2 
[34630.290769] [UFW BLOCK] IN=enp14s0 OUT= MAC=01:00:5e:00:00:01:0a:c5:99:39:0d:bc:08:00 SRC=0.0.0.0 DST=224.0.0.1 LEN=32 TOS=0x00 PREC=0xC0 TTL=1 ID=0 DF PROTO=2 
[34758.293586] [UFW BLOCK] IN=enp14s0 OUT= MAC=01:00:5e:00:00:01:0a:c5:99:39:0d:bc:08:00 SRC=0.0.0.0 DST=224.0.0.1 LEN=32 TOS=0x00 PREC=0xC0 TTL=1 ID=0 DF PROTO=2 
[34886.296677] [UFW BLOCK] IN=enp14s0 OUT= MAC=01:00:5e:00:00:01:0a:c5:99:39:0d:bc:08:00 SRC=0.0.0.0 DST=224.0.0.1 LEN=32 TOS=0x00 PREC=0xC0 TTL=1 ID=0 DF PROTO=2 
[35014.300364] [UFW BLOCK] IN=enp14s0 OUT= MAC=01:00:5e:00:00:01:0a:c5:99:39:0d:bc:08:00 SRC=0.0.0.0 DST=224.0.0.1 LEN=32 TOS=0x00 PREC=0xC0 TTL=1 ID=0 DF PROTO=2 
[35142.304024] [UFW BLOCK] IN=enp14s0 OUT= MAC=01:00:5e:00:00:01:0a:c5:99:39:0d:bc:08:00 SRC=0.0.0.0 DST=224.0.0.1 LEN=32 TOS=0x00 PREC=0xC0 TTL=1 ID=0 DF PROTO=2 
[35270.316872] [UFW BLOCK] IN=enp14s0 OUT= MAC=01:00:5e:00:00:01:0a:c5:99:39:0d:bc:08:00 SRC=0.0.0.0 DST=224.0.0.1 LEN=32 TOS=0x00 PREC=0xC0 TTL=1 ID=0 DF PROTO=2 
[35398.311216] [UFW BLOCK] IN=enp14s0 OUT= MAC=01:00:5e:00:00:01:0a:c5:99:39:0d:bc:08:00 SRC=0.0.0.0 DST=224.0.0.1 LEN=32 TOS=0x00 PREC=0xC0 TTL=1 ID=0 DF PROTO=2 
[35526.313800] [UFW BLOCK] IN=enp14s0 OUT= MAC=01:00:5e:00:00:01:0a:c5:99:39:0d:bc:08:00 SRC=0.0.0.0 DST=224.0.0.1 LEN=32 TOS=0x00 PREC=0xC0 TTL=1 ID=0 DF PROTO=2 
[35654.314656] [UFW BLOCK] IN=enp14s0 OUT= MAC=01:00:5e:00:00:01:0a:c5:99:39:0d:bc:08:00 SRC=0.0.0.0 DST=224.0.0.1 LEN=32 TOS=0x00 PREC=0xC0 TTL=1 ID=0 DF PROTO=2 
[35782.319143] [UFW BLOCK] IN=enp14s0 OUT= MAC=01:00:5e:00:00:01:0a:c5:99:39:0d:bc:08:00 SRC=0.0.0.0 DST=224.0.0.1 LEN=32 TOS=0x00 PREC=0xC0 TTL=1 ID=0 DF PROTO=2 
[35910.319852] [UFW BLOCK] IN=enp14s0 OUT= MAC=01:00:5e:00:00:01:0a:c5:99:39:0d:bc:08:00 SRC=0.0.0.0 DST=224.0.0.1 LEN=32 TOS=0x00 PREC=0xC0 TTL=1 ID=0 DF PROTO=2 
[36038.324439] [UFW BLOCK] IN=enp14s0 OUT= MAC=01:00:5e:00:00:01:0a:c5:99:39:0d:bc:08:00 SRC=0.0.0.0 DST=224.0.0.1 LEN=32 TOS=0x00 PREC=0xC0 TTL=1 ID=0 DF PROTO=2 
[36166.327102] [UFW BLOCK] IN=enp14s0 OUT= MAC=01:00:5e:00:00:01:0a:c5:99:39:0d:bc:08:00 SRC=0.0.0.0 DST=224.0.0.1 LEN=32 TOS=0x00 PREC=0xC0 TTL=1 ID=0 DF PROTO=2 
[36294.329699] [UFW BLOCK] IN=enp14s0 OUT= MAC=01:00:5e:00:00:01:0a:c5:99:39:0d:bc:08:00 SRC=0.0.0.0 DST=224.0.0.1 LEN=32 TOS=0x00 PREC=0xC0 TTL=1 ID=0 DF PROTO=2 
[36422.330630] [UFW BLOCK] IN=enp14s0 OUT= MAC=01:00:5e:00:00:01:0a:c5:99:39:0d:bc:08:00 SRC=0.0.0.0 DST=224.0.0.1 LEN=32 TOS=0x00 PREC=0xC0 TTL=1 ID=0 DF PROTO=2 
[36550.335194] [UFW BLOCK] IN=enp14s0 OUT= MAC=01:00:5e:00:00:01:0a:c5:99:39:0d:bc:08:00 SRC=0.0.0.0 DST=224.0.0.1 LEN=32 TOS=0x00 PREC=0xC0 TTL=1 ID=0 DF PROTO=2 
[36678.338088] [UFW BLOCK] IN=enp14s0 OUT= MAC=01:00:5e:00:00:01:0a:c5:99:39:0d:bc:08:00 SRC=0.0.0.0 DST=224.0.0.1 LEN=32 TOS=0x00 PREC=0xC0 TTL=1 ID=0 DF PROTO=2 
[36806.341602] [UFW BLOCK] IN=enp14s0 OUT= MAC=01:00:5e:00:00:01:0a:c5:99:39:0d:bc:08:00 SRC=0.0.0.0 DST=224.0.0.1 LEN=32 TOS=0x00 PREC=0xC0 TTL=1 ID=0 DF PROTO=2 
[36934.344355] [UFW BLOCK] IN=enp14s0 OUT= MAC=01:00:5e:00:00:01:0a:c5:99:39:0d:bc:08:00 SRC=0.0.0.0 DST=224.0.0.1 LEN=32 TOS=0x00 PREC=0xC0 TTL=1 ID=0 DF PROTO=2 
[37062.345916] [UFW BLOCK] IN=enp14s0 OUT= MAC=01:00:5e:00:00:01:0a:c5:99:39:0d:bc:08:00 SRC=0.0.0.0 DST=224.0.0.1 LEN=32 TOS=0x00 PREC=0xC0 TTL=1 ID=0 DF PROTO=2 
[37190.349218] [UFW BLOCK] IN=enp14s0 OUT= MAC=01:00:5e:00:00:01:0a:c5:99:39:0d:bc:08:00 SRC=0.0.0.0 DST=224.0.0.1 LEN=32 TOS=0x00 PREC=0xC0 TTL=1 ID=0 DF PROTO=2 
[37318.353509] [UFW BLOCK] IN=enp14s0 OUT= MAC=01:00:5e:00:00:01:0a:c5:99:39:0d:bc:08:00 SRC=0.0.0.0 DST=224.0.0.1 LEN=32 TOS=0x00 PREC=0xC0 TTL=1 ID=0 DF PROTO=2 
[37382.231382] usb 1-2: new full-speed USB device number 8 using xhci_hcd
[37382.601209] usb 1-2: New USB device found, idVendor=0b05, idProduct=1b3f, bcdDevice= 4.12
[37382.601215] usb 1-2: New USB device strings: Mfr=1, Product=2, SerialNumber=3
[37382.601216] usb 1-2: Product: ROG AZOTH EXTREME
[37382.601217] usb 1-2: Manufacturer: ASUSTeK
[37382.601218] usb 1-2: SerialNumber: T4MPGDD00TJJ
[37382.651352] input: ASUSTeK ROG AZOTH EXTREME as /devices/pci0000:00/0000:00:02.1/0000:05:00.0/0000:06:08.0/0000:08:00.0/0000:09:0c.0/0000:10:00.0/usb1/1-2/1-2:1.0/0003:0B05:1B3F.0015/input/input28
[37382.737699] hid-generic 0003:0B05:1B3F.0015: input,hidraw0: USB HID v1.11 Keyboard [ASUSTeK ROG AZOTH EXTREME] on usb-0000:10:00.0-2/input0
[37382.744456] hid-generic 0003:0B05:1B3F.0016: hiddev0,hidraw1: USB HID v1.11 Device [ASUSTeK ROG AZOTH EXTREME] on usb-0000:10:00.0-2/input1
[37382.754302] input: ASUSTeK ROG AZOTH EXTREME Consumer Control as /devices/pci0000:00/0000:00:02.1/0000:05:00.0/0000:06:08.0/0000:08:00.0/0000:09:0c.0/0000:10:00.0/usb1/1-2/1-2:1.2/0003:0B05:1B3F.0017/input/input29
[37382.804489] input: ASUSTeK ROG AZOTH EXTREME System Control as /devices/pci0000:00/0000:00:02.1/0000:05:00.0/0000:06:08.0/0000:08:00.0/0000:09:0c.0/0000:10:00.0/usb1/1-2/1-2:1.2/0003:0B05:1B3F.0017/input/input30
[37382.804522] input: ASUSTeK ROG AZOTH EXTREME as /devices/pci0000:00/0000:00:02.1/0000:05:00.0/0000:06:08.0/0000:08:00.0/0000:09:0c.0/0000:10:00.0/usb1/1-2/1-2:1.2/0003:0B05:1B3F.0017/input/input31
[37382.804545] input: ASUSTeK ROG AZOTH EXTREME Mouse as /devices/pci0000:00/0000:00:02.1/0000:05:00.0/0000:06:08.0/0000:08:00.0/0000:09:0c.0/0000:10:00.0/usb1/1-2/1-2:1.2/0003:0B05:1B3F.0017/input/input32
[37382.804611] hid-generic 0003:0B05:1B3F.0017: input,hiddev1,hidraw2: USB HID v1.11 Mouse [ASUSTeK ROG AZOTH EXTREME] on usb-0000:10:00.0-2/input2
[37382.811307] input: ASUSTeK ROG AZOTH EXTREME as /devices/pci0000:00/0000:00:02.1/0000:05:00.0/0000:06:08.0/0000:08:00.0/0000:09:0c.0/0000:10:00.0/usb1/1-2/1-2:1.3/0003:0B05:1B3F.0018/input/input33
[37382.861507] hid-generic 0003:0B05:1B3F.0018: input,hidraw3: USB HID v1.11 Keyboard [ASUSTeK ROG AZOTH EXTREME] on usb-0000:10:00.0-2/input3
[37382.873371] hid-generic 0003:0B05:1B3F.0019: hiddev2,hidraw4: USB HID v1.11 Device [ASUSTeK ROG AZOTH EXTREME] on usb-0000:10:00.0-2/input4
[37383.146053] [UFW BLOCK] IN=enp14s0 OUT= MAC= SRC=192.168.50.205 DST=239.255.255.250 LEN=635 TOS=0x00 PREC=0x00 TTL=1 ID=59346 DF PROTO=UDP SPT=47218 DPT=3702 LEN=615 
[37383.146116] [UFW BLOCK] IN=enp14s0 OUT= MAC= SRC=fe80:0000:0000:0000:befc:e7ff:feca:d0ff DST=ff02:0000:0000:0000:0000:0000:0000:000c LEN=655 TC=0 HOPLIMIT=1 FLOWLBL=445756 PROTO=UDP SPT=57068 DPT=3702 LEN=615 
[37383.146133] [UFW BLOCK] IN=docker0 OUT= MAC= SRC=172.17.0.1 DST=239.255.255.250 LEN=635 TOS=0x00 PREC=0x00 TTL=1 ID=30660 DF PROTO=UDP SPT=53585 DPT=3702 LEN=615 
[37383.168518] [UFW BLOCK] IN=enp14s0 OUT= MAC=01:00:5e:00:00:01:0a:c5:99:39:0d:bc:08:00 SRC=0.0.0.0 DST=224.0.0.1 LEN=32 TOS=0x00 PREC=0xC0 TTL=1 ID=0 DF PROTO=2 
[37383.286479] [UFW BLOCK] IN=enp14s0 OUT= MAC=01:00:5e:00:00:01:0a:c5:99:39:0d:bc:08:00 SRC=0.0.0.0 DST=224.0.0.1 LEN=32 TOS=0x00 PREC=0xC0 TTL=1 ID=0 DF PROTO=2 
[37385.313027] [UFW BLOCK] IN=enp14s0 OUT= MAC=01:00:5e:00:00:01:0a:c5:99:39:0d:bc:08:00 SRC=0.0.0.0 DST=224.0.0.1 LEN=32 TOS=0x00 PREC=0xC0 TTL=1 ID=0 DF PROTO=2 
[37512.921203] [UFW BLOCK] IN=enp14s0 OUT= MAC=01:00:5e:00:00:01:0a:c5:99:39:0d:bc:08:00 SRC=0.0.0.0 DST=224.0.0.1 LEN=32 TOS=0x00 PREC=0xC0 TTL=1 ID=0 DF PROTO=2 
[37640.921348] [UFW BLOCK] IN=enp14s0 OUT= MAC=01:00:5e:00:00:01:0a:c5:99:39:0d:bc:08:00 SRC=0.0.0.0 DST=224.0.0.1 LEN=32 TOS=0x00 PREC=0xC0 TTL=1 ID=0 DF PROTO=2 
[37648.283772] usb 1-2: USB disconnect, device number 8
[37648.647874] [UFW BLOCK] IN=enp14s0 OUT= MAC= SRC=192.168.50.205 DST=239.255.255.250 LEN=635 TOS=0x00 PREC=0x00 TTL=1 ID=47887 DF PROTO=UDP SPT=36845 DPT=3702 LEN=615 
[37648.647949] [UFW BLOCK] IN=enp14s0 OUT= MAC= SRC=fe80:0000:0000:0000:befc:e7ff:feca:d0ff DST=ff02:0000:0000:0000:0000:0000:0000:000c LEN=655 TC=0 HOPLIMIT=1 FLOWLBL=54280 PROTO=UDP SPT=34987 DPT=3702 LEN=615 
[37648.647966] [UFW BLOCK] IN=docker0 OUT= MAC= SRC=172.17.0.1 DST=239.255.255.250 LEN=635 TOS=0x00 PREC=0x00 TTL=1 ID=14566 DF PROTO=UDP SPT=50734 DPT=3702 LEN=615 
[37648.669269] [UFW BLOCK] IN=enp14s0 OUT= MAC=01:00:5e:00:00:01:0a:c5:99:39:0d:bc:08:00 SRC=0.0.0.0 DST=224.0.0.1 LEN=32 TOS=0x00 PREC=0xC0 TTL=1 ID=0 DF PROTO=2 
[37649.484292] [UFW BLOCK] IN=enp14s0 OUT= MAC=01:00:5e:00:00:01:0a:c5:99:39:0d:bc:08:00 SRC=0.0.0.0 DST=224.0.0.1 LEN=32 TOS=0x00 PREC=0xC0 TTL=1 ID=0 DF PROTO=2 
[37651.559060] [UFW BLOCK] IN=enp14s0 OUT= MAC=01:00:5e:00:00:01:0a:c5:99:39:0d:bc:08:00 SRC=0.0.0.0 DST=224.0.0.1 LEN=32 TOS=0x00 PREC=0xC0 TTL=1 ID=0 DF PROTO=2 
[37779.164138] [UFW BLOCK] IN=enp14s0 OUT= MAC=01:00:5e:00:00:01:0a:c5:99:39:0d:bc:08:00 SRC=0.0.0.0 DST=224.0.0.1 LEN=32 TOS=0x00 PREC=0xC0 TTL=1 ID=0 DF PROTO=2 
[37907.165456] [UFW BLOCK] IN=enp14s0 OUT= MAC=01:00:5e:00:00:01:0a:c5:99:39:0d:bc:08:00 SRC=0.0.0.0 DST=224.0.0.1 LEN=32 TOS=0x00 PREC=0xC0 TTL=1 ID=0 DF PROTO=2 
[38035.169672] [UFW BLOCK] IN=enp14s0 OUT= MAC=01:00:5e:00:00:01:0a:c5:99:39:0d:bc:08:00 SRC=0.0.0.0 DST=224.0.0.1 LEN=32 TOS=0x00 PREC=0xC0 TTL=1 ID=0 DF PROTO=2 
[38163.170886] [UFW BLOCK] IN=enp14s0 OUT= MAC=01:00:5e:00:00:01:0a:c5:99:39:0d:bc:08:00 SRC=0.0.0.0 DST=224.0.0.1 LEN=32 TOS=0x00 PREC=0xC0 TTL=1 ID=0 DF PROTO=2 
[38291.173265] [UFW BLOCK] IN=enp14s0 OUT= MAC=01:00:5e:00:00:01:0a:c5:99:39:0d:bc:08:00 SRC=0.0.0.0 DST=224.0.0.1 LEN=32 TOS=0x00 PREC=0xC0 TTL=1 ID=0 DF PROTO=2 
[38419.176718] [UFW BLOCK] IN=enp14s0 OUT= MAC=01:00:5e:00:00:01:0a:c5:99:39:0d:bc:08:00 SRC=0.0.0.0 DST=224.0.0.1 LEN=32 TOS=0x00 PREC=0xC0 TTL=1 ID=0 DF PROTO=2 
[38547.179769] [UFW BLOCK] IN=enp14s0 OUT= MAC=01:00:5e:00:00:01:0a:c5:99:39:0d:bc:08:00 SRC=0.0.0.0 DST=224.0.0.1 LEN=32 TOS=0x00 PREC=0xC0 TTL=1 ID=0 DF PROTO=2 
[38675.183321] [UFW BLOCK] IN=enp14s0 OUT= MAC=01:00:5e:00:00:01:0a:c5:99:39:0d:bc:08:00 SRC=0.0.0.0 DST=224.0.0.1 LEN=32 TOS=0x00 PREC=0xC0 TTL=1 ID=0 DF PROTO=2 
[38803.187667] [UFW BLOCK] IN=enp14s0 OUT= MAC=01:00:5e:00:00:01:0a:c5:99:39:0d:bc:08:00 SRC=0.0.0.0 DST=224.0.0.1 LEN=32 TOS=0x00 PREC=0xC0 TTL=1 ID=0 DF PROTO=2 
[38931.187755] [UFW BLOCK] IN=enp14s0 OUT= MAC=01:00:5e:00:00:01:0a:c5:99:39:0d:bc:08:00 SRC=0.0.0.0 DST=224.0.0.1 LEN=32 TOS=0x00 PREC=0xC0 TTL=1 ID=0 DF PROTO=2 
[39059.190821] [UFW BLOCK] IN=enp14s0 OUT= MAC=01:00:5e:00:00:01:0a:c5:99:39:0d:bc:08:00 SRC=0.0.0.0 DST=224.0.0.1 LEN=32 TOS=0x00 PREC=0xC0 TTL=1 ID=0 DF PROTO=2 
[39187.203155] [UFW BLOCK] IN=enp14s0 OUT= MAC=01:00:5e:00:00:01:0a:c5:99:39:0d:bc:08:00 SRC=0.0.0.0 DST=224.0.0.1 LEN=32 TOS=0x00 PREC=0xC0 TTL=1 ID=0 DF PROTO=2 
[39315.197539] [UFW BLOCK] IN=enp14s0 OUT= MAC=01:00:5e:00:00:01:0a:c5:99:39:0d:bc:08:00 SRC=0.0.0.0 DST=224.0.0.1 LEN=32 TOS=0x00 PREC=0xC0 TTL=1 ID=0 DF PROTO=2 
[39443.199585] [UFW BLOCK] IN=enp14s0 OUT= MAC=01:00:5e:00:00:01:0a:c5:99:39:0d:bc:08:00 SRC=0.0.0.0 DST=224.0.0.1 LEN=32 TOS=0x00 PREC=0xC0 TTL=1 ID=0 DF PROTO=2 
[39571.201566] [UFW BLOCK] IN=enp14s0 OUT= MAC=01:00:5e:00:00:01:0a:c5:99:39:0d:bc:08:00 SRC=0.0.0.0 DST=224.0.0.1 LEN=32 TOS=0x00 PREC=0xC0 TTL=1 ID=0 DF PROTO=2 
[39699.204646] [UFW BLOCK] IN=enp14s0 OUT= MAC=01:00:5e:00:00:01:0a:c5:99:39:0d:bc:08:00 SRC=0.0.0.0 DST=224.0.0.1 LEN=32 TOS=0x00 PREC=0xC0 TTL=1 ID=0 DF PROTO=2 
[39754.877648] usb 1-2: new full-speed USB device number 9 using xhci_hcd
[39755.245344] usb 1-2: New USB device found, idVendor=0b05, idProduct=1b3f, bcdDevice= 4.12
[39755.245350] usb 1-2: New USB device strings: Mfr=1, Product=2, SerialNumber=3
[39755.245351] usb 1-2: Product: ROG AZOTH EXTREME
[39755.245351] usb 1-2: Manufacturer: ASUSTeK
[39755.245352] usb 1-2: SerialNumber: T4MPGDD00TJJ
[39755.295493] input: ASUSTeK ROG AZOTH EXTREME as /devices/pci0000:00/0000:00:02.1/0000:05:00.0/0000:06:08.0/0000:08:00.0/0000:09:0c.0/0000:10:00.0/usb1/1-2/1-2:1.0/0003:0B05:1B3F.001A/input/input34
[39755.385713] hid-generic 0003:0B05:1B3F.001A: input,hidraw0: USB HID v1.11 Keyboard [ASUSTeK ROG AZOTH EXTREME] on usb-0000:10:00.0-2/input0
[39755.392472] hid-generic 0003:0B05:1B3F.001B: hiddev0,hidraw1: USB HID v1.11 Device [ASUSTeK ROG AZOTH EXTREME] on usb-0000:10:00.0-2/input1
[39755.402429] input: ASUSTeK ROG AZOTH EXTREME Consumer Control as /devices/pci0000:00/0000:00:02.1/0000:05:00.0/0000:06:08.0/0000:08:00.0/0000:09:0c.0/0000:10:00.0/usb1/1-2/1-2:1.2/0003:0B05:1B3F.001C/input/input35
[39755.453760] input: ASUSTeK ROG AZOTH EXTREME System Control as /devices/pci0000:00/0000:00:02.1/0000:05:00.0/0000:06:08.0/0000:08:00.0/0000:09:0c.0/0000:10:00.0/usb1/1-2/1-2:1.2/0003:0B05:1B3F.001C/input/input36
[39755.453796] input: ASUSTeK ROG AZOTH EXTREME as /devices/pci0000:00/0000:00:02.1/0000:05:00.0/0000:06:08.0/0000:08:00.0/0000:09:0c.0/0000:10:00.0/usb1/1-2/1-2:1.2/0003:0B05:1B3F.001C/input/input37
[39755.453823] input: ASUSTeK ROG AZOTH EXTREME Mouse as /devices/pci0000:00/0000:00:02.1/0000:05:00.0/0000:06:08.0/0000:08:00.0/0000:09:0c.0/0000:10:00.0/usb1/1-2/1-2:1.2/0003:0B05:1B3F.001C/input/input38
[39755.453893] hid-generic 0003:0B05:1B3F.001C: input,hiddev1,hidraw2: USB HID v1.11 Mouse [ASUSTeK ROG AZOTH EXTREME] on usb-0000:10:00.0-2/input2
[39755.460452] input: ASUSTeK ROG AZOTH EXTREME as /devices/pci0000:00/0000:00:02.1/0000:05:00.0/0000:06:08.0/0000:08:00.0/0000:09:0c.0/0000:10:00.0/usb1/1-2/1-2:1.3/0003:0B05:1B3F.001D/input/input39
[39755.510794] hid-generic 0003:0B05:1B3F.001D: input,hidraw3: USB HID v1.11 Keyboard [ASUSTeK ROG AZOTH EXTREME] on usb-0000:10:00.0-2/input3
[39755.522522] hid-generic 0003:0B05:1B3F.001E: hiddev2,hidraw4: USB HID v1.11 Device [ASUSTeK ROG AZOTH EXTREME] on usb-0000:10:00.0-2/input4
[39755.785193] [UFW BLOCK] IN=enp14s0 OUT= MAC= SRC=192.168.50.205 DST=239.255.255.250 LEN=635 TOS=0x00 PREC=0x00 TTL=1 ID=34136 DF PROTO=UDP SPT=40254 DPT=3702 LEN=615 
[39755.785259] [UFW BLOCK] IN=enp14s0 OUT= MAC= SRC=fe80:0000:0000:0000:befc:e7ff:feca:d0ff DST=ff02:0000:0000:0000:0000:0000:0000:000c LEN=655 TC=0 HOPLIMIT=1 FLOWLBL=93375 PROTO=UDP SPT=50312 DPT=3702 LEN=615 
[39755.785277] [UFW BLOCK] IN=docker0 OUT= MAC= SRC=172.17.0.1 DST=239.255.255.250 LEN=635 TOS=0x00 PREC=0x00 TTL=1 ID=56785 DF PROTO=UDP SPT=44106 DPT=3702 LEN=615 
[39755.802822] [UFW BLOCK] IN=enp14s0 OUT= MAC=01:00:5e:00:00:01:0a:c5:99:39:0d:bc:08:00 SRC=0.0.0.0 DST=224.0.0.1 LEN=32 TOS=0x00 PREC=0xC0 TTL=1 ID=0 DF PROTO=2 
[39756.531670] [UFW BLOCK] IN=enp14s0 OUT= MAC=01:00:5e:00:00:01:0a:c5:99:39:0d:bc:08:00 SRC=0.0.0.0 DST=224.0.0.1 LEN=32 TOS=0x00 PREC=0xC0 TTL=1 ID=0 DF PROTO=2 
[39758.567023] [UFW BLOCK] IN=enp14s0 OUT= MAC=01:00:5e:00:00:01:0a:c5:99:39:0d:bc:08:00 SRC=0.0.0.0 DST=224.0.0.1 LEN=32 TOS=0x00 PREC=0xC0 TTL=1 ID=0 DF PROTO=2 
[39798.821321] usb 1-2: USB disconnect, device number 9
[39799.183147] [UFW BLOCK] IN=enp14s0 OUT= MAC= SRC=192.168.50.205 DST=239.255.255.250 LEN=635 TOS=0x00 PREC=0x00 TTL=1 ID=65397 DF PROTO=UDP SPT=52911 DPT=3702 LEN=615 
[39799.183207] [UFW BLOCK] IN=enp14s0 OUT= MAC= SRC=fe80:0000:0000:0000:befc:e7ff:feca:d0ff DST=ff02:0000:0000:0000:0000:0000:0000:000c LEN=655 TC=0 HOPLIMIT=1 FLOWLBL=107877 PROTO=UDP SPT=50961 DPT=3702 LEN=615 
[39799.183226] [UFW BLOCK] IN=docker0 OUT= MAC= SRC=172.17.0.1 DST=239.255.255.250 LEN=635 TOS=0x00 PREC=0x00 TTL=1 ID=11032 DF PROTO=UDP SPT=38192 DPT=3702 LEN=615 
[39888.648761] [UFW BLOCK] IN=enp14s0 OUT= MAC=01:00:5e:00:00:01:0a:c5:99:39:0d:bc:08:00 SRC=0.0.0.0 DST=224.0.0.1 LEN=32 TOS=0x00 PREC=0xC0 TTL=1 ID=0 DF PROTO=2 
[40016.651577] [UFW BLOCK] IN=enp14s0 OUT= MAC=01:00:5e:00:00:01:0a:c5:99:39:0d:bc:08:00 SRC=0.0.0.0 DST=224.0.0.1 LEN=32 TOS=0x00 PREC=0xC0 TTL=1 ID=0 DF PROTO=2 
